ST_CASE,VEH_NO,PER_NO,YEAR,P1,P2,P3,P4,P5,P6,P7,P8,P9,P10
10001,1,1,1990,15,15,15,15,15,15,15,15,15,15
10002,1,1,1990,19,19,19,19,19,19,19,19,19,19
10003,1,1,1990,0,0,0,0,0,0,0,0,0,0
10003,2,1,1990,0,0,0,0,0,0,0,0,0,0
10004,1,1,1990,11,11,11,11,11,11,11,11,11,11
10004,2,1,1990,6,0,0,0,25,0,0,0,0,0
10005,1,1,1990,24,24,24,24,24,24,24,24,24,24
10005,2,1,1990,0,0,0,0,0,0,0,0,0,0
10005,3,1,1990,0,0,0,0,0,0,0,0,0,0
10006,1,1,1990,0,0,0,0,0,0,0,0,0,0
10006,2,1,1990,0,0,0,0,0,0,0,0,0,0
10007,0,1,1990,0,0,0,0,0,0,0,0,0,0
10007,1,1,1990,0,0,0,0,0,0,0,0,0,0
10008,1,1,1990,7,7,7,7,7,7,7,7,7,7
10009,0,1,1990,10,33,18,48,20,15,34,16,25,44
10009,1,1,1990,0,0,0,0,0,6,0,0,0,0
10010,1,1,1990,0,0,0,0,0,0,0,0,0,0
10011,1,1,1990,16,16,16,16,16,16,16,16,16,16
10012,1,1,1990,0,0,0,0,0,0,0,0,0,0
10012,2,1,1990,11,0,0,0,0,0,0,13,0,0
10013,1,1,1990,0,0,0,0,0,0,17,0,0,0
10014,1,1,1990,7,7,7,7,7,7,7,7,7,7
10015,1,1,1990,10,19,22,0,12,14,16,22,16,26
10016,1,1,1990,5,5,5,5,5,5,5,5,5,5
10017,1,1,1990,0,0,0,0,0,8,16,0,0,0
10017,2,1,1990,0,0,0,0,0,0,0,0,0,0
10018,1,1,1990,28,28,28,28,28,28,28,28,28,28
10019,1,1,1990,0,0,0,0,0,0,0,0,0,0
10020,1,1,1990,0,0,0,17,0,11,0,0,0,7
10021,1,1,1990,0,0,0,0,0,8,18,0,0,0
10021,2,1,1990,0,0,0,0,0,0,0,0,0,0
10022,1,1,1990,0,0,0,0,0,0,0,0,0,0
10022,2,1,1990,0,0,0,0,0,0,0,0,0,0
10023,1,1,1990,0,0,10,0,0,0,0,0,0,20
10023,2,1,1990,0,0,0,0,0,0,0,0,0,0
10023,3,1,1990,0,0,0,0,0,0,0,0,0,0
10023,4,1,1990,0,0,0,0,0,0,0,0,0,0
10024,1,1,1990,0,0,0,0,0,0,0,0,0,0
10024,2,1,1990,0,0,0,0,0,0,0,0,0,0
10025,1,1,1990,0,0,0,0,0,0,0,0,0,0
10025,2,1,1990,0,0,0,0,0,0,0,0,0,0
10026,1,1,1990,29,31,39,14,28,28,24,9,29,41
10027,1,1,1990,0,0,34,0,17,0,18,0,0,0
10028,1,1,1990,20,20,20,20,20,20,20,20,20,20
10029,0,1,1990,19,0,25,0,10,0,0,0,25,0
10029,1,1,1990,0,0,0,0,0,0,0,0,0,0
10030,0,1,1990,0,30,24,0,0,0,0,0,0,0
10030,1,1,1990,0,5,0,0,0,0,12,0,15,0
10031,1,1,1990,0,12,0,0,18,0,0,1,11,10
10032,0,1,1990,8,8,8,8,8,8,8,8,8,8
10032,1,1,1990,22,22,22,22,22,22,22,22,22,22
10033,0,1,1990,0,0,0,0,0,0,0,0,19,0
10033,0,2,1990,0,26,0,0,0,0,17,0,0,0
10033,0,3,1990,0,0,21,0,0,0,0,0,0,0
10033,0,4,1990,0,0,0,0,0,0,26,11,0,0
10033,1,1,1990,0,0,0,0,0,0,0,0,0,0
10034,1,1,1990,18,18,18,18,18,18,18,18,18,18
10035,1,1,1990,0,0,0,0,0,0,0,0,0,0
10035,2,1,1990,0,0,0,20,0,0,0,0,0,0
10036,1,1,1990,0,0,0,0,0,0,0,0,0,0
10036,2,1,1990,0,11,0,0,0,0,0,0,16,0
10037,1,1,1990,0,0,11,0,0,0,0,0,0,0
10038,0,1,1990,0,0,0,0,0,0,11,8,0,5
10038,1,1,1990,0,0,0,0,0,0,0,0,0,0
10039,1,1,1990,11,17,0,0,0,0,24,0,0,13
10040,1,1,1990,0,0,0,0,0,0,0,0,0,0
10040,2,1,1990,0,0,0,0,0,0,0,0,0,0
10041,1,1,1990,0,9,15,13,13,18,32,12,5,33
10042,1,1,1990,0,0,0,0,0,0,0,0,0,0
10042,2,1,1990,0,0,0,0,0,0,0,0,0,0
10043,1,1,1990,17,17,17,17,17,17,17,17,17,17
10044,1,1,1990,0,0,0,0,0,0,0,0,0,0
10045,1,1,1990,11,0,31,0,0,15,25,15,10,0
10045,2,1,1990,0,0,0,0,0,0,0,0,0,0
10046,1,1,1990,6,16,16,13,19,22,23,11,11,10
10047,1,1,1990,0,19,12,0,15,0,0,0,0,5
10047,2,1,1990,0,0,0,0,0,0,0,0,0,0
10048,1,1,1990,10,10,10,10,10,10,10,10,10,10
10048,2,1,1990,18,18,18,18,18,18,18,18,18,18
10049,0,1,1990,0,0,0,0,0,0,0,0,0,0
10049,1,1,1990,0,0,0,0,0,0,0,0,0,0
10050,1,1,1990,0,0,0,0,0,0,0,0,0,0
10050,2,1,1990,0,0,0,0,0,0,0,8,0,0
10051,1,1,1990,0,0,0,0,0,0,0,0,0,0
10051,2,1,1990,0,0,29,0,0,0,0,0,0,0
10052,1,1,1990,22,27,13,22,15,15,13,21,15,23
10053,1,1,1990,0,0,0,0,0,0,0,0,0,0
10053,2,1,1990,0,0,11,0,0,17,0,0,0,0
10054,1,1,1990,0,12,11,23,0,15,22,8,0,26
10054,2,1,1990,0,0,0,0,0,0,0,0,0,12
10055,1,1,1990,9,9,9,9,9,9,9,9,9,9
10056,1,1,1990,0,0,0,0,0,0,0,0,0,0
10056,2,1,1990,7,7,7,7,7,7,7,7,7,7
10057,1,1,1990,0,5,46,33,16,22,23,29,24,23
10058,1,1,1990,19,19,19,19,19,19,19,19,19,19
10059,1,1,1990,0,0,0,0,0,0,0,0,0,0
10060,1,1,1990,14,18,17,21,13,13,13,14,13,37
10061,1,1,1990,14,14,14,14,14,14,14,14,14,14
10062,1,1,1990,32,15,0,30,29,0,0,0,0,0
10063,1,1,1990,17,17,17,17,17,17,17,17,17,17
10063,2,1,1990,0,0,0,22,0,6,0,0,0,0
10064,0,1,1990,0,0,0,0,0,0,0,0,0,0
10064,1,1,1990,0,0,0,0,0,0,0,0,0,0
10065,1,1,1990,11,11,11,11,11,11,11,11,11,11
10066,1,1,1990,0,0,0,0,0,0,0,0,0,0
10066,2,1,1990,0,0,0,0,0,0,0,0,0,0
10066,3,1,1990,0,0,0,0,0,0,0,0,0,0
10067,1,1,1990,14,14,14,14,14,14,14,14,14,14
10067,2,1,1990,0,0,0,0,0,0,0,0,0,0
10067,3,1,1990,0,0,0,0,0,14,13,0,0,0
10068,0,1,1990,0,0,0,0,0,0,0,0,0,0
10068,1,1,1990,0,13,0,0,0,0,0,0,0,12
10069,0,1,1990,1,1,1,1,1,1,1,1,1,1
10070,1,1,1990,0,0,0,0,0,0,0,0,0,0
10070,2,1,1990,0,0,0,0,0,0,0,0,0,0
10071,1,1,1990,12,12,12,12,12,12,12,12,12,12
10072,1,1,1990,14,10,12,0,12,0,0,0,0,0
10073,1,1,1990,0,0,0,0,0,0,0,0,0,0
10074,1,1,1990,30,20,17,6,30,22,23,4,20,32
10075,1,1,1990,9,10,12,24,9,22,8,18,14,6
10076,1,1,1990,0,0,30,9,23,0,0,0,0,0
10077,1,1,1990,18,0,0,0,0,0,0,0,0,0
10077,2,1,1990,0,0,0,0,0,0,0,0,0,0
10078,1,1,1990,0,0,0,0,0,0,0,0,0,0
10078,2,1,1990,0,10,0,0,0,0,0,0,0,0
10078,3,1,1990,0,0,0,0,0,0,0,0,0,0
10079,1,1,1990,23,9,17,24,14,12,11,36,25,36
10080,1,1,1990,13,13,13,13,13,13,13,13,13,13
10081,1,1,1990,14,20,30,17,10,9,38,10,16,15
10081,2,1,1990,7,0,0,0,0,0,0,0,0,0
10082,1,1,1990,16,23,15,25,23,12,22,11,19,24
10083,1,1,1990,31,31,31,31,31,31,31,31,31,31
10084,1,1,1990,0,0,0,0,0,0,0,0,0,0
10085,1,1,1990,31,19,46,21,30,16,12,16,37,18
10086,0,1,1990,0,0,0,0,0,0,0,36,0,0
10086,1,1,1990,0,0,0,0,0,0,0,0,0,0
10087,1,1,1990,0,0,0,0,0,0,0,0,0,0
10087,2,1,1990,0,0,0,0,0,0,0,0,0,0
10088,1,1,1990,1,1,1,1,1,1,1,1,1,1
10088,2,1,1990,0,0,0,0,0,0,0,0,0,0
10089,1,1,1990,0,0,0,0,0,0,0,0,0,0
10090,1,1,1990,13,13,14,31,22,33,16,25,20,13
10091,0,1,1990,0,0,0,15,0,0,0,0,0,0
10091,1,1,1990,29,29,29,29,29,29,29,29,29,29
10092,1,1,1990,0,0,0,0,0,0,0,0,0,0
10092,2,1,1990,0,3,0,0,0,0,0,0,0,0
10093,1,1,1990,24,24,24,24,24,24,24,24,24,24
10094,1,1,1990,11,11,11,11,11,11,11,11,11,11
10095,1,1,1990,31,31,31,31,31,31,31,31,31,31
10096,1,1,1990,0,0,0,0,0,0,0,0,0,0
10096,2,1,1990,0,0,0,0,0,0,0,0,0,0
10097,1,1,1990,0,0,0,0,0,0,0,0,0,0
10097,2,1,1990,0,0,0,0,0,0,0,0,0,0
10098,1,1,1990,0,0,0,0,0,0,0,0,0,0
10099,1,1,1990,11,0,0,0,0,0,0,0,0,0
10099,2,1,1990,0,15,20,0,0,0,0,0,0,0
10100,1,1,1990,23,0,11,9,24,5,5,8,6,26
10101,1,1,1990,0,0,0,0,0,0,0,0,0,0
10101,2,1,1990,0,0,0,0,0,0,0,0,0,0
10101,3,1,1990,0,0,0,0,0,0,0,0,0,0
10102,1,1,1990,0,0,0,0,0,0,0,0,0,7
10102,2,1,1990,21,21,21,21,21,21,21,21,21,21
10103,1,1,1990,13,13,13,13,13,13,13,13,13,13
10103,2,1,1990,0,0,0,0,0,0,0,0,0,0
10104,0,1,1990,0,0,0,0,0,0,0,0,0,0
10104,1,1,1990,5,5,5,5,5,5,5,5,5,5
10105,1,1,1990,0,0,0,0,0,0,0,0,0,0
10106,1,1,1990,0,0,0,0,0,0,0,0,0,0
10106,2,1,1990,0,0,0,0,0,0,0,0,0,0
10107,1,1,1990,23,14,7,19,34,9,12,19,7,4
10108,1,1,1990,0,0,0,0,0,0,0,0,0,0
10108,2,1,1990,0,0,0,0,0,17,0,11,15,0
10109,0,1,1990,0,0,0,0,0,0,0,0,0,0
10109,1,1,1990,16,12,8,6,4,9,7,11,0,14
10110,1,1,1990,8,0,0,0,0,10,0,18,0,9
10111,1,1,1990,17,17,17,17,17,17,17,17,17,17
10112,1,1,1990,0,11,0,0,0,8,0,0,0,0
10112,2,1,1990,0,0,0,0,0,0,0,0,0,0
10113,1,1,1990,0,0,0,22,0,0,0,0,4,0
10113,2,1,1990,0,0,0,0,0,0,0,0,0,0
10114,1,1,1990,27,27,27,27,27,27,27,27,27,27
10114,2,1,1990,0,0,0,0,0,0,0,0,0,0
10115,1,1,1990,11,11,11,11,11,11,11,11,11,11
10116,1,1,1990,0,0,8,0,0,0,0,0,0,0
10117,1,1,1990,21,21,21,21,21,21,21,21,21,21
10118,1,1,1990,0,0,0,0,0,0,0,0,0,0
10118,2,1,1990,0,0,0,0,0,0,0,0,0,0
10118,3,1,1990,0,0,25,0,0,0,0,0,0,0
10119,1,1,1990,15,0,0,0,0,0,0,0,0,0
10119,2,1,1990,0,0,0,0,0,0,0,0,0,0
10120,1,1,1990,0,0,0,0,0,0,0,0,10,0
10120,2,1,1990,0,0,0,0,0,0,0,0,0,0
10120,3,1,1990,0,0,0,0,0,0,0,0,0,14
10121,1,1,1990,0,9,0,16,0,0,0,0,0,0
10122,1,1,1990,2,2,2,2,2,2,2,2,2,2
10123,0,1,1990,0,0,0,0,0,0,0,0,0,0
10123,1,1,1990,0,0,0,8,0,0,0,0,0,0
10124,1,1,1990,0,0,0,0,0,0,0,0,0,0
10124,2,1,1990,0,0,0,20,0,0,0,0,0,0
10125,1,1,1990,0,0,0,0,0,0,0,0,0,0
10125,2,1,1990,0,0,0,0,0,0,0,0,0,0
10126,1,1,1990,0,0,0,0,0,0,0,0,8,0
10127,0,1,1990,25,37,38,26,32,29,19,21,30,37
10127,1,1,1990,0,0,0,0,0,0,0,0,0,0
10128,0,1,1990,0,0,0,0,0,0,0,0,0,0
10128,1,1,1990,11,15,18,14,4,0,0,0,18,10
10129,1,1,1990,0,0,11,0,0,0,0,0,0,0
10129,2,1,1990,0,5,0,0,0,0,0,0,0,0
10130,0,1,1990,32,32,32,32,32,32,32,32,32,32
10130,1,1,1990,0,0,0,0,0,0,0,0,0,0
10131,1,1,1990,34,8,0,27,13,21,18,18,10,16
10131,2,1,1990,0,0,0,0,23,26,11,0,0,0
10132,1,1,1990,28,26,19,13,34,20,31,9,1,21
10133,1,1,1990,21,21,21,21,21,21,21,21,21,21
10133,2,1,1990,0,0,0,0,0,0,0,0,0,0
10134,0,1,1990,34,34,34,34,34,34,34,34,34,34
10134,1,1,1990,0,0,0,0,0,0,0,11,0,0
10135,1,1,1990,21,21,21,21,21,21,21,21,21,21
10135,2,1,1990,0,0,0,0,0,0,3,0,0,0
10135,3,1,1990,0,0,0,0,0,0,0,16,0,0
10136,1,1,1990,0,0,0,0,0,0,0,0,0,0
10136,2,1,1990,0,0,0,0,0,0,0,0,0,0
10137,1,1,1990,28,28,28,28,28,28,28,28,28,28
10137,2,1,1990,0,0,0,0,0,0,0,0,0,0
10138,1,1,1990,0,0,0,0,0,0,0,0,0,0
10138,2,1,1990,0,0,0,0,0,0,0,0,0,0
10139,1,1,1990,0,0,0,0,0,0,0,0,0,10
10139,2,1,1990,0,0,0,0,0,0,0,0,0,0
10139,3,1,1990,0,0,0,0,0,0,0,0,0,0
10139,4,1,1990,0,0,0,0,0,0,0,0,0,0
10140,1,1,1990,0,0,0,0,0,0,0,0,0,0
10141,1,1,1990,30,18,20,30,30,15,10,22,22,25
10142,1,1,1990,30,0,0,7,23,0,0,0,22,0
10143,1,1,1990,19,19,19,19,19,19,19,19,19,19
10144,1,1,1990,13,33,0,12,15,28,36,8,20,17
10145,1,1,1990,0,0,0,0,0,0,0,0,0,0
10146,1,1,1990,21,0,27,20,0,0,12,20,25,10
10147,0,1,1990,0,0,0,0,0,0,0,0,0,0
10147,1,1,1990,0,0,0,0,0,0,0,0,0,0
10148,1,1,1990,0,0,0,0,0,0,0,0,0,0
10148,2,1,1990,0,0,0,0,0,0,0,0,0,0
10149,1,1,1990,28,28,28,28,28,28,28,28,28,28
10150,1,1,1990,0,0,0,0,0,0,0,0,0,0
10150,2,1,1990,0,0,0,0,0,0,0,0,0,0
10151,1,1,1990,0,0,0,0,0,0,0,0,0,0
10151,2,1,1990,0,0,0,0,0,0,0,0,0,0
10152,1,1,1990,20,20,20,20,20,20,20,20,20,20
10152,2,1,1990,0,0,0,0,0,0,0,0,0,0
10153,1,1,1990,0,0,0,0,0,0,0,0,0,0
10153,2,1,1990,0,0,0,0,0,0,0,0,0,0
10154,1,1,1990,20,20,20,20,20,20,20,20,20,20
10154,2,1,1990,0,0,0,0,29,0,0,0,0,14
10155,1,1,1990,20,20,20,20,20,20,20,20,20,20
10156,1,1,1990,9,9,9,9,9,9,9,9,9,9
10157,1,1,1990,0,0,0,0,0,0,0,0,0,0
10157,2,1,1990,8,13,0,0,0,0,0,0,0,0
10157,3,1,1990,0,0,0,0,0,0,0,0,0,0
10157,4,1,1990,0,0,0,0,0,0,17,0,0,0
10158,1,1,1990,0,0,0,0,0,0,0,0,0,0
10158,2,1,1990,0,0,0,0,16,0,0,0,0,0
10159,1,1,1990,19,19,19,19,19,19,19,19,19,19
10159,2,1,1990,22,28,13,18,13,19,8,22,10,9
10160,1,1,1990,24,24,24,24,24,24,24,24,24,24
10160,2,1,1990,0,0,0,0,0,0,0,0,0,0
10161,1,1,1990,10,7,20,21,20,12,9,19,4,19
10162,1,1,1990,30,14,0,5,11,14,0,0,0,5
10163,1,1,1990,18,8,0,15,8,31,0,0,18,8
10163,2,1,1990,0,0,0,18,0,0,0,0,0,0
10163,3,1,1990,0,0,0,0,0,0,0,0,0,0
10163,4,1,1990,0,0,0,0,0,0,0,0,0,0
10164,1,1,1990,0,0,11,0,16,9,0,0,0,0
10165,1,1,1990,14,18,11,13,21,0,0,18,17,23
10165,2,1,1990,16,16,16,16,16,16,16,16,16,16
10166,0,1,1990,0,0,0,0,0,0,0,0,0,0
10166,1,1,1990,0,0,0,0,0,0,0,0,0,0
10167,1,1,1990,0,0,0,0,0,0,0,0,0,0
10168,1,1,1990,0,0,0,0,0,0,0,0,0,0
10168,2,1,1990,0,0,0,0,0,0,0,0,0,0
10169,1,1,1990,0,0,0,0,0,0,0,0,0,0
10169,2,1,1990,0,0,0,0,0,0,0,0,0,0
10170,1,1,1990,19,19,19,19,19,19,19,19,19,19
10171,1,1,1990,13,13,13,13,13,13,13,13,13,13
10172,0,1,1990,17,17,17,17,17,17,17,17,17,17
10172,1,1,1990,14,14,14,14,14,14,14,14,14,14
10173,1,1,1990,8,0,0,0,0,0,0,0,0,0
10173,2,1,1990,14,14,14,14,14,14,14,14,14,14
10173,3,1,1990,0,0,0,0,0,0,0,0,0,0
10174,1,1,1990,0,0,0,0,0,0,0,0,0,0
10175,1,1,1990,0,0,0,0,0,0,0,0,0,0
10175,2,1,1990,0,0,0,0,0,0,0,0,0,0
10175,3,1,1990,0,0,0,0,0,0,0,0,0,0
10176,1,1,1990,33,33,33,33,33,33,33,33,33,33
10177,1,1,1990,0,0,0,0,0,0,0,0,0,0
10177,2,1,1990,0,0,0,0,0,0,0,0,0,0
10178,1,1,1990,0,0,0,0,0,0,0,0,0,0
10178,2,1,1990,0,0,0,0,0,0,0,0,0,0
10179,1,1,1990,0,0,0,0,0,0,0,0,0,0
10179,2,1,1990,32,0,0,21,17,0,0,0,0,0
10180,1,1,1990,0,0,24,18,15,0,0,30,0,0
10181,1,1,1990,0,0,0,0,0,0,0,0,0,0
10181,2,1,1990,0,0,0,0,0,0,0,0,0,0
10182,0,1,1990,16,10,24,17,25,16,27,29,13,16
10182,1,1,1990,0,0,0,0,0,0,0,0,0,0
10183,1,1,1990,0,0,0,0,0,0,0,0,18,0
10184,1,1,1990,0,0,0,0,0,0,0,0,0,0
10184,2,1,1990,0,0,0,0,0,0,0,0,0,0
10185,1,1,1990,0,12,0,0,12,0,0,5,16,0
10185,2,1,1990,0,0,0,0,0,11,0,0,0,0
10185,3,1,1990,9,0,0,0,0,0,18,0,0,0
10185,4,1,1990,0,0,0,0,0,0,0,0,0,0
10186,0,1,1990,0,0,0,22,0,0,34,0,10,0
10186,1,1,1990,8,0,0,0,0,0,0,0,0,0
10187,1,1,1990,0,0,0,0,0,0,0,0,0,0
10187,2,1,1990,0,0,0,0,0,0,0,0,0,0
10188,1,1,1990,0,0,0,0,0,0,10,0,0,0
10188,2,1,1990,30,25,14,4,7,0,16,14,22,0
10189,1,1,1990,0,0,0,0,0,0,0,0,0,0
10189,2,1,1990,0,0,0,0,0,0,2,0,0,0
10189,3,1,1990,0,0,0,0,0,0,0,0,0,0
10190,1,1,1990,0,31,0,24,20,31,26,0,11,0
10191,0,1,1990,7,0,25,15,12,29,22,3,0,0
10191,1,1,1990,0,0,0,0,0,0,0,0,0,0
10192,1,1,1990,0,0,0,0,0,0,0,0,0,0
10192,2,1,1990,0,0,0,0,0,0,0,0,0,0
10193,1,1,1990,43,43,43,43,43,43,43,43,43,43
10194,1,1,1990,0,0,0,0,0,0,0,0,0,0
10195,1,1,1990,0,0,0,0,0,0,0,0,0,0
10195,2,1,1990,0,0,0,0,0,0,0,0,0,0
10196,1,1,1990,0,0,0,0,0,0,0,0,0,0
10196,2,1,1990,0,0,0,18,0,0,0,0,0,0
10197,0,1,1990,25,28,20,31,14,27,14,0,25,0
10197,1,1,1990,0,12,31,16,16,0,28,0,0,16
10198,1,1,1990,0,0,0,0,0,0,0,0,0,0
10198,2,1,1990,0,0,0,0,0,0,0,0,0,0
10198,3,1,1990,0,0,0,0,0,0,0,0,0,0
10199,1,1,1990,0,0,0,0,0,0,0,0,0,0
10199,2,1,1990,0,0,0,0,0,0,0,0,0,0
10199,3,1,1990,0,0,0,0,0,0,0,0,0,0
10200,1,1,1990,0,11,0,0,0,0,0,0,0,0
10201,0,1,1990,0,0,0,0,0,0,0,0,0,0
10201,1,1,1990,9,0,21,16,0,7,0,0,6,0
10202,0,1,1990,19,0,0,0,0,0,0,0,0,0
10202,1,1,1990,18,0,0,0,0,0,0,0,0,0
10204,1,1,1990,0,0,0,13,0,0,0,0,0,0
10204,2,1,1990,0,16,11,0,0,0,0,0,0,0
10205,1,1,1990,7,7,7,7,7,7,7,7,7,7
10205,2,1,1990,0,0,0,0,0,0,0,0,0,0
10205,3,1,1990,0,0,0,0,0,0,0,0,0,0
10206,1,1,1990,0,0,0,0,0,0,0,0,0,0
10206,2,1,1990,0,0,0,0,0,0,0,0,0,0
10206,3,1,1990,0,0,0,0,0,5,0,0,0,0
10207,1,1,1990,9,9,9,9,9,9,9,9,9,9
10208,1,1,1990,0,0,0,0,0,0,0,0,0,0
10208,2,1,1990,0,0,0,0,0,0,0,0,0,0
10209,1,1,1990,0,25,0,14,0,0,18,20,24,19
10209,2,1,1990,0,12,12,0,22,5,19,0,10,12
10210,1,1,1990,0,0,0,0,0,0,0,0,0,0
10210,2,1,1990,0,0,0,0,0,0,0,0,0,0
10211,0,1,1990,17,17,17,17,17,17,17,17,17,17
10211,1,1,1990,9,0,0,0,0,0,0,0,0,0
10212,1,1,1990,0,0,0,18,0,0,0,0,0,0
10212,2,1,1990,0,0,0,0,0,0,0,0,0,0
10213,0,1,1990,0,0,0,3,0,14,0,12,0,0
10213,1,1,1990,0,0,0,0,0,0,0,0,0,0
10214,1,1,1990,0,0,0,0,0,0,0,0,0,0
10214,2,1,1990,0,0,0,0,14,0,0,14,0,0
10214,3,1,1990,0,0,0,0,0,0,0,0,0,0
10215,1,1,1990,6,11,9,10,8,12,25,17,24,11
10215,2,1,1990,0,0,0,0,0,0,0,0,0,0
10216,0,1,1990,0,0,0,0,0,0,0,0,0,0
10216,1,1,1990,0,0,0,0,0,0,0,0,0,0
10217,1,1,1990,16,16,16,16,16,16,16,16,16,16
10218,0,1,1990,0,0,0,0,0,0,0,0,0,0
10218,1,1,1990,0,0,0,0,0,0,0,0,0,0
10219,1,1,1990,18,13,23,22,5,1,18,19,19,0
10219,2,1,1990,0,0,0,17,0,0,0,0,0,0
10220,1,1,1990,12,12,12,12,12,12,12,12,12,12
10221,1,1,1990,7,7,7,7,7,7,7,7,7,7
10222,1,1,1990,22,22,22,22,22,22,22,22,22,22
10223,1,1,1990,0,0,0,0,0,0,42,26,0,0
10223,2,1,1990,0,0,0,0,0,0,0,0,0,0
10224,1,1,1990,0,0,0,0,0,0,0,0,0,0
10224,2,1,1990,0,0,0,0,0,0,0,0,0,0
10225,1,1,1990,15,15,15,15,15,15,15,15,15,15
10226,1,1,1990,0,6,0,0,0,0,21,13,0,13
10227,1,1,1990,21,32,28,24,21,12,20,19,15,25
10227,2,1,1990,0,0,0,0,0,0,0,0,0,0
10227,3,1,1990,0,24,0,0,0,11,20,8,0,0
10228,1,1,1990,0,0,0,0,0,0,0,0,0,0
10228,2,1,1990,0,0,0,0,0,0,0,0,0,0
10229,1,1,1990,0,0,0,8,0,0,0,0,0,0
10229,2,1,1990,4,4,4,4,4,4,4,4,4,4
10229,3,1,1990,0,0,0,0,0,0,0,0,0,0
10230,1,1,1990,18,18,18,18,18,18,18,18,18,18
10230,2,1,1990,0,0,0,0,0,0,0,0,0,0
10231,1,1,1990,0,0,0,0,0,0,0,0,0,0
10231,2,1,1990,0,0,0,0,0,0,0,0,0,0
10232,1,1,1990,0,0,16,0,0,13,0,0,0,6
10232,2,1,1990,8,0,0,7,0,0,20,0,0,20
10233,0,1,1990,0,0,12,0,0,0,0,0,0,0
10233,1,1,1990,0,0,0,0,0,0,0,0,0,0
10234,1,1,1990,0,0,0,0,0,0,0,0,0,0
10234,2,1,1990,0,0,0,0,0,0,0,0,0,0
10235,1,1,1990,7,24,12,0,0,26,14,14,9,27
10235,2,1,1990,0,0,0,0,0,0,0,0,0,0
10235,3,1,1990,0,0,0,0,0,0,0,0,0,0
10236,1,1,1990,14,14,14,14,14,14,14,14,14,14
10237,1,1,1990,8,8,8,8,8,8,8,8,8,8
10237,2,1,1990,0,0,0,0,0,0,0,0,11,0
10237,3,1,1990,0,0,0,0,0,0,0,0,0,0
10238,1,1,1990,0,0,0,0,0,0,0,0,0,0
10238,2,1,1990,0,0,0,0,0,0,0,0,0,0
10239,1,1,1990,13,0,18,12,20,0,11,0,19,0
10239,2,1,1990,0,0,0,0,0,0,0,0,10,0
10240,0,1,1990,0,0,22,0,25,0,0,34,9,0
10240,1,1,1990,0,0,0,0,0,0,0,0,0,0
10241,1,1,1990,16,16,16,16,16,16,16,16,16,16
10242,1,1,1990,0,0,0,14,0,0,0,0,0,0
10242,2,1,1990,0,0,0,0,0,0,0,0,0,0
10243,1,1,1990,14,0,0,0,0,0,12,0,0,19
10244,1,1,1990,0,0,0,0,0,0,0,0,0,0
10245,0,1,1990,0,0,0,0,0,0,0,0,0,0
10245,1,1,1990,0,0,0,0,0,0,0,9,0,0
10246,1,1,1990,0,0,0,0,0,0,0,0,0,0
10246,2,1,1990,0,0,18,0,0,0,0,13,0,0
10246,3,1,1990,0,0,0,0,0,0,0,0,0,0
10246,4,1,1990,0,0,0,0,0,0,0,0,0,0
10247,1,1,1990,0,0,0,0,0,14,0,0,17,0
10247,2,1,1990,0,0,0,0,0,0,0,0,0,24
10248,1,1,1990,14,14,14,14,14,14,14,14,14,14
10248,2,1,1990,0,0,0,0,0,0,0,0,0,0
10249,1,1,1990,0,0,0,0,0,0,0,0,25,0
10250,1,1,1990,13,13,13,13,13,13,13,13,13,13
10251,1,1,1990,0,0,0,0,0,0,13,0,0,0
10251,2,1,1990,0,0,0,0,0,0,0,0,0,0
10252,1,1,1990,28,0,26,32,27,0,4,26,17,0
10253,1,1,1990,22,22,22,22,22,22,22,22,22,22
10254,1,1,1990,0,0,0,0,0,0,0,0,0,0
10254,2,1,1990,0,0,0,0,0,0,0,0,0,0
10255,1,1,1990,0,55,0,4,3,9,11,25,2,14
10256,1,1,1990,0,9,14,12,18,25,24,10,0,0
10256,2,1,1990,0,0,0,0,0,0,0,0,0,35
10256,3,1,1990,0,5,0,0,0,0,0,17,9,0
10257,0,1,1990,0,34,0,0,0,0,0,0,33,0
10257,1,1,1990,0,0,0,0,0,0,0,0,0,0
10258,1,1,1990,0,0,0,0,0,0,0,0,0,0
10258,2,1,1990,24,24,24,24,24,24,24,24,24,24
10259,1,1,1990,19,19,19,19,19,19,19,19,19,19
10260,1,1,1990,0,0,0,0,0,0,0,0,0,0
10260,2,1,1990,0,0,0,0,0,0,0,0,0,0
10261,1,1,1990,0,0,0,0,0,0,0,0,0,0
10261,2,1,1990,0,0,0,20,0,0,0,0,37,0
10261,3,1,1990,20,20,20,20,20,20,20,20,20,20
10262,1,1,1990,24,24,24,24,24,24,24,24,24,24
10263,1,1,1990,16,16,16,16,16,16,16,16,16,16
10264,1,1,1990,17,17,17,17,17,17,17,17,17,17
10265,1,1,1990,0,0,0,0,0,0,0,0,0,0
10266,1,1,1990,20,20,20,20,20,20,20,20,20,20
10267,1,1,1990,4,8,10,21,17,24,3,16,18,12
10268,1,1,1990,16,29,8,17,17,9,13,18,0,0
10269,1,1,1990,0,0,0,0,0,0,0,0,0,0
10269,2,1,1990,0,0,0,0,0,0,0,0,0,0
10270,1,1,1990,0,0,0,0,0,0,0,0,0,0
10270,2,1,1990,0,0,0,13,0,0,0,0,0,0
10271,1,1,1990,0,0,0,0,0,0,0,21,0,0
10272,1,1,1990,0,0,27,0,0,0,8,0,41,0
10273,1,1,1990,22,22,22,22,22,22,22,22,22,22
10274,1,1,1990,0,0,0,0,0,0,0,0,0,0
10274,2,1,1990,0,0,0,0,0,0,0,0,0,0
10275,1,1,1990,18,18,18,18,18,18,18,18,18,18
10275,2,1,1990,0,18,0,0,0,0,0,0,0,0
10276,1,1,1990,0,0,0,0,0,0,0,0,0,0