ST_CASE,VEH_NO,PER_NO,YEAR,P1,P2,P3,P4,P5,P6,P7,P8,P9,P10
10579,1,1,1990,15,10,24,18,10,0,9,10,0,17
10580,1,1,1990,16,16,16,16,16,16,16,16,16,16
10581,1,1,1990,8,0,0,17,0,0,21,0,0,0
10581,2,1,1990,0,0,0,0,0,0,0,0,0,0
10582,1,1,1990,0,0,0,0,0,0,0,0,0,0
10582,2,1,1990,0,0,0,0,0,0,0,0,0,0
10582,3,1,1990,0,0,0,0,0,0,0,0,0,0
10583,1,1,1990,0,0,0,0,0,0,0,0,0,0
10583,2,1,1990,0,0,0,0,0,0,0,0,0,0
10584,1,1,1990,14,14,14,14,14,14,14,14,14,14
10584,2,1,1990,0,0,0,6,0,0,0,0,0,0
10585,1,1,1990,29,24,33,9,36,27,26,12,37,0
10586,1,1,1990,22,11,35,20,13,19,0,3,7,22
10586,2,1,1990,25,0,0,0,16,0,0,22,0,13
10587,1,1,1990,0,0,0,0,0,0,0,0,0,0
10587,2,1,1990,0,0,0,0,0,0,0,0,0,0
10588,1,1,1990,33,33,33,33,33,33,33,33,33,33
10589,1,1,1990,0,0,0,0,0,0,0,0,0,0
10589,2,1,1990,0,0,12,27,0,0,0,0,14,0
10590,1,1,1990,0,0,0,0,0,0,0,0,0,0
10590,2,1,1990,0,0,0,0,0,0,0,0,0,0
10591,1,1,1990,0,7,17,9,11,0,13,0,0,0
10592,1,1,1990,31,25,18,30,19,22,17,19,16,7
10593,1,1,1990,32,32,32,32,32,32,32,32,32,32
10594,1,1,1990,18,22,17,26,0,20,0,19,19,0
10595,0,1,1990,0,0,0,0,0,0,0,0,0,0
10595,0,2,1990,18,21,0,0,0,0,0,0,0,0
10595,1,1,1990,0,0,0,0,0,0,0,0,0,0
10596,1,1,1990,31,27,2,22,14,18,31,17,17,6
10597,1,1,1990,18,18,18,18,18,18,18,18,18,18
10598,1,1,1990,11,0,0,0,0,21,0,0,14,0
10598,2,1,1990,0,0,0,0,0,2,0,0,0,0
10599,1,1,1990,0,0,0,0,0,0,0,0,0,0
10599,2,1,1990,0,0,0,0,0,0,0,0,0,0
10600,1,1,1990,0,0,0,0,0,0,0,0,0,0
10600,2,1,1990,0,0,0,0,0,0,0,0,0,0
10600,3,1,1990,0,17,0,0,0,11,0,0,0,0
10601,1,1,1990,18,12,12,18,21,16,11,17,18,12
10602,1,1,1990,12,13,10,23,24,7,21,14,10,16
10604,1,1,1990,10,17,25,20,24,31,13,20,15,0
10605,1,1,1990,0,0,0,0,0,35,0,0,0,0
10605,2,1,1990,0,0,0,0,0,0,0,0,0,0
10605,3,1,1990,0,0,0,0,0,0,0,0,0,0
10606,0,1,1990,0,0,0,0,0,0,0,0,0,0
10606,1,1,1990,11,11,11,11,11,11,11,11,11,11
10607,1,1,1990,0,0,0,0,0,0,0,0,0,0
10607,2,1,1990,21,21,21,21,21,21,21,21,21,21
10608,1,1,1990,0,0,0,0,0,0,0,0,0,0
10608,2,1,1990,14,14,14,14,14,14,14,14,14,14
10609,1,1,1990,7,7,7,7,7,7,7,7,7,7
10610,1,1,1990,0,0,0,0,0,0,0,0,0,0
10610,2,1,1990,0,0,0,0,0,0,0,0,0,0
10611,1,1,1990,13,12,12,28,27,21,19,19,22,10
10612,1,1,1990,9,26,21,7,7,11,31,22,13,0
10613,1,1,1990,0,0,0,0,0,0,0,0,0,0
10614,0,1,1990,22,0,0,12,14,22,9,28,19,0
10614,1,1,1990,7,7,7,7,7,7,7,7,7,7
10615,1,1,1990,24,17,0,11,11,0,23,26,0,0
10616,1,1,1990,13,11,12,20,4,4,0,27,14,20
10617,1,1,1990,15,15,15,15,15,15,15,15,15,15
10618,1,1,1990,0,0,0,0,0,0,0,0,0,0
10619,1,1,1990,0,10,0,24,0,21,0,14,12,19
10619,2,1,1990,0,0,0,0,0,15,0,0,0,0
10620,1,1,1990,0,0,21,0,0,0,0,0,0,0
10620,2,1,1990,13,0,15,0,0,0,0,15,0,0
10621,1,1,1990,0,0,6,14,29,16,15,34,17,0
10621,2,1,1990,0,0,0,0,0,0,0,0,0,0
10622,1,1,1990,15,13,22,40,0,26,0,15,24,25
10623,1,1,1990,34,34,34,34,34,34,34,34,34,34
10624,1,1,1990,9,15,8,2,0,0,0,0,7,15
10625,1,1,1990,0,0,0,0,0,0,0,0,0,0
10625,2,1,1990,0,0,0,0,0,0,0,0,0,18
10626,1,1,1990,6,0,0,0,0,0,0,0,0,0
10626,2,1,1990,0,0,0,0,0,0,0,0,0,0
10627,1,1,1990,25,25,25,25,25,25,25,25,25,25
10628,0,1,1990,32,32,32,32,32,32,32,32,32,32
10628,1,1,1990,0,0,0,0,0,0,0,0,0,0
10629,1,1,1990,0,0,0,0,0,0,0,0,0,0
10629,2,1,1990,17,17,17,17,17,17,17,17,17,17
10630,1,1,1990,0,0,0,0,17,0,0,0,0,0
10630,2,1,1990,0,0,0,0,0,0,0,0,0,0
10631,1,1,1990,13,13,16,16,15,20,18,25,12,24
10632,0,1,1990,0,0,0,0,0,0,0,0,0,0
10632,1,1,1990,0,0,0,0,0,0,0,0,0,0
10633,1,1,1990,2,0,0,0,0,0,0,0,16,0
10634,1,1,1990,16,22,14,11,32,17,6,24,27,14
10635,1,1,1990,0,0,0,0,0,0,0,0,0,0
10635,2,1,1990,0,0,0,0,0,0,0,0,0,0
10636,0,1,1990,0,0,10,0,0,0,0,0,0,0
10636,1,1,1990,0,0,0,0,0,0,0,0,0,0
10637,1,1,1990,0,0,0,0,0,0,0,0,0,0
10637,2,1,1990,0,0,0,0,0,0,0,0,0,0
10637,3,1,1990,0,0,0,0,0,0,0,0,0,0
10638,1,1,1990,24,19,13,31,36,16,26,15,21,26
10639,1,1,1990,21,0,0,0,27,0,5,0,0,0
10640,1,1,1990,0,0,0,0,0,0,0,0,0,0
10640,2,1,1990,0,0,0,0,0,0,0,0,0,0
10641,1,1,1990,0,0,0,0,0,0,0,0,0,0
10641,2,1,1990,0,0,0,0,0,0,0,0,0,0
10642,1,1,1990,0,0,0,0,0,0,0,0,0,10
10643,1,1,1990,0,0,0,0,0,0,0,0,0,0
10644,1,1,1990,17,17,17,17,17,17,17,17,17,17
10644,2,1,1990,20,28,12,18,17,28,18,11,14,19
10645,1,1,1990,0,0,0,0,0,0,0,0,0,0
10645,2,1,1990,5,5,5,5,5,5,5,5,5,5
10646,1,1,1990,35,27,12,20,24,26,22,18,22,17
10647,1,1,1990,0,0,0,0,0,0,0,0,7,24
10647,2,1,1990,0,0,0,0,0,0,0,0,0,0
10648,1,1,1990,0,0,14,17,21,7,21,0,5,17
10649,1,1,1990,0,12,0,34,0,0,0,0,17,0
10650,1,1,1990,16,16,16,16,16,16,16,16,16,16
10651,1,1,1990,0,0,0,9,0,0,0,0,0,0
10652,1,1,1990,21,21,21,21,21,21,21,21,21,21
10653,1,1,1990,0,0,0,0,0,0,0,0,0,0
10653,2,1,1990,0,0,0,0,0,0,0,0,0,0
10654,1,1,1990,23,26,13,36,25,24,28,20,0,14
10655,1,1,1990,16,17,0,15,0,7,23,15,25,20
10656,1,1,1990,0,11,0,0,0,0,0,0,0,0
10657,1,1,1990,24,11,40,27,25,11,14,12,14,34
10658,1,1,1990,0,0,0,0,0,0,0,0,0,0
10659,1,1,1990,0,0,0,0,0,0,0,0,0,0
10659,2,1,1990,5,0,0,0,0,0,0,0,0,0
10660,1,1,1990,0,0,0,0,0,0,0,7,0,0
10660,2,1,1990,0,0,7,0,0,0,0,0,0,0
10661,1,1,1990,17,21,0,15,18,16,0,0,13,15
10661,2,1,1990,29,0,0,0,0,0,0,0,0,0
10662,1,1,1990,0,0,0,0,5,0,0,0,9,7
10663,1,1,1990,16,16,16,16,16,16,16,16,16,16
10664,1,1,1990,0,0,0,0,0,0,0,0,0,0
10665,1,1,1990,0,0,0,0,0,0,0,0,0,14
10666,1,1,1990,19,22,0,0,0,14,0,0,2,23
10667,1,1,1990,15,19,16,31,26,23,10,11,15,13
10667,2,1,1990,0,0,0,0,0,0,0,0,0,0
10668,1,1,1990,0,11,0,15,0,14,0,26,14,5
10669,1,1,1990,0,0,0,0,0,0,0,0,0,0
10669,2,1,1990,0,0,0,0,0,0,0,0,0,0
10670,1,1,1990,0,0,0,0,22,0,0,12,16,0
10671,1,1,1990,0,0,0,0,23,0,0,0,0,17
10671,2,1,1990,0,0,0,0,0,0,0,0,0,0
10672,1,1,1990,3,3,3,3,3,3,3,3,3,3
10672,2,1,1990,0,0,17,0,0,0,0,0,0,0
10673,1,1,1990,0,0,0,0,0,0,23,0,0,0
10673,2,1,1990,0,0,0,0,0,0,0,0,0,0
10674,1,1,1990,0,0,13,0,0,0,0,0,0,0
10675,1,1,1990,0,0,0,0,0,0,0,0,0,0
10675,2,1,1990,0,0,0,0,0,0,0,0,0,0
10676,1,1,1990,0,0,0,0,0,0,0,0,0,0
10676,2,1,1990,0,0,0,0,6,0,0,0,12,0
10677,1,1,1990,0,0,0,0,0,0,0,0,0,0
10678,1,1,1990,12,0,24,11,11,7,14,15,20,14
10678,2,1,1990,0,0,0,0,0,0,0,0,0,0
10679,1,1,1990,23,29,14,18,28,20,23,21,0,14
10680,1,1,1990,0,0,0,0,18,0,20,28,11,0
10681,0,1,1990,0,0,17,0,13,0,0,0,0,0
10681,0,2,1990,0,21,48,17,18,16,13,37,0,18
10681,1,1,1990,0,0,26,14,0,0,10,13,8,5
10682,1,1,1990,22,12,16,15,13,7,0,8,0,22
10682,2,1,1990,0,0,0,0,0,0,0,0,0,0
10683,1,1,1990,14,0,11,10,30,30,29,12,20,13
10684,1,1,1990,0,0,0,0,0,0,0,0,0,0
10684,2,1,1990,0,0,0,0,0,0,0,0,0,0
10684,3,1,1990,0,0,0,0,0,0,6,0,0,0
10685,1,1,1990,0,0,0,0,0,0,0,0,0,0
10685,2,1,1990,12,12,8,6,14,29,18,10,9,19
10686,1,1,1990,0,0,0,0,0,0,0,0,0,0
10686,2,1,1990,0,0,0,0,0,0,0,0,0,0
10687,1,1,1990,14,0,0,0,0,0,0,0,0,20
10688,1,1,1990,0,0,0,0,8,0,0,0,14,0
10688,2,1,1990,0,0,0,0,0,0,0,0,0,0
10690,0,1,1990,36,0,0,24,0,0,0,0,0,0
10690,1,1,1990,0,6,0,0,0,0,13,0,0,3
10691,1,1,1990,0,0,0,16,17,0,0,0,0,0
10692,1,1,1990,0,41,0,0,0,17,0,0,0,0
10693,1,1,1990,0,0,15,0,0,0,0,0,0,0
10693,2,1,1990,0,0,0,0,0,0,0,0,0,0
10694,1,1,1990,17,17,17,17,17,17,17,17,17,17
10695,1,1,1990,0,0,0,0,0,0,0,0,0,13
10696,1,1,1990,11,12,19,6,16,12,10,13,25,16
10697,0,1,1990,25,25,25,25,25,25,25,25,25,25
10697,1,1,1990,0,0,0,0,0,0,0,0,0,0
10698,1,1,1990,0,0,0,0,0,0,0,0,0,0
10698,2,1,1990,21,21,21,21,21,21,21,21,21,21
10699,1,1,1990,21,21,21,21,21,21,21,21,21,21
10699,2,1,1990,0,0,0,0,0,0,0,0,0,0
10700,1,1,1990,0,0,0,0,0,0,22,0,0,0
10700,2,1,1990,0,0,0,0,8,0,0,0,0,0
10701,1,1,1990,14,23,0,21,38,9,23,0,20,22
10702,1,1,1990,0,0,0,0,0,0,0,0,13,0
10703,1,1,1990,0,0,0,0,0,19,0,0,0,0
10704,1,1,1990,28,28,28,28,28,28,28,28,28,28
10705,1,1,1990,6,6,6,6,6,6,6,6,6,6
10705,2,1,1990,8,8,8,8,8,8,8,8,8,8
10706,1,1,1990,22,22,22,22,22,22,22,22,22,22
10707,1,1,1990,4,4,4,4,4,4,4,4,4,4
10708,1,1,1990,0,0,0,0,0,0,0,0,0,9
10708,2,1,1990,0,0,0,0,0,0,0,0,0,0
10709,0,1,1990,25,0,13,0,17,22,0,15,0,0
10709,1,1,1990,12,18,10,24,34,20,6,16,33,14
10709,2,1,1990,0,0,0,0,0,0,21,0,0,0
10710,1,1,1990,21,0,10,0,19,0,18,13,0,0
10711,1,1,1990,0,0,0,0,0,0,0,0,0,0
10712,1,1,1990,0,0,0,0,25,16,34,12,18,19
10713,1,1,1990,0,0,0,0,0,0,0,0,0,0
10714,1,1,1990,0,10,12,19,8,27,15,13,21,6
10715,1,1,1990,0,0,0,0,0,0,0,0,0,0
10715,2,1,1990,14,0,0,0,0,0,0,0,0,0
10716,0,1,1990,26,26,26,26,26,26,26,26,26,26
10716,1,1,1990,0,0,0,0,0,0,0,0,0,0
10717,1,1,1990,0,0,0,9,0,0,0,0,0,0
10718,1,1,1990,18,18,18,18,18,18,18,18,18,18
10718,2,1,1990,0,0,0,0,0,0,0,0,0,0
10719,1,1,1990,4,28,10,0,0,29,7,0,0,16
10720,1,1,1990,43,43,43,43,43,43,43,43,43,43
10721,1,1,1990,0,0,0,0,0,0,0,0,0,0
10721,2,1,1990,0,0,0,0,0,0,0,0,0,0
10722,1,1,1990,0,0,0,0,0,0,0,0,0,0
10723,0,1,1990,0,0,0,0,0,0,0,15,0,0
10723,1,1,1990,0,0,0,0,0,0,0,0,0,0
10724,0,1,1990,0,0,0,0,0,0,0,0,0,0
10724,1,1,1990,0,0,0,0,0,0,0,0,0,0
10725,1,1,1990,15,0,15,0,23,0,0,0,0,19
10726,1,1,1990,0,0,0,0,0,0,15,0,0,0
10726,2,1,1990,5,0,0,0,0,0,0,0,0,0
10727,1,1,1990,32,28,0,11,13,2,17,12,28,10
10728,1,1,1990,13,25,16,25,27,20,36,23,16,24
10729,1,1,1990,22,22,22,22,22,22,22,22,22,22
10730,1,1,1990,0,0,0,0,0,0,0,0,0,0
10730,2,1,1990,0,0,0,0,0,0,0,0,5,0
10731,1,1,1990,0,0,0,0,0,0,0,0,0,0
10731,2,1,1990,0,0,0,0,0,0,0,0,0,0
10732,1,1,1990,18,31,18,0,0,31,16,26,14,0
10733,1,1,1990,0,0,0,0,0,0,0,0,0,0
10733,2,1,1990,0,0,0,0,0,0,0,0,0,0
10734,1,1,1990,0,0,0,0,0,6,21,0,0,16
10734,2,1,1990,11,0,0,3,17,15,13,0,12,12
10735,1,1,1990,0,0,0,0,0,0,0,0,0,0
10735,2,1,1990,0,0,0,0,0,0,0,0,0,0
10736,1,1,1990,0,0,12,0,37,12,0,0,14,0
10737,1,1,1990,0,0,0,0,0,0,0,0,0,0
10738,1,1,1990,0,0,20,0,0,0,17,31,22,0
10738,2,1,1990,0,0,0,0,0,0,0,0,0,0
10739,1,1,1990,11,11,11,11,11,11,11,11,11,11
10739,2,1,1990,0,0,0,0,0,0,0,0,0,0
10740,1,1,1990,0,0,0,0,0,0,0,0,0,0
10741,1,1,1990,0,0,0,0,15,0,10,0,0,0
10742,1,1,1990,11,11,11,11,11,11,11,11,11,11
10743,1,1,1990,24,24,24,24,24,24,24,24,24,24
10743,2,1,1990,0,0,0,2,0,0,17,10,15,0
10744,1,1,1990,25,11,10,6,38,9,17,7,9,15
10744,2,1,1990,2,2,2,2,2,2,2,2,2,2
10745,1,1,1990,8,0,8,0,0,0,0,0,16,0
10746,1,1,1990,0,0,0,0,0,0,0,0,0,0
10746,2,1,1990,0,0,0,0,28,0,0,0,0,0
10747,1,1,1990,34,0,0,15,9,24,24,27,7,31
10748,1,1,1990,0,0,0,0,0,0,0,0,0,0
10748,2,1,1990,0,0,0,0,0,0,0,0,0,0
10749,1,1,1990,0,21,3,12,11,28,9,12,29,0
10750,1,1,1990,31,20,10,12,13,13,23,19,14,8
10751,1,1,1990,0,0,0,13,0,0,18,39,29,0
10752,0,1,1990,0,0,8,0,0,0,24,31,19,13
10752,1,1,1990,22,0,0,0,0,0,0,0,0,0
10753,1,1,1990,0,0,0,0,0,0,0,0,0,0
10754,1,1,1990,0,0,0,0,0,0,0,0,0,0
10755,1,1,1990,0,0,0,0,0,0,0,0,0,0
10755,2,1,1990,0,0,0,0,0,0,0,0,0,0
10756,1,1,1990,0,0,0,0,0,0,0,0,0,0
10756,2,1,1990,0,0,0,10,0,0,0,0,0,0
10757,1,1,1990,11,0,8,21,11,14,15,19,27,7
10757,2,1,1990,0,0,0,0,0,0,0,15,0,0
10758,1,1,1990,0,0,0,0,0,21,0,0,0,0
10759,1,1,1990,0,0,0,0,0,0,0,0,0,0
10760,1,1,1990,0,0,0,0,0,0,0,0,0,0
10760,2,1,1990,0,0,0,0,0,0,5,0,0,0
10761,1,1,1990,0,0,0,0,0,0,0,0,0,0
10761,2,1,1990,6,15,0,11,0,23,23,0,0,13
10762,1,1,1990,0,0,6,0,16,0,0,0,0,0
10762,2,1,1990,0,9,0,0,0,0,0,0,0,0
10763,1,1,1990,0,0,0,0,0,0,0,0,0,0
10763,2,1,1990,0,0,0,0,0,0,0,0,0,0
10764,1,1,1990,24,24,24,24,24,24,24,24,24,24
10765,1,1,1990,0,0,0,0,0,0,0,0,0,0
10765,2,1,1990,0,0,0,0,0,0,0,0,0,0
10766,1,1,1990,7,7,7,7,7,7,7,7,7,7
10767,1,1,1990,0,0,0,0,0,0,0,0,0,0
10767,2,1,1990,0,0,0,0,0,10,0,0,0,0
10767,3,1,1990,0,0,0,0,0,17,0,0,0,0
10768,1,1,1990,0,0,0,0,0,0,0,0,0,0
10768,2,1,1990,0,0,0,0,0,0,0,0,0,0
10769,0,1,1990,0,0,0,0,0,0,0,0,0,0
10769,1,1,1990,0,0,0,0,0,0,0,0,0,0
10770,1,1,1990,0,0,0,0,0,0,0,0,0,8
10770,2,1,1990,0,15,0,19,0,0,8,0,0,21
10771,1,1,1990,0,0,0,0,0,0,0,0,0,0
10771,2,1,1990,0,0,0,0,0,0,0,0,0,0
10772,0,1,1990,0,0,0,36,0,0,0,0,0,22
10772,1,1,1990,0,0,0,0,0,0,0,0,0,0
10773,1,1,1990,0,0,0,0,0,0,0,0,0,0
10773,2,1,1990,0,0,0,0,0,0,0,0,0,0
10774,1,1,1990,0,0,0,0,0,0,0,0,0,22
10775,1,1,1990,15,15,15,15,15,15,15,15,15,15
10775,2,1,1990,0,0,0,0,0,0,0,18,0,0
10775,3,1,1990,9,17,18,13,10,12,9,24,0,10
10776,1,1,1990,0,0,0,0,0,0,0,13,0,0
10777,1,1,1990,46,17,14,25,11,0,15,19,7,15
10778,1,1,1990,0,0,13,0,0,0,0,0,0,0
10778,2,1,1990,0,0,0,0,0,0,0,0,0,0
10779,1,1,1990,0,0,0,0,0,0,0,0,0,0
10780,1,1,1990,0,0,0,0,0,0,0,0,0,0
10780,2,1,1990,15,15,15,15,15,15,15,15,15,15
10780,3,1,1990,7,7,7,7,7,7,7,7,7,7
10781,1,1,1990,0,0,0,0,0,0,0,0,0,0
10781,2,1,1990,17,0,6,24,14,18,3,29,8,12
10782,1,1,1990,0,0,0,0,0,0,0,0,0,0
10783,1,1,1990,0,0,0,0,0,0,0,0,0,0
10783,2,1,1990,0,0,0,0,0,0,0,0,0,0
10784,1,1,1990,0,0,0,0,0,0,0,0,0,0
10784,2,1,1990,14,16,16,0,22,6,11,0,9,8
10785,1,1,1990,0,0,0,0,0,0,0,0,0,0
10785,2,1,1990,0,0,0,0,0,0,0,0,0,0
10786,1,1,1990,0,0,0,0,0,0,0,0,0,0
10787,1,1,1990,0,0,0,0,0,0,0,0,0,0
10787,2,1,1990,0,0,0,0,0,0,0,0,0,0
10787,3,1,1990,0,0,0,0,0,0,0,0,0,0
10788,1,1,1990,0,8,23,14,13,10,31,8,19,21
10789,0,1,1990,0,0,0,0,0,0,0,0,0,0
10789,1,1,1990,0,0,0,0,13,0,0,0,0,0
10790,1,1,1990,29,12,20,23,12,18,15,0,26,23
10790,2,1,1990,0,0,15,0,11,0,8,31,9,0
10791,1,1,1990,0,18,23,0,0,0,0,0,0,0
10791,2,1,1990,19,0,0,0,0,0,0,0,0,0
10792,1,1,1990,0,16,0,0,20,18,0,22,7,18
10793,1,1,1990,12,0,12,0,15,14,13,11,4,0
10794,1,1,1990,17,19,20,27,32,24,18,7,22,18
10795,1,1,1990,22,26,19,0,41,27,23,19,16,22
10796,1,1,1990,15,15,15,15,15,15,15,15,15,15
10797,1,1,1990,0,0,0,0,0,0,0,0,0,0
10797,2,1,1990,0,0,0,0,0,0,0,0,0,0
10798,1,1,1990,12,3,28,34,11,11,21,6,0,22
10799,1,1,1990,0,0,0,0,0,0,0,0,0,0
10799,2,1,1990,0,23,0,0,0,14,17,0,0,10
10800,1,1,1990,11,11,11,11,11,11,11,11,11,11
10800,2,1,1990,6,6,6,6,6,6,6,6,6,6
10801,1,1,1990,0,0,0,0,0,0,0,0,0,0
10801,2,1,1990,0,0,0,0,0,0,0,0,0,0
10802,1,1,1990,6,6,6,6,6,6,6,6,6,6
10803,1,1,1990,8,8,8,8,8,8,8,8,8,8
10804,1,1,1990,0,0,0,0,34,0,0,0,0,0
10804,2,1,1990,0,19,0,0,8,0,0,0,0,0
10805,1,1,1990,36,21,0,20,0,28,18,34,27,0
10806,1,1,1990,0,0,0,0,0,0,0,0,0,0
10806,2,1,1990,0,0,0,0,0,0,0,0,0,0
10807,1,1,1990,0,0,0,0,0,0,0,0,0,14
10808,1,1,1990,0,19,0,8,0,0,0,8,0,0
10809,1,1,1990,39,39,39,39,39,39,39,39,39,39
10810,1,1,1990,0,0,0,0,0,0,0,0,0,0
10810,2,1,1990,0,0,0,0,0,0,0,0,0,0
10811,1,1,1990,21,18,27,11,0,17,9,0,32,0
10812,1,1,1990,0,0,0,0,0,0,0,0,0,0
10812,2,1,1990,0,0,0,0,0,0,0,0,0,0
10813,1,1,1990,17,17,17,17,17,17,17,17,17,17
10814,1,1,1990,0,0,0,0,0,0,0,0,0,0
10815,1,1,1990,0,0,0,0,0,0,0,0,0,0
10816,1,1,1990,0,0,0,0,0,0,0,0,0,0
10817,1,1,1990,0,11,0,0,0,0,0,14,0,0
10818,1,1,1990,0,4,0,0,21,0,0,0,0,0
10818,2,1,1990,0,18,0,0,26,0,27,0,0,0
10819,1,1,1990,0,0,0,0,0,0,0,0,0,15
10819,2,1,1990,0,0,0,0,0,0,0,0,0,0
10819,3,1,1990,0,0,0,0,0,0,0,0,0,0
10820,1,1,1990,0,0,0,0,0,0,12,5,0,0
10821,1,1,1990,29,19,34,21,41,20,28,19,16,30
10822,1,1,1990,5,0,0,0,0,0,0,13,0,0
10822,2,1,1990,0,0,0,0,0,0,0,0,0,0
10822,3,1,1990,0,0,0,0,0,0,0,0,0,0
10823,1,1,1990,14,11,15,16,4,10,13,19,16,4
10824,1,1,1990,19,19,19,19,19,19,19,19,19,19
10825,1,1,1990,0,0,0,0,0,0,0,0,0,0
10825,2,1,1990,0,0,0,0,0,0,0,12,0,0
10826,1,1,1990,5,0,14,10,15,11,0,19,34,14
10827,1,1,1990,0,0,0,0,0,0,0,0,0,0
10827,2,1,1990,0,0,0,0,0,0,0,0,0,0
10828,1,1,1990,12,12,12,12,12,12,12,12,12,12
10829,1,1,1990,0,0,0,0,0,0,22,0,0,0
10829,2,1,1990,0,0,0,0,13,0,0,0,0,0
10830,1,1,1990,0,16,12,15,0,0,5,25,23,0
10831,1,1,1990,0,12,8,17,0,25,7,0,31,9
10831,2,1,1990,0,0,0,0,0,0,0,0,0,0
10832,1,1,1990,29,29,29,29,29,29,29,29,29,29
10833,1,1,1990,16,8,16,19,11,18,24,16,40,0
10834,1,1,1990,0,0,0,0,0,0,0,0,0,0
10834,2,1,1990,10,0,0,0,0,0,0,0,0,0
10835,1,1,1990,0,0,0,0,0,0,0,0,0,0
10835,2,1,1990,0,0,0,0,0,0,0,0,0,0
10836,0,1,1990,21,0,9,16,18,16,0,24,9,19
10836,1,1,1990,12,11,18,0,5,0,8,9,0,0
10837,1,1,1990,0,0,0,0,0,0,10,0,0,0
10838,1,1,1990,24,30,16,11,13,22,21,12,21,30
10838,2,1,1990,0,0,0,10,0,0,0,0,0,0
10839,1,1,1990,18,18,18,18,18,18,18,18,18,18
10840,1,1,1990,0,0,0,0,0,0,0,0,0,0
10840,2,1,1990,0,0,0,0,0,0,0,0,0,0
10841,1,1,1990,0,0,0,0,0,0,8,0,0,0
10841,2,1,1990,0,0,0,0,0,0,0,0,8,5
10842,1,1,1990,0,0,0,0,0,0,0,0,0,0
10842,2,1,1990,0,0,0,0,0,0,0,0,5,0
10843,1,1,1990,16,0,0,0,0,0,0,4,0,0
10843,2,1,1990,0,0,0,0,0,4,0,0,0,0
10844,1,1,1990,0,15,0,0,0,0,0,0,0,0
10845,1,1,1990,0,0,0,0,0,0,0,0,0,0
10845,2,1,1990,0,0,0,0,0,0,0,0,0,0
10846,1,1,1990,16,16,16,16,16,16,16,16,16,16
10846,2,1,1990,0,0,0,0,0,0,0,0,0,0
10846,3,1,1990,0,0,0,0,0,0,0,0,0,0
10847,1,1,1990,0,0,2,0,0,0,0,0,12,0
10847,2,1,1990,24,12,20,0,18,18,13,15,16,16
10848,1,1,1990,0,0,0,6,0,6,0,0,0,3
10849,1,1,1990,13,0,0,0,0,0,0,0,18,0
10849,2,1,1990,0,0,0,0,0,0,0,0,0,0
10850,1,1,1990,0,0,0,0,0,0,0,0,0,0
10850,2,1,1990,0,0,0,0,0,0,0,0,0,0
10851,1,1,1990,0,0,0,0,0,0,0,0,0,0
10852,1,1,1990,0,0,0,0,0,0,0,0,0,0
10852,2,1,1990,0,0,0,0,0,0,0,0,0,0
10853,1,1,1990,0,0,0,0,0,0,0,0,0,0
10854,1,1,1990,0,19,6,0,29,8,25,25,18,8
10855,1,1,1990,8,8,8,8,8,8,8,8,8,8
10855,2,1,1990,0,0,0,0,0,0,0,23,0,12
10856,1,1,1990,0,0,13,0,0,0,0,0,0,0
10856,2,1,1990,0,0,0,0,0,0,0,0,0,0
10857,1,1,1990,0,0,0,0,0,0,0,0,0,0
10857,2,1,1990,0,0,0,0,0,0,0,0,0,0
10858,1,1,1990,0,0,12,0,0,0,0,0,0,0
10859,0,1,1990,0,23,0,24,4,22,36,16,15,14
10859,1,1,1990,16,18,10,5,23,0,0,23,0,0
10860,0,1,1990,12,2,0,0,20,0,0,0,0,0
10860,1,1,1990,0,0,0,0,0,0,0,0,0,0
10861,1,1,1990,0,39,17,18,12,13,23,7,13,40
10861,2,1,1990,0,0,0,0,0,0,0,0,0,0
10861,3,1,1990,0,0,0,0,0,0,11,0,0,0
10862,1,1,1990,13,13,13,13,13,13,13,13,13,13
10862,2,1,1990,0,0,7,0,0,0,0,0,0,0
10863,0,1,1990,0,0,0,13,16,0,0,0,0,21
10863,1,1,1990,0,0,0,0,0,0,0,0,0,0
10864,1,1,1990,0,0,0,0,0,0,0,0,2,0
10864,2,1,1990,0,0,0,0,0,0,0,0,0,0
10865,1,1,1990,0,12,36,0,0,0,0,0,3,0
10866,1,1,1990,31,31,31,31,31,31,31,31,31,31
10867,1,1,1990,0,0,0,0,0,0,0,0,8,0
10867,2,1,1990,0,0,0,0,0,0,0,0,0,0
10867,3,1,1990,0,0,0,0,0,0,0,0,0,0
10867,4,1,1990,0,0,0,0,0,0,0,0,0,0
10868,1,1,1990,0,0,0,0,0,0,0,25,0,0
10869,1,1,1990,0,0,0,0,0,0,0,0,17,0
10869,2,1,1990,0,0,0,0,0,0,0,0,0,0
10870,1,1,1990,14,17,10,28,26,21,23,14,18,16
10871,1,1,1990,0,0,0,0,0,0,0,0,0,0
10872,1,1,1990,0,0,0,0,0,0,0,0,0,0
10873,1,1,1990,22,0,0,19,30,17,17,19,18,19
10873,2,1,1990,12,0,6,0,0,0,13,0,0,0
10873,3,1,1990,0,0,0,0,0,0,0,0,0,0
10874,0,1,1990,0,0,0,0,0,0,0,0,0,0
10874,1,1,1990,13,16,26,28,24,17,32,12,9,25
10875,0,1,1990,0,0,0,0,0,0,0,0,0,0
10875,0,2,1990,0,0,0,0,0,0,0,5,0,0
10875,1,1,1990,17,17,17,17,17,17,17,17,17,17
10876,1,1,1990,0,0,0,0,0,0,0,0,0,0
10876,2,1,1990,0,0,0,0,0,0,0,0,0,0
10877,1,1,1990,17,22,19,21,20,20,26,19,31,14
10877,2,1,1990,27,0,19,12,24,20,18,12,8,6
10878,1,1,1990,24,10,24,19,0,6,0,19,34,17
10878,2,1,1990,0,14,9,0,8,13,9,11,10,10