ST_CASE,VEH_NO,PER_NO,YEAR,P1,P2,P3,P4,P5,P6,P7,P8,P9,P10
10879,1,1,1990,34,34,34,34,34,34,34,34,34,34
10879,2,1,1990,0,0,0,0,0,0,0,0,0,0
10880,1,1,1990,0,5,0,0,0,0,0,0,0,15
10881,1,1,1990,0,0,0,0,0,0,0,0,0,0
10881,2,1,1990,0,0,0,0,0,0,0,0,0,0
10882,1,1,1990,17,29,22,11,10,32,17,19,0,16
10883,1,1,1990,0,0,0,0,0,0,0,0,0,0
10883,2,1,1990,0,0,0,0,0,0,0,0,0,0
10884,1,1,1990,4,0,0,0,0,0,0,0,0,0
10885,1,1,1990,23,20,24,19,25,22,6,17,12,42
10886,0,1,1990,0,0,0,0,15,0,21,0,24,0
10886,1,1,1990,0,0,0,9,0,0,0,12,0,0
10887,1,1,1990,0,27,0,0,0,0,0,0,0,0
10888,1,1,1990,0,10,0,0,0,0,0,0,0,0
10888,2,1,1990,21,0,25,0,0,0,0,2,7,0
10889,1,1,1990,0,0,0,0,0,0,0,0,0,0
10889,2,1,1990,0,0,0,0,0,0,0,0,0,0
10890,1,1,1990,15,18,21,15,12,34,10,13,17,18
10890,2,1,1990,0,0,0,0,0,0,0,0,0,0
10891,1,1,1990,31,31,31,31,31,31,31,31,31,31
10892,1,1,1990,17,15,25,35,0,23,18,13,20,20
10893,1,1,1990,0,0,0,0,0,0,0,0,0,0
10893,2,1,1990,0,0,0,0,0,0,0,0,0,0
10894,1,1,1990,0,16,0,0,0,0,0,0,0,0
10894,2,1,1990,0,0,0,0,0,0,0,0,0,0
10895,0,1,1990,0,0,0,15,0,0,0,0,0,4
10895,0,2,1990,13,0,0,0,0,3,0,0,0,0
10895,1,1,1990,0,0,0,0,0,0,0,0,0,0
10896,1,1,1990,14,6,22,10,5,17,32,27,10,21
10897,1,1,1990,0,0,0,0,0,0,0,0,0,0
10897,2,1,1990,7,0,30,19,0,18,0,40,0,17
10898,1,1,1990,19,19,19,19,19,19,19,19,19,19
10899,1,1,1990,34,31,39,4,7,36,17,21,21,33
10900,1,1,1990,0,0,0,0,0,0,0,0,0,0
10900,2,1,1990,0,0,0,0,0,8,0,0,0,0
10901,1,1,1990,16,16,16,16,16,16,16,16,16,16
10902,1,1,1990,0,7,0,0,0,22,0,0,18,0
10903,1,1,1990,17,25,25,13,39,28,34,30,18,17
10904,1,1,1990,18,0,9,0,15,0,0,19,0,0
10905,1,1,1990,18,18,18,18,18,18,18,18,18,18
10906,1,1,1990,0,0,0,0,0,0,0,0,0,0
10906,2,1,1990,0,0,0,0,0,0,0,0,0,0
10907,1,1,1990,0,0,0,0,0,0,0,0,0,0
10908,1,1,1990,0,0,0,0,0,0,0,0,0,0
10909,1,1,1990,23,0,0,0,0,0,0,0,0,0
10909,2,1,1990,10,10,10,10,10,10,10,10,10,10
10910,1,1,1990,4,4,4,4,4,4,4,4,4,4
10911,0,1,1990,0,0,0,0,0,0,0,0,0,0
10911,1,1,1990,0,0,0,0,0,0,0,0,12,6
10912,1,1,1990,5,5,5,5,5,5,5,5,5,5
10912,2,1,1990,0,0,0,0,0,0,0,0,0,0
10913,1,1,1990,24,17,15,24,30,13,40,25,11,13
10914,1,1,1990,20,21,6,0,27,2,0,0,0,11
10915,1,1,1990,1,1,1,1,1,1,1,1,1,1
10916,1,1,1990,15,0,0,0,0,0,0,0,0,0
10916,2,1,1990,0,0,0,0,0,0,0,0,0,0
10918,0,1,1990,0,0,0,0,14,0,3,0,0,0
10918,1,1,1990,31,31,31,31,31,31,31,31,31,31
10919,1,1,1990,0,14,0,0,0,0,0,0,0,0
10920,1,1,1990,0,0,0,0,0,0,0,0,0,0
10921,1,1,1990,20,24,6,26,15,15,12,21,9,8
10922,1,1,1990,8,0,0,0,0,17,0,0,25,0
10923,1,1,1990,19,19,19,19,19,19,19,19,19,19
10923,2,1,1990,0,0,0,0,0,0,0,0,0,0
10924,1,1,1990,0,0,0,0,0,0,0,0,0,10
10924,2,1,1990,0,0,0,0,0,0,0,0,0,10
10925,1,1,1990,0,0,0,24,0,23,0,16,0,0
10925,2,1,1990,21,21,21,21,21,21,21,21,21,21
10926,0,1,1990,23,43,0,0,38,0,0,22,0,0
10926,1,1,1990,0,0,0,0,0,6,0,0,0,0
10927,1,1,1990,0,0,0,0,11,0,0,0,0,0
10927,2,1,1990,0,0,0,0,0,0,0,0,0,0
10928,1,1,1990,24,18,17,11,15,21,0,26,20,19
10929,1,1,1990,0,18,0,0,0,30,19,8,0,0
10930,1,1,1990,2,0,0,0,0,0,0,0,0,0
10930,2,1,1990,0,0,0,0,3,0,0,0,0,0
10931,1,1,1990,11,11,11,11,11,11,11,11,11,11
10932,1,1,1990,12,26,11,18,13,9,16,14,14,11
10933,0,1,1990,24,41,0,18,5,0,17,25,0,23
10933,1,1,1990,32,0,0,0,0,0,0,0,10,0
10934,1,1,1990,0,0,0,0,0,0,0,0,0,0
10935,1,1,1990,27,27,27,27,27,27,27,27,27,27
10936,1,1,1990,0,0,0,0,0,0,0,0,0,0
10936,2,1,1990,0,0,0,0,0,0,0,0,0,17
10936,3,1,1990,0,0,0,25,0,0,0,0,0,0
10937,0,1,1990,26,26,26,26,26,26,26,26,26,26
10937,1,1,1990,0,0,0,0,0,0,0,0,0,0
10938,1,1,1990,0,0,0,0,0,0,0,0,0,0
10938,2,1,1990,0,0,0,0,0,0,0,0,0,0
10939,1,1,1990,12,35,21,12,8,12,27,0,17,27
10939,2,1,1990,0,0,0,22,0,0,0,22,0,0
10939,3,1,1990,0,0,4,0,0,0,0,0,0,0
10940,1,1,1990,24,19,27,11,18,25,14,0,22,27
10941,1,1,1990,0,0,0,0,19,0,25,12,16,0
10942,1,1,1990,0,22,0,0,0,5,0,0,0,0
10943,1,1,1990,0,0,29,0,0,25,0,13,0,0
10943,2,1,1990,0,0,0,0,0,0,0,0,0,0
10944,1,1,1990,0,0,0,0,0,0,0,0,0,0
10946,1,1,1990,0,0,0,0,0,0,0,0,0,0
10946,2,1,1990,0,0,0,0,0,0,0,0,0,0
10947,1,1,1990,0,0,0,0,0,0,0,0,0,0
10947,2,1,1990,0,0,0,0,0,0,0,0,0,0
10947,3,1,1990,0,12,0,0,0,0,0,0,0,0
10948,0,1,1990,0,0,28,0,0,0,9,0,0,0
10948,1,1,1990,0,0,0,0,0,21,0,0,0,0
10949,1,1,1990,0,0,0,0,0,16,0,0,0,0
10949,2,1,1990,0,0,0,0,0,0,19,0,0,0
10950,1,1,1990,14,14,14,14,14,14,14,14,14,14
10951,1,1,1990,0,0,0,0,0,0,26,0,0,0
10951,2,1,1990,0,0,0,0,0,0,0,0,0,0
10951,3,1,1990,8,0,0,33,0,0,0,0,21,0
10952,1,1,1990,0,0,0,0,0,11,15,30,31,0
10953,1,1,1990,0,0,0,0,0,0,0,0,0,0
10954,0,1,1990,0,0,0,0,0,0,0,0,0,0
10954,1,1,1990,0,0,0,0,0,0,0,0,0,0
10955,1,1,1990,11,0,10,12,0,18,0,22,0,0
10955,2,1,1990,0,0,0,0,0,0,0,0,0,0
10956,1,1,1990,14,17,18,17,6,21,15,14,9,0
10957,1,1,1990,12,12,21,12,16,26,17,21,17,11
10958,1,1,1990,39,0,23,17,14,12,26,14,9,23
10958,2,1,1990,0,0,0,0,0,0,0,0,0,0
10959,0,1,1990,26,23,0,0,17,0,17,15,0,24
10959,1,1,1990,0,0,0,0,0,0,0,0,0,0
10960,1,1,1990,19,0,12,21,0,16,13,20,15,4
10961,1,1,1990,0,0,0,0,0,0,0,0,0,0
10961,2,1,1990,0,0,22,0,0,0,19,0,0,0
10962,1,1,1990,8,24,26,18,6,15,0,24,23,24
10962,2,1,1990,0,0,0,0,0,0,0,0,0,0
10963,1,1,1990,0,0,0,0,0,0,0,0,0,0
10963,2,1,1990,0,0,0,0,0,0,0,0,0,0
10964,1,1,1990,0,0,0,0,0,0,0,0,0,0
10965,0,1,1990,11,0,0,19,0,15,0,16,0,4
10965,1,1,1990,0,0,0,0,0,0,0,7,0,0
10966,0,1,1990,0,0,6,0,0,0,0,0,0,0
10966,1,1,1990,14,14,14,14,14,14,14,14,14,14
10967,1,1,1990,14,0,12,20,0,0,21,0,0,0
10968,0,1,1990,0,0,0,0,0,0,0,0,0,25
10968,1,1,1990,0,0,0,0,0,0,0,0,0,0
10969,1,1,1990,10,14,14,7,16,21,12,19,31,16
10970,1,1,1990,0,0,0,0,5,0,0,0,0,0
10971,0,1,1990,0,0,0,0,0,0,0,0,0,0
10971,1,1,1990,0,0,0,0,0,0,0,0,0,0
10972,1,1,1990,0,0,0,0,0,0,0,0,0,0
10972,2,1,1990,0,0,0,12,0,0,0,0,0,0
10973,1,1,1990,0,0,0,0,0,0,0,0,0,0
10973,2,1,1990,0,0,0,0,0,0,0,0,0,0
10974,1,1,1990,0,0,0,0,0,0,0,0,0,0
10974,2,1,1990,0,0,0,0,0,0,0,0,0,0
10975,0,1,1990,0,0,22,5,29,0,7,0,14,9
10975,1,1,1990,0,0,0,0,0,0,0,0,0,0
10975,2,1,1990,0,0,0,0,0,0,0,0,0,0
10975,3,1,1990,0,0,0,0,0,0,0,0,0,0
10976,1,1,1990,25,5,16,31,0,0,0,20,24,22
10976,2,1,1990,0,0,0,0,0,0,12,0,0,0
10977,1,1,1990,0,0,0,0,0,0,0,0,0,0
10978,0,1,1990,0,0,0,0,0,0,0,0,0,0
10978,1,1,1990,0,0,0,0,0,0,0,0,0,0
10979,0,1,1990,0,14,0,0,0,0,25,0,14,0
10979,1,1,1990,0,0,0,0,0,0,0,0,0,0
10980,0,1,1990,0,0,0,0,0,0,0,0,0,0
10980,1,1,1990,0,0,0,0,0,0,0,0,0,0
10981,0,1,1990,13,0,0,0,15,28,0,0,0,0
10981,1,1,1990,0,0,0,0,0,15,18,0,5,0
10981,2,1,1990,0,0,0,0,0,0,0,0,0,0
10982,1,1,1990,25,8,17,9,0,14,30,38,9,4
10982,2,1,1990,0,17,0,9,13,0,20,13,15,31
10983,1,1,1990,12,17,0,17,0,0,0,0,28,13
10984,1,1,1990,11,25,21,17,17,17,27,13,16,7
10984,2,1,1990,0,0,0,22,4,0,0,0,8,0
10985,1,1,1990,0,0,0,0,0,0,0,0,0,0
10986,1,1,1990,16,0,0,0,0,0,0,0,5,14
10986,2,1,1990,9,0,0,0,0,0,0,0,0,0
10987,0,1,1990,0,0,0,0,28,0,11,0,0,0
10987,1,1,1990,0,0,0,0,0,0,0,0,0,0
10988,0,1,1990,0,0,0,0,0,0,0,0,0,0
10988,1,1,1990,0,0,13,0,0,0,0,0,0,0
10989,1,1,1990,18,18,18,18,18,18,18,18,18,18
10990,1,1,1990,15,0,0,0,0,11,0,0,16,0
10991,1,1,1990,24,0,0,0,0,0,0,0,0,0
10992,1,1,1990,9,7,0,0,21,0,28,20,21,36
10993,1,1,1990,0,0,0,0,0,0,0,0,0,0
20001,1,1,1990,0,0,0,0,0,0,0,0,0,0
20001,2,1,1990,0,0,0,0,0,0,0,0,0,0
20002,1,1,1990,0,0,0,0,0,0,0,0,0,0
20002,2,1,1990,0,0,0,0,0,0,0,0,0,0
20003,1,1,1990,0,0,0,0,0,0,0,0,0,0
20003,2,1,1990,0,0,0,0,0,0,0,0,0,0
20004,0,1,1990,19,19,19,19,19,19,19,19,19,19
20004,1,1,1990,12,12,12,12,12,12,12,12,12,12
20005,1,1,1990,0,0,0,0,0,0,0,0,0,0
20005,2,1,1990,0,0,0,0,0,0,0,0,0,0
20006,1,1,1990,0,0,0,0,0,0,0,0,0,0
20006,2,1,1990,0,0,0,3,0,0,4,0,0,0
20007,1,1,1990,8,8,8,8,8,8,8,8,8,8
20007,2,1,1990,0,0,17,6,0,0,0,0,0,0
20008,1,1,1990,15,15,15,15,15,15,15,15,15,15
20009,1,1,1990,20,20,20,20,20,20,20,20,20,20
20009,2,1,1990,4,4,4,4,4,4,4,4,4,4
20010,1,1,1990,0,0,0,0,0,0,0,0,0,0
20010,2,1,1990,0,0,0,0,0,0,0,0,0,0
20011,1,1,1990,38,38,38,38,38,38,38,38,38,38
20012,1,1,1990,0,0,0,0,0,0,0,0,0,0
20012,2,1,1990,0,0,0,0,0,0,0,0,0,0
20013,1,1,1990,0,0,0,0,0,0,0,0,0,0
20014,1,1,1990,0,0,0,0,0,0,0,0,0,7
20014,2,1,1990,0,0,0,0,0,0,0,0,0,0
20014,3,1,1990,0,0,0,0,0,0,0,0,0,0
20015,1,1,1990,2,2,2,2,2,2,2,2,2,2
20015,2,1,1990,0,0,0,0,0,0,0,0,0,0
20016,1,1,1990,0,0,0,0,0,0,0,0,0,0
20016,2,1,1990,0,0,21,0,0,0,0,0,0,0
20017,1,1,1990,0,0,0,0,0,0,0,0,0,0
20017,2,1,1990,0,0,0,0,0,0,0,0,0,0
20018,1,1,1990,0,0,0,0,0,13,0,0,0,0
20018,2,1,1990,0,0,0,0,0,0,0,0,0,0
20019,1,1,1990,1,1,1,1,1,1,1,1,1,1
20020,1,1,1990,17,17,17,17,17,17,17,17,17,17
20021,1,1,1990,0,0,0,0,0,0,0,0,0,0
20021,2,1,1990,0,0,0,0,0,0,0,0,0,0
20021,3,1,1990,0,0,0,0,0,0,0,0,0,0
20022,0,1,1990,0,0,0,0,0,0,0,0,0,0
20022,1,1,1990,0,0,0,0,0,0,5,0,0,0
20023,1,1,1990,0,0,0,0,0,0,0,0,0,0
20023,2,1,1990,0,0,0,0,0,0,0,0,0,0
20024,1,1,1990,0,17,0,17,0,0,0,11,0,0
20025,1,1,1990,17,17,17,17,17,17,17,17,17,17
20026,1,1,1990,0,0,0,0,0,0,0,0,0,0
20027,1,1,1990,33,33,33,33,33,33,33,33,33,33
20028,1,1,1990,13,13,13,13,13,13,13,13,13,13
20029,1,1,1990,16,24,21,28,17,16,14,10,18,12
20029,2,1,1990,0,0,0,0,0,0,0,0,0,0
20030,1,1,1990,0,0,0,0,0,0,0,0,0,0
20030,2,1,1990,0,0,0,0,0,0,0,0,0,0
20031,1,1,1990,0,0,0,0,0,0,0,0,0,0
20031,2,1,1990,0,0,0,0,0,0,16,0,14,0
20032,1,1,1990,9,9,9,9,9,9,9,9,9,9
20032,2,1,1990,0,0,0,0,0,0,0,0,0,0
20033,1,1,1990,26,26,26,26,26,26,26,26,26,26
20034,1,1,1990,29,29,29,29,29,29,29,29,29,29
20034,2,1,1990,0,0,0,0,0,22,14,0,0,0
20035,1,1,1990,0,0,0,0,0,0,0,0,0,0
20035,2,1,1990,0,0,0,0,0,0,0,0,0,0
20036,1,1,1990,7,7,7,7,7,7,7,7,7,7
20037,1,1,1990,28,28,28,28,28,28,28,28,28,28
20037,2,1,1990,0,0,0,0,0,0,0,0,0,0
20038,0,1,1990,0,0,0,0,0,0,0,0,0,0
20038,1,1,1990,0,0,0,0,0,0,0,0,0,0
20039,1,1,1990,17,17,17,17,17,17,17,17,17,17
20040,1,1,1990,0,0,0,0,0,0,0,0,0,0
20041,1,1,1990,0,0,0,0,0,0,0,0,0,0
20041,2,1,1990,0,0,0,0,0,0,0,0,0,0
20042,1,1,1990,13,13,13,13,13,13,13,13,13,13
20042,2,1,1990,0,12,0,0,11,10,0,0,0,0
20043,1,1,1990,0,0,0,0,0,0,0,0,0,0
20043,2,1,1990,0,0,0,16,0,0,0,0,0,0
20044,1,1,1990,0,0,0,0,0,0,0,0,0,0
20045,1,1,1990,19,19,19,19,19,19,19,19,19,19
20045,2,1,1990,0,0,0,0,0,0,0,0,0,0
20046,1,1,1990,31,31,31,31,31,31,31,31,31,31
20047,1,1,1990,22,22,22,22,22,22,22,22,22,22
20048,1,1,1990,0,0,0,0,0,0,0,0,0,0
20049,1,1,1990,25,25,25,25,25,25,25,25,25,25
20049,2,1,1990,0,0,0,0,0,0,0,0,0,0
20050,1,1,1990,0,0,0,0,0,0,0,0,0,0
20051,1,1,1990,0,24,0,0,0,0,9,0,8,9
20052,1,1,1990,17,17,17,17,17,17,17,17,17,17
20053,1,1,1990,20,20,20,20,20,20,20,20,20,20
20054,1,1,1990,7,0,0,0,0,0,0,0,0,0
20055,1,1,1990,15,15,15,15,15,15,15,15,15,15
20056,1,1,1990,26,26,26,26,26,26,26,26,26,26
20056,2,1,1990,0,0,0,0,0,0,0,0,0,0
20057,1,1,1990,0,0,0,0,0,0,0,0,0,0
20057,2,1,1990,0,0,0,0,0,0,0,0,0,0
20058,1,1,1990,25,26,0,0,0,0,0,14,5,0
20059,1,1,1990,0,0,0,0,0,0,0,0,0,0
20059,2,1,1990,0,0,0,0,0,0,0,0,0,0
20060,1,1,1990,6,6,6,6,6,6,6,6,6,6
20060,2,1,1990,0,0,0,0,0,0,0,0,0,0
20061,1,1,1990,19,19,19,19,19,19,19,19,19,19
20061,2,1,1990,4,4,4,4,4,4,4,4,4,4
20062,1,1,1990,0,0,0,0,0,0,0,0,0,0
20062,2,1,1990,0,0,0,0,0,0,0,0,0,0
20063,0,1,1990,19,0,0,0,0,0,16,0,0,0
20063,1,1,1990,0,0,6,0,0,0,0,0,0,0
20063,2,1,1990,0,0,0,0,0,0,0,0,0,0
20064,1,1,1990,2,2,2,2,2,2,2,2,2,2
20065,1,1,1990,21,21,21,21,21,21,21,21,21,21
20065,2,1,1990,0,0,0,0,0,0,0,0,0,0
20066,1,1,1990,15,15,15,15,15,15,15,15,15,15
20067,1,1,1990,0,0,0,0,0,0,0,0,0,0
20067,2,1,1990,10,10,10,10,10,10,10,10,10,10
20068,1,1,1990,10,10,10,10,10,10,10,10,10,10
20069,1,1,1990,20,20,20,20,20,20,20,20,20,20
20069,2,1,1990,16,16,16,16,16,16,16,16,16,16
20070,1,1,1990,21,21,21,21,21,21,21,21,21,21
20070,2,1,1990,0,0,0,0,0,0,0,0,0,0
20071,1,1,1990,0,0,0,0,0,0,0,0,0,0
20071,2,1,1990,12,12,12,12,12,12,12,12,12,12
20071,3,1,1990,0,0,0,0,0,0,0,0,0,0
20072,1,1,1990,0,0,0,0,0,0,0,0,0,0
20072,2,1,1990,0,0,0,0,0,0,0,0,0,0
20073,1,1,1990,16,16,16,16,16,16,16,16,16,16
20074,1,1,1990,0,0,0,0,0,0,0,0,0,0
20075,1,1,1990,0,0,0,0,0,0,0,0,0,0
20075,2,1,1990,0,0,0,0,0,0,0,0,0,0
20076,1,1,1990,0,0,0,0,8,0,0,0,0,0
20076,2,1,1990,0,0,0,0,0,0,0,0,0,0
20076,3,1,1990,0,0,0,0,0,0,0,0,0,0
20077,1,1,1990,53,53,53,53,53,53,53,53,53,53
20078,1,1,1990,0,0,0,0,0,0,0,0,0,0
20078,2,1,1990,0,0,0,0,0,0,0,0,0,0
20079,1,1,1990,0,0,0,0,0,0,0,0,0,0
20079,2,1,1990,0,0,0,9,0,0,0,0,0,0
20080,1,1,1990,0,0,0,0,0,0,0,0,0,12
20081,1,1,1990,21,21,21,21,21,21,21,21,21,21
20082,1,1,1990,14,14,14,14,14,14,14,14,14,14
20083,1,1,1990,0,0,0,0,0,0,0,0,0,0
20083,2,1,1990,0,0,0,0,0,0,0,0,0,0
20084,0,1,1990,20,20,20,20,20,20,20,20,20,20
20084,1,1,1990,0,0,0,0,0,0,0,0,0,0
20085,1,1,1990,0,0,0,0,0,0,0,0,0,0
20085,2,1,1990,0,0,0,0,0,0,0,0,0,0
20086,0,1,1990,31,31,31,31,31,31,31,31,31,31
20086,1,1,1990,0,0,0,0,0,0,0,0,0,0
20087,0,1,1990,24,24,24,24,24,24,24,24,24,24
20087,1,1,1990,0,0,0,0,0,0,0,0,0,0
20088,0,1,1990,29,29,29,29,29,29,29,29,29,29
20088,1,1,1990,5,0,0,0,0,29,0,10,0,0
20089,1,1,1990,0,0,0,0,0,0,0,0,0,0
20089,2,1,1990,0,0,0,0,0,0,0,0,0,0
20089,3,1,1990,0,0,0,0,0,0,0,0,0,0
20089,4,1,1990,0,0,0,0,0,0,0,0,0,0
20089,5,1,1990,0,0,0,0,0,0,0,0,0,0
20090,1,1,1990,0,0,0,0,0,0,0,0,0,0
20090,2,1,1990,10,0,0,0,0,0,0,0,10,0
20091,1,1,1990,9,12,0,0,0,0,0,0,0,0
20091,2,1,1990,0,0,0,0,0,0,14,0,13,0
20092,1,1,1990,16,16,16,16,16,16,16,16,16,16
40001,1,1,1990,0,0,0,0,0,0,0,0,0,0
40002,1,1,1990,0,0,0,0,0,0,0,0,0,0
40002,2,1,1990,0,0,0,0,0,0,0,0,0,0
40002,3,1,1990,0,0,0,0,0,0,0,0,0,0
40003,1,1,1990,13,0,26,0,0,41,0,0,10,0
40004,1,1,1990,26,26,26,26,26,26,26,26,26,26
40005,0,1,1990,0,8,0,0,0,0,0,0,0,0
40005,0,2,1990,0,34,0,0,0,20,0,20,0,37
40005,1,1,1990,0,26,0,2,0,0,0,0,9,9
40006,1,1,1990,17,11,0,0,0,16,0,2,7,0
40006,2,1,1990,0,0,0,0,0,0,0,0,0,0
40007,1,1,1990,0,0,0,0,0,0,0,0,0,0
40007,2,1,1990,0,0,0,0,0,0,0,0,0,0
40008,1,1,1990,0,0,0,0,0,0,0,0,0,0
40008,2,1,1990,0,0,0,0,0,0,0,0,0,0
40009,1,1,1990,0,0,0,0,0,0,0,30,0,0
40009,2,1,1990,0,0,9,0,0,0,0,0,0,0
40010,0,1,1990,0,27,0,0,0,0,0,0,0,0
40010,1,1,1990,0,0,0,0,0,0,0,0,0,0
40011,1,1,1990,0,0,0,0,0,0,6,0,0,0
40012,1,1,1990,0,0,0,0,9,0,0,0,0,0
40012,2,1,1990,0,0,0,0,0,0,0,0,0,0
40013,1,1,1990,5,5,5,5,5,5,5,5,5,5
40014,1,1,1990,0,23,29,11,14,10,7,12,16,3
40014,2,1,1990,0,8,0,0,0,0,0,0,0,0
40015,1,1,1990,10,10,10,10,10,10,10,10,10,10
40016,1,1,1990,0,0,0,0,0,0,0,0,0,0
40016,2,1,1990,0,0,14,22,0,9,0,15,0,0
40017,1,1,1990,21,18,12,16,16,11,11,17,29,24
40018,1,1,1990,0,0,0,0,0,0,0,0,0,0
40019,1,1,1990,29,0,3,27,14,22,20,25,18,5
40020,1,1,1990,0,0,0,0,0,0,0,0,0,0
40021,1,1,1990,0,0,10,0,0,0,0,0,0,0
40021,2,1,1990,0,0,0,0,0,0,0,0,0,0
40022,1,1,1990,0,0,0,0,0,0,0,0,0,0
40022,2,1,1990,0,0,0,0,0,0,0,0,0,0
40022,3,1,1990,0,0,0,0,0,0,0,0,0,0
40023,1,1,1990,0,0,0,3,0,0,0,0,0,0
40024,1,1,1990,0,0,0,0,0,13,0,0,0,0
40024,2,1,1990,0,0,0,0,0,0,0,0,0,0
40024,3,1,1990,0,0,0,0,0,0,0,0,0,0
40025,1,1,1990,13,39,0,20,16,22,0,0,23,11
40026,1,1,1990,0,0,0,25,20,5,0,0,0,0
40027,1,1,1990,0,0,0,0,0,13,0,11,15,4
40027,2,1,1990,0,0,0,11,0,0,0,0,12,22
40028,0,1,1990,0,20,0,0,0,0,0,0,0,0
40028,1,1,1990,0,0,0,0,0,0,0,0,0,0
40029,1,1,1990,12,12,12,12,12,12,12,12,12,12
40030,1,1,1990,0,0,0,0,0,0,0,0,0,0
40030,2,1,1990,0,0,0,19,0,0,0,0,0,0
40031,0,1,1990,22,22,22,22,22,22,22,22,22,22
40031,1,1,1990,0,0,0,0,0,0,0,18,35,0
40032,0,1,1990,19,19,19,19,19,19,19,19,19,19
40032,1,1,1990,0,0,0,0,0,0,7,0,0,0
40033,1,1,1990,0,0,0,0,0,0,0,0,0,0
40033,2,1,1990,0,0,0,0,0,0,0,0,0,0
40034,1,1,1990,0,0,0,0,0,43,0,16,0,0
40034,2,1,1990,0,0,0,0,0,0,0,0,0,0
40035,0,1,1990,0,0,0,0,0,0,0,0,0,0
40035,1,1,1990,0,0,0,0,0,0,0,0,0,0
40036,1,1,1990,0,29,0,0,0,0,0,0,0,0
40036,2,1,1990,0,0,0,0,0,0,0,0,0,0
40037,1,1,1990,20,20,20,20,20,20,20,20,20,20
40037,2,1,1990,0,0,0,0,0,0,0,0,0,0
40038,1,1,1990,0,0,0,0,0,0,17,18,0,26
40039,1,1,1990,26,20,0,12,18,16,16,20,21,19
40040,1,1,1990,18,15,20,9,14,15,8,29,15,18
40041,1,1,1990,20,20,20,20,20,20,20,20,20,20
40042,1,1,1990,9,9,9,9,9,9,9,9,9,9
40042,2,1,1990,0,0,0,0,0,0,0,0,0,0
40043,1,1,1990,20,20,20,20,20,20,20,20,20,20
40044,1,1,1990,21,21,21,21,21,21,21,21,21,21
40044,2,1,1990,0,0,0,0,0,0,0,0,0,12
40044,3,1,1990,0,0,0,0,0,0,0,0,0,0
40045,1,1,1990,0,0,0,0,0,0,0,0,0,0
40045,2,1,1990,0,0,0,0,0,0,0,0,0,20
40046,0,1,1990,24,24,24,24,24,24,24,24,24,24
40046,1,1,1990,0,0,0,0,0,0,0,0,0,0
40047,1,1,1990,0,0,0,0,0,0,0,0,0,0
40048,1,1,1990,0,0,0,0,0,0,0,0,0,0
40048,2,1,1990,0,0,0,0,0,0,0,0,0,0
40048,3,1,1990,0,0,0,0,0,0,0,0,0,0
40048,4,1,1990,0,0,0,0,0,0,0,0,0,0
40049,0,1,1990,0,0,0,0,0,0,0,0,0,0
40049,1,1,1990,0,0,0,0,0,0,0,12,0,0
40050,1,1,1990,13,32,43,27,26,0,12,4,20,16
40050,2,1,1990,0,0,0,12,0,0,0,8,0,0
40051,1,1,1990,0,0,0,0,0,0,0,0,0,0
40051,2,1,1990,0,0,0,0,0,0,0,0,0,0
40052,1,1,1990,0,14,6,10,13,13,6,0,9,14
40052,2,1,1990,0,0,0,0,0,0,0,0,0,0
40053,1,1,1990,27,0,12,27,5,0,23,25,14,0
40054,0,1,1990,0,0,26,0,0,0,36,0,0,0
40054,1,1,1990,0,0,0,0,0,0,0,0,0,0
40055,1,1,1990,10,25,23,14,23,18,12,7,23,12
40056,1,1,1990,0,0,0,0,0,0,0,0,0,0
40056,2,1,1990,0,31,0,0,0,0,0,0,0,0
40057,1,1,1990,0,0,0,0,0,0,0,0,0,0
40058,1,1,1990,13,12,0,9,8,20,24,26,18,13
40059,1,1,1990,4,0,0,12,10,0,0,0,10,0
40060,1,1,1990,33,12,19,18,25,13,22,22,7,9
40060,2,1,1990,0,0,0,0,0,0,0,0,0,0
40061,1,1,1990,0,0,0,16,0,0,0,0,0,0
40062,1,1,1990,30,30,30,30,30,30,30,30,30,30
40063,1,1,1990,0,0,0,21,0,0,0,0,0,0
40064,1,1,1990,24,24,24,24,24,24,24,24,24,24
40065,1,1,1990,0,0,0,0,0,0,0,0,0,0
40065,2,1,1990,0,0,0,0,0,0,0,0,0,0
40066,1,1,1990,7,7,7,7,7,7,7,7,7,7
40067,0,1,1990,38,38,38,38,38,38,38,38,38,38
40067,1,1,1990,0,0,0,0,0,0,0,0,0,0
40068,0,1,1990,0,7,0,0,0,0,0,0,0,0
40068,1,1,1990,0,0,0,0,0,0,0,0,0,0
40069,1,1,1990,0,0,0,0,0,0,0,0,0,0
40069,2,1,1990,0,0,0,0,0,0,0,0,0,0
40070,0,1,1990,0,0,19,0,25,27,22,19,14,3
40070,1,1,1990,11,0,0,0,0,0,0,0,0,0
40071,0,1,1990,18,8,0,34,16,0,22,0,0,10
40071,1,1,1990,0,0,0,0,0,0,0,0,0,0
40072,1,1,1990,0,0,0,0,0,0,0,0,0,0
40073,1,1,1990,0,0,0,0,0,0,0,0,0,0
40073,2,1,1990,0,0,0,9,0,0,0,0,0,0
40074,1,1,1990,0,0,0,0,0,0,0,0,0,0
40074,2,1,1990,0,0,0,0,0,21,0,0,0,15
40074,3,1,1990,0,0,0,0,0,0,0,0,0,0
40075,1,1,1990,0,0,0,0,0,0,0,0,0,0
40075,2,1,1990,0,0,0,0,0,0,0,0,0,0
40076,0,1,1990,0,0,0,0,0,0,0,0,0,0
40076,1,1,1990,0,0,0,0,0,0,0,0,0,0
40077,1,1,1990,0,0,0,0,0,0,0,0,0,24
40078,1,1,1990,0,8,29,0,17,15,9,16,5,17
40078,2,1,1990,3,3,3,3,3,3,3,3,3,3
40079,0,1,1990,18,27,25,0,26,37,0,17,15,0
40079,1,1,1990,16,9,34,17,10,13,18,17,4,21
40079,2,1,1990,0,0,0,0,0,0,0,0,0,0