ST_CASE,VEH_NO,PER_NO,YEAR,P1,P2,P3,P4,P5,P6,P7,P8,P9,P10
50143,1,1,1990,0,0,0,0,0,0,0,0,0,0
50143,2,1,1990,0,0,0,0,0,0,0,0,0,0
50144,1,1,1990,18,18,18,18,18,18,18,18,18,18
50145,1,1,1990,0,0,0,0,0,0,0,0,0,0
50145,2,1,1990,0,0,0,0,0,0,0,0,0,0
50146,1,1,1990,12,12,12,12,12,12,12,12,12,12
50147,1,1,1990,0,0,0,0,0,7,0,0,0,0
50148,1,1,1990,0,0,0,0,0,0,0,0,0,0
50148,2,1,1990,0,0,0,0,0,0,0,0,0,0
50149,1,1,1990,0,0,0,0,0,0,0,0,0,0
50149,2,1,1990,0,0,0,0,0,0,0,0,0,0
50150,1,1,1990,0,0,0,0,0,0,0,0,0,17
50151,1,1,1990,21,21,21,21,21,21,21,21,21,21
50151,2,1,1990,0,0,0,0,0,0,0,0,0,0
50152,1,1,1990,3,3,3,3,3,3,3,3,3,3
50152,2,1,1990,0,0,0,0,0,0,0,0,0,0
50153,1,1,1990,17,17,17,17,17,17,17,17,17,17
50154,1,1,1990,0,0,0,0,0,0,0,0,0,0
50154,2,1,1990,0,0,0,0,0,0,0,0,0,0
50155,1,1,1990,0,0,0,0,0,0,0,0,0,0
50156,1,1,1990,0,0,0,0,0,0,0,0,5,0
50156,2,1,1990,0,0,0,0,0,0,0,0,0,0
50157,1,1,1990,8,8,8,8,8,8,8,8,8,8
50157,2,1,1990,22,22,22,22,22,22,22,22,22,22
50158,1,1,1990,12,12,12,12,12,12,12,12,12,12
50159,1,1,1990,9,13,0,22,0,16,10,0,41,32
50159,2,1,1990,0,0,0,0,0,0,0,0,0,0
50160,1,1,1990,16,16,16,16,16,16,16,16,16,16
50160,2,1,1990,15,0,24,0,0,0,0,21,0,0
50161,1,1,1990,0,0,0,0,9,0,0,0,0,0
50161,2,1,1990,0,0,0,0,0,0,0,0,0,0
50161,3,1,1990,0,0,0,0,0,0,0,0,0,0
50162,1,1,1990,3,3,3,3,3,3,3,3,3,3
50163,1,1,1990,0,0,0,0,0,0,0,0,0,0
50164,1,1,1990,0,0,0,0,29,0,0,0,0,0
50164,2,1,1990,0,0,0,0,0,0,0,0,0,0
50165,1,1,1990,19,7,8,19,14,12,22,0,12,25
50165,2,1,1990,0,0,0,0,0,0,0,0,0,0
50165,3,1,1990,0,0,0,0,9,0,0,0,0,0
50166,1,1,1990,14,14,14,14,14,14,14,14,14,14
50166,2,1,1990,0,0,0,0,0,0,0,0,0,5
50167,1,1,1990,0,0,0,20,0,7,0,18,28,0
50168,1,1,1990,0,0,0,0,0,0,0,0,0,0
50168,2,1,1990,4,0,16,16,0,0,0,0,18,0
50168,3,1,1990,0,0,0,0,0,0,0,0,0,0
50169,1,1,1990,0,0,0,0,0,0,0,0,30,0
50170,1,1,1990,9,0,13,0,16,11,0,0,0,14
50170,2,1,1990,0,0,0,0,0,0,0,0,0,0
50171,1,1,1990,21,21,21,21,21,21,21,21,21,21
50172,1,1,1990,24,24,24,24,24,24,24,24,24,24
50173,1,1,1990,3,18,16,18,20,13,12,11,13,0
50174,1,1,1990,0,0,0,0,0,0,0,0,0,0
50174,2,1,1990,0,0,0,0,0,0,0,0,0,0
50175,1,1,1990,21,21,21,21,21,21,21,21,21,21
50176,1,1,1990,9,0,7,26,24,16,21,0,7,21
50177,1,1,1990,0,0,0,0,0,0,0,0,0,0
50177,2,1,1990,0,0,0,0,0,0,0,0,0,0
50178,1,1,1990,17,17,17,17,17,17,17,17,17,17
50178,2,1,1990,0,0,0,0,0,0,0,0,0,0
50179,1,1,1990,0,0,0,0,0,0,0,0,0,0
50179,2,1,1990,0,0,0,0,0,0,0,0,0,0
50180,1,1,1990,0,17,0,0,0,0,0,0,0,0
50180,2,1,1990,31,31,31,31,31,31,31,31,31,31
50181,1,1,1990,20,20,20,20,20,20,20,20,20,20
50181,2,1,1990,0,0,0,0,0,0,0,0,0,0
50182,1,1,1990,0,9,18,13,19,5,23,10,23,23
50182,2,1,1990,20,4,10,23,0,4,19,6,10,7
50183,1,1,1990,18,18,18,18,18,18,18,18,18,18
50184,1,1,1990,14,14,14,14,14,14,14,14,14,14
50185,1,1,1990,19,19,19,19,19,19,19,19,19,19
50186,1,1,1990,0,0,0,0,0,0,0,0,0,0
50187,1,1,1990,0,0,0,0,0,0,0,0,0,0
50187,2,1,1990,0,0,0,0,0,0,0,0,0,0
50188,1,1,1990,16,16,16,16,16,16,16,16,16,16
50189,1,1,1990,0,0,0,0,0,0,0,0,0,0
50189,2,1,1990,0,0,0,0,0,0,0,0,0,0
50190,1,1,1990,2,2,2,2,2,2,2,2,2,2
50191,1,1,1990,0,0,0,0,0,0,0,0,0,0
50191,2,1,1990,21,20,0,22,16,32,10,28,17,17
50192,1,1,1990,11,0,14,7,0,0,16,10,4,13
50193,1,1,1990,0,0,0,0,0,0,0,0,0,0
50194,1,1,1990,27,27,27,27,27,27,27,27,27,27
50194,2,1,1990,13,0,0,26,0,0,0,0,0,0
50195,1,1,1990,0,0,0,0,0,0,0,0,0,0
50195,2,1,1990,11,10,7,18,8,10,22,14,8,15
50196,1,1,1990,22,22,22,22,22,22,22,22,22,22
50197,1,1,1990,0,0,0,0,0,0,0,0,0,0
50197,2,1,1990,12,12,12,12,12,12,12,12,12,12
50198,1,1,1990,18,18,18,18,18,18,18,18,18,18
50199,1,1,1990,0,0,0,0,0,0,0,0,0,2
50200,1,1,1990,11,11,11,11,11,11,11,11,11,11
50201,1,1,1990,0,24,29,41,0,19,0,0,15,17
50202,1,1,1990,14,14,14,14,14,14,14,14,14,14
50203,0,1,1990,0,13,0,0,0,0,28,0,0,0
50203,1,1,1990,0,0,0,0,0,0,0,0,0,0
50204,0,1,1990,12,12,12,12,12,12,12,12,12,12
50204,1,1,1990,0,0,0,0,0,0,0,0,0,0
50205,1,1,1990,15,15,15,15,15,15,15,15,15,15
50206,1,1,1990,17,17,17,17,17,17,17,17,17,17
50207,1,1,1990,17,21,15,17,28,23,35,19,22,5
50208,1,1,1990,21,23,19,15,13,0,11,17,21,10
50208,2,1,1990,0,8,24,9,0,9,10,19,0,18
50209,1,1,1990,0,0,8,0,0,0,0,0,0,0
50209,2,1,1990,0,0,0,0,0,0,0,0,0,0
50209,3,1,1990,0,0,0,0,0,0,0,0,0,0
50209,4,1,1990,0,0,11,0,0,0,0,0,0,0
50210,1,1,1990,0,0,0,0,0,0,0,0,0,0
50210,2,1,1990,0,0,0,0,0,0,0,0,0,0
50211,1,1,1990,0,0,0,0,37,0,0,33,0,0
50212,1,1,1990,0,0,0,0,0,0,0,0,0,0
50212,2,1,1990,14,14,14,14,14,14,14,14,14,14
50213,1,1,1990,37,0,19,27,6,11,14,25,15,11
50214,1,1,1990,1,16,3,6,6,6,11,17,14,13
50215,1,1,1990,0,0,0,0,0,0,0,0,0,0
50215,2,1,1990,0,0,0,0,0,0,0,0,0,0
50216,0,1,1990,18,18,18,18,18,18,18,18,18,18
50216,1,1,1990,0,0,0,0,0,0,0,0,0,0
50217,1,1,1990,17,19,4,17,5,13,17,9,11,12
50217,2,1,1990,0,0,0,0,0,0,0,14,0,0
50218,1,1,1990,0,0,0,0,0,0,0,0,0,5
50218,2,1,1990,7,18,0,0,0,14,0,0,4,0
50219,1,1,1990,35,0,23,0,23,0,0,0,10,1
50220,1,1,1990,0,0,0,0,0,0,0,0,0,0
50220,2,1,1990,0,0,0,0,0,0,0,0,0,0
50221,1,1,1990,0,0,0,0,0,0,0,0,0,0
50221,2,1,1990,0,16,0,0,0,0,0,0,0,0
50222,1,1,1990,0,0,0,0,0,0,0,0,0,0
50222,2,1,1990,26,25,9,13,8,16,7,13,17,19
50223,1,1,1990,0,0,0,0,0,0,0,0,0,0
50223,2,1,1990,0,0,0,0,0,0,0,0,0,0
50224,1,1,1990,0,0,0,0,0,0,0,0,0,0
50224,2,1,1990,0,0,0,0,0,0,0,0,0,0
50225,1,1,1990,0,0,0,0,0,0,0,0,0,0
50225,2,1,1990,0,0,0,0,0,0,0,0,0,0
50226,1,1,1990,0,0,0,0,0,0,0,0,0,0
50226,2,1,1990,0,0,0,0,0,4,0,0,0,0
50227,1,1,1990,35,35,35,35,35,35,35,35,35,35
50228,1,1,1990,29,29,29,29,29,29,29,29,29,29
50229,1,1,1990,19,19,19,19,19,19,19,19,19,19
50230,1,1,1990,7,7,17,0,17,12,12,14,21,15
50231,1,1,1990,14,14,14,14,14,14,14,14,14,14
50232,1,1,1990,0,0,3,14,0,0,36,5,31,0
50232,2,1,1990,11,2,0,0,7,0,0,0,15,10
50233,1,1,1990,0,0,12,0,0,0,0,0,0,0
50234,1,1,1990,33,33,33,33,33,33,33,33,33,33
50234,2,1,1990,0,0,0,0,0,0,0,0,0,0
50235,1,1,1990,12,12,12,12,12,12,12,12,12,12
50236,1,1,1990,24,8,6,16,30,32,5,7,0,12
50238,0,1,1990,32,15,0,0,12,14,11,0,34,15
50238,1,1,1990,0,0,0,0,0,0,0,0,0,0
50239,0,1,1990,0,0,26,21,0,0,37,0,0,18
50239,1,1,1990,0,0,0,10,0,0,0,27,0,0
50240,0,1,1990,17,17,17,17,17,17,17,17,17,17
50240,1,1,1990,0,0,0,0,0,0,0,0,0,0
50241,1,1,1990,9,21,19,12,21,37,14,8,21,11
50242,1,1,1990,20,20,20,20,20,20,20,20,20,20
50243,1,1,1990,0,0,0,0,0,0,0,0,0,0
50243,2,1,1990,0,0,0,0,0,13,0,0,0,0
50244,1,1,1990,10,2,17,0,14,0,0,17,0,15
50245,1,1,1990,0,0,0,0,0,0,0,0,0,0
50245,2,1,1990,0,0,0,0,0,0,0,0,0,0
50246,1,1,1990,20,14,16,14,32,12,14,28,21,33
50247,1,1,1990,26,26,26,26,26,26,26,26,26,26
50247,2,1,1990,0,0,0,14,0,0,0,0,0,0
50248,1,1,1990,35,0,17,27,33,0,6,2,0,5
50249,1,1,1990,0,0,0,0,0,0,0,0,0,0
50249,2,1,1990,0,0,0,0,0,0,0,0,0,0
50250,1,1,1990,0,0,0,0,0,0,0,0,0,0
50250,2,1,1990,0,0,0,0,0,0,0,0,0,0
50251,1,1,1990,0,0,0,0,0,0,0,0,0,0
50251,2,1,1990,0,0,0,0,0,0,0,0,0,0
50252,1,1,1990,0,0,0,0,0,0,0,0,0,0
50252,2,1,1990,10,0,0,0,0,0,0,0,0,0
50252,3,1,1990,0,0,0,20,0,3,10,0,12,7
50253,1,1,1990,15,15,15,15,15,15,15,15,15,15
50254,1,1,1990,0,0,0,0,0,0,0,0,0,0
50254,2,1,1990,0,0,0,0,0,0,0,0,0,0
50255,1,1,1990,18,13,10,12,19,21,21,18,23,18
50256,1,1,1990,27,27,27,27,27,27,27,27,27,27
50257,1,1,1990,20,20,20,20,20,20,20,20,20,20
50258,1,1,1990,0,0,0,0,0,7,0,0,12,0
50259,1,1,1990,14,14,14,14,14,14,14,14,14,14
50260,1,1,1990,0,0,0,0,0,0,0,0,0,0
50260,2,1,1990,0,0,0,0,0,0,0,0,0,0
50261,1,1,1990,0,0,0,0,0,0,0,0,0,0
50262,1,1,1990,0,0,0,0,0,0,0,0,0,0
50262,2,1,1990,8,16,24,24,25,7,20,4,9,27
50263,1,1,1990,0,0,0,0,0,0,0,0,0,0
50264,1,1,1990,8,8,8,8,8,8,8,8,8,8
50264,2,1,1990,0,0,0,0,0,0,0,0,0,0
50265,1,1,1990,6,6,6,6,6,6,6,6,6,6
50265,2,1,1990,0,0,0,0,0,0,0,0,0,0
50266,1,1,1990,0,0,0,0,0,0,0,0,0,0
50267,1,1,1990,6,17,18,17,14,5,13,13,14,13
50268,1,1,1990,22,16,10,17,23,19,11,22,8,15
50269,0,1,1990,10,14,22,6,8,15,48,22,31,12
50269,1,1,1990,0,0,0,0,0,0,0,0,0,0
50270,1,1,1990,0,0,0,0,0,0,0,0,0,0
50270,2,1,1990,0,0,0,0,0,0,0,0,0,0
50271,1,1,1990,0,0,0,0,0,0,0,0,0,0
50272,0,1,1990,0,32,0,18,0,30,28,11,0,5
50272,1,1,1990,10,10,10,10,10,10,10,10,10,10
50273,1,1,1990,0,0,0,0,0,0,0,0,0,0
50273,2,1,1990,0,0,0,0,0,0,0,0,0,0
50274,1,1,1990,9,9,12,13,26,6,17,9,16,18
50274,2,1,1990,0,0,0,0,0,0,0,0,0,0
50275,0,1,1990,0,0,0,0,0,0,0,0,0,0
50275,1,1,1990,0,0,0,0,0,0,0,0,0,0
50276,0,1,1990,0,0,0,0,0,0,0,30,0,0
50276,1,1,1990,0,0,0,0,0,0,0,0,0,0
50277,1,1,1990,0,0,0,0,0,0,0,0,0,0
50278,1,1,1990,0,0,0,0,0,0,0,0,0,0
50278,2,1,1990,0,0,0,0,0,0,0,0,0,0
50279,1,1,1990,0,0,0,0,0,0,0,0,0,0
50280,1,1,1990,20,20,20,20,20,20,20,20,20,20
50280,2,1,1990,0,0,0,0,0,0,0,0,0,0
50281,1,1,1990,0,16,0,6,0,15,11,15,21,20
50282,1,1,1990,0,19,24,21,34,14,7,21,13,0
50282,2,1,1990,0,0,0,0,0,0,0,0,0,0
50283,1,1,1990,0,0,0,0,0,0,0,0,0,0
50284,1,1,1990,9,6,12,15,16,8,0,20,9,15
50284,2,1,1990,0,0,0,0,0,0,0,0,0,0
50285,1,1,1990,14,14,14,14,14,14,14,14,14,14
50286,0,1,1990,0,0,0,0,0,15,0,0,0,0
50286,1,1,1990,0,0,0,0,0,0,0,0,0,0
50287,1,1,1990,26,26,26,26,26,26,26,26,26,26
50288,1,1,1990,25,25,25,25,25,25,25,25,25,25
50289,1,1,1990,19,19,19,19,19,19,19,19,19,19
50290,1,1,1990,0,0,0,0,0,0,0,0,0,0
50290,2,1,1990,0,14,15,15,24,17,8,0,12,0
50291,1,1,1990,21,21,21,21,21,21,21,21,21,21
50291,2,1,1990,0,0,0,0,0,0,14,0,0,0
50292,1,1,1990,0,0,0,0,0,0,0,0,0,0
50292,2,1,1990,0,0,0,0,0,0,0,0,0,8
50293,1,1,1990,0,0,0,6,0,0,0,12,0,22
50294,1,1,1990,6,6,6,6,6,6,6,6,6,6
50294,2,1,1990,19,19,19,19,19,19,19,19,19,19
50295,1,1,1990,0,0,0,0,8,0,0,0,0,0
50296,1,1,1990,18,18,18,18,18,18,18,18,18,18
50297,1,1,1990,9,9,9,9,9,9,9,9,9,9
50297,2,1,1990,0,0,0,0,0,0,0,0,0,0
50298,1,1,1990,11,11,11,11,11,11,11,11,11,11
50299,1,1,1990,0,0,0,0,0,0,0,0,0,0
50299,2,1,1990,0,0,0,0,0,0,0,0,0,0
50300,0,1,1990,15,15,15,15,15,15,15,15,15,15
50300,1,1,1990,0,0,0,0,0,0,0,0,0,0
50301,1,1,1990,18,18,18,18,18,18,18,18,18,18
50302,1,1,1990,19,0,0,0,0,0,0,0,0,0
50303,1,1,1990,0,0,0,0,0,0,0,0,0,0
50303,2,1,1990,0,0,0,0,0,0,0,0,0,0
50304,0,1,1990,0,11,24,9,13,20,12,18,0,22
50304,1,1,1990,0,0,0,0,25,23,0,0,0,0
50305,1,1,1990,9,9,9,9,9,9,9,9,9,9
50306,1,1,1990,24,24,24,24,24,24,24,24,24,24
50307,1,1,1990,0,23,0,0,0,0,0,0,0,0
50308,1,1,1990,13,0,20,0,0,0,0,0,0,24
50309,1,1,1990,10,14,0,0,27,10,38,28,13,36
50309,2,1,1990,0,0,0,0,0,0,0,0,0,0
50310,1,1,1990,0,0,0,0,0,0,0,0,0,0
50310,2,1,1990,0,0,0,0,0,0,0,0,0,0
50310,3,1,1990,0,0,0,0,0,0,0,0,0,0
50311,1,1,1990,8,8,8,8,8,8,8,8,8,8
50311,2,1,1990,0,0,0,0,0,0,0,0,0,0
50312,1,1,1990,22,22,22,22,22,22,22,22,22,22
50313,1,1,1990,9,9,9,9,9,9,9,9,9,9
50314,1,1,1990,20,26,14,12,16,21,18,6,0,11
50315,1,1,1990,0,0,19,0,0,0,0,16,0,0
50316,0,1,1990,0,0,33,0,31,0,0,6,0,0
50316,1,1,1990,14,9,14,15,22,7,30,1,13,0
50317,1,1,1990,0,11,27,18,5,9,13,10,8,16
50317,2,1,1990,23,23,23,23,23,23,23,23,23,23
50318,1,1,1990,0,28,0,0,0,0,13,0,0,0
50319,1,1,1990,13,13,13,13,13,13,13,13,13,13
50320,1,1,1990,0,0,0,23,0,13,0,0,0,19
50321,1,1,1990,14,14,14,14,14,14,14,14,14,14
50322,1,1,1990,6,6,6,6,6,6,6,6,6,6
50323,1,1,1990,0,0,21,0,13,0,0,0,0,0
50324,1,1,1990,0,0,0,2,0,0,0,0,0,0
50325,1,1,1990,0,0,0,0,38,24,0,0,0,0
50325,2,1,1990,6,6,6,6,6,6,6,6,6,6
50326,1,1,1990,0,0,0,0,0,0,0,0,0,0
50326,2,1,1990,8,0,5,0,0,0,4,0,0,10
50327,1,1,1990,19,19,19,19,19,19,19,19,19,19
50327,2,1,1990,18,18,18,18,18,18,18,18,18,18
50328,1,1,1990,10,12,12,16,23,15,13,16,7,23
50329,1,1,1990,0,0,0,0,0,10,0,4,0,0
50329,2,1,1990,0,0,0,0,0,0,0,0,0,0
50330,1,1,1990,7,7,7,7,7,7,7,7,7,7
50331,1,1,1990,0,0,0,0,0,0,0,0,0,0
50332,1,1,1990,27,8,23,17,19,17,12,17,28,24
50333,1,1,1990,27,14,26,20,0,12,5,11,16,13
50333,2,1,1990,0,0,0,0,0,0,0,0,0,0
50334,1,1,1990,2,0,0,12,0,0,0,6,0,0
50335,1,1,1990,0,37,10,13,11,18,11,12,21,9
50335,2,1,1990,0,0,0,0,8,13,13,0,0,0
50336,0,1,1990,26,26,26,26,26,26,26,26,26,26
50336,1,1,1990,5,9,15,7,0,11,11,7,8,0
50337,0,1,1990,0,0,0,0,0,0,0,0,0,0
50337,1,1,1990,0,0,0,0,0,0,0,0,0,0
50338,1,1,1990,23,21,34,21,0,19,10,14,18,18
50339,1,1,1990,0,0,18,0,7,15,10,15,10,0
50340,1,1,1990,0,6,20,0,0,0,0,0,0,0
50341,1,1,1990,0,0,0,0,0,0,0,0,0,0
50341,2,1,1990,0,0,0,0,0,0,0,0,0,0
50342,1,1,1990,0,0,0,0,0,5,20,8,17,0
50343,1,1,1990,30,30,30,30,30,30,30,30,30,30
50344,0,1,1990,0,19,6,12,26,18,19,27,4,28
50344,1,1,1990,0,0,0,0,0,0,0,0,0,0
50345,1,1,1990,0,10,0,0,0,0,0,0,0,0
50346,0,1,1990,11,0,19,18,28,0,20,21,0,0
50346,1,1,1990,0,0,0,0,0,0,0,0,14,0
50347,1,1,1990,22,22,22,22,22,22,22,22,22,22
50348,1,1,1990,0,0,0,0,0,0,0,0,0,0
50348,2,1,1990,6,6,6,6,6,6,6,6,6,6
50349,1,1,1990,24,6,6,21,25,18,19,11,23,22
50350,1,1,1990,22,22,22,22,22,22,22,22,22,22
50351,1,1,1990,22,22,22,22,22,22,22,22,22,22
50352,1,1,1990,0,0,0,0,0,0,0,0,0,0
50352,2,1,1990,0,0,14,0,0,0,0,0,0,0
50352,3,1,1990,0,0,0,0,0,0,0,0,0,0
50353,1,1,1990,0,0,0,0,0,0,0,0,0,0
50354,1,1,1990,4,4,4,4,4,4,4,4,4,4
50354,2,1,1990,3,3,3,3,3,3,3,3,3,3
50355,1,1,1990,0,0,0,0,0,0,0,0,0,0
50356,1,1,1990,29,5,6,17,8,26,19,17,8,11
50357,1,1,1990,0,0,0,0,0,0,0,0,0,0
50357,2,1,1990,0,0,0,0,0,0,0,0,0,0
50358,1,1,1990,0,0,0,0,10,0,0,0,0,0
50358,2,1,1990,16,11,12,18,14,18,10,7,21,23
50358,3,1,1990,0,0,0,0,0,0,0,0,0,0
50359,1,1,1990,12,0,6,6,8,12,8,0,0,9
50360,1,1,1990,0,0,0,0,0,0,0,0,13,0
50360,2,1,1990,0,0,0,0,0,0,0,0,0,0
50361,1,1,1990,0,0,0,0,0,0,0,0,0,0
50361,2,1,1990,0,0,0,0,0,0,0,0,0,0
50362,1,1,1990,12,12,12,12,12,12,12,12,12,12
50363,1,1,1990,0,0,0,0,0,0,0,0,0,0
50363,2,1,1990,0,0,0,0,0,0,0,0,0,0
50364,1,1,1990,13,13,13,13,13,13,13,13,13,13
50365,1,1,1990,0,0,0,0,0,0,0,0,0,0
50365,2,1,1990,5,10,0,0,2,19,3,0,23,12
50365,3,1,1990,0,0,0,0,0,0,0,0,0,0
50366,1,1,1990,0,0,0,0,0,0,0,0,0,0
50366,2,1,1990,0,0,0,0,0,0,0,0,0,0
50367,1,1,1990,8,0,0,0,0,25,0,0,0,0
50368,1,1,1990,0,0,0,0,0,10,0,0,0,0
50368,2,1,1990,0,0,0,0,0,0,0,0,0,0
50369,1,1,1990,24,10,0,0,0,0,0,10,0,0
50369,2,1,1990,0,0,0,0,0,0,0,0,0,0
50370,0,1,1990,0,25,0,0,0,0,0,0,0,23
50370,1,1,1990,0,0,0,0,0,0,0,26,0,0
50372,0,1,1990,0,0,0,0,0,0,0,0,0,0
50372,0,2,1990,0,0,0,0,0,0,0,0,0,0
50372,1,1,1990,0,0,0,0,0,0,0,0,14,23
50373,1,1,1990,0,0,2,10,0,9,0,16,22,0
50374,1,1,1990,32,32,32,32,32,32,32,32,32,32
50375,1,1,1990,22,22,22,22,22,22,22,22,22,22
50376,1,1,1990,2,0,0,0,0,0,0,0,0,0
50377,1,1,1990,14,14,14,14,14,14,14,14,14,14
50377,2,1,1990,0,0,0,0,0,0,0,0,0,0
50378,1,1,1990,0,0,0,0,0,0,0,0,0,0
50378,2,1,1990,0,0,0,0,0,0,0,0,0,0
50379,1,1,1990,0,0,0,0,16,11,6,0,0,0
50380,1,1,1990,24,24,24,24,24,24,24,24,24,24
50381,1,1,1990,1,1,1,1,1,1,1,1,1,1
50382,1,1,1990,0,0,0,0,0,0,0,0,0,0
50383,0,1,1990,13,5,18,16,15,23,16,34,0,0
50383,0,2,1990,0,0,0,0,0,0,0,0,0,0
50383,1,1,1990,0,0,0,0,0,0,0,0,0,0
50384,1,1,1990,0,0,0,0,0,0,0,0,0,0
50384,2,1,1990,0,27,0,0,0,0,0,0,0,0
50385,1,1,1990,5,5,5,5,5,5,5,5,5,5
50386,1,1,1990,0,0,0,0,0,0,0,0,0,0
50386,2,1,1990,0,0,0,0,0,0,16,0,0,9
50387,1,1,1990,14,14,14,14,14,14,14,14,14,14
50387,2,1,1990,0,0,0,0,0,0,0,0,0,0
50387,3,1,1990,34,0,0,0,0,0,0,0,0,0
50388,1,1,1990,0,0,0,0,0,0,0,0,0,0
50388,2,1,1990,0,0,0,0,0,0,0,0,0,0
50388,3,1,1990,0,0,0,0,0,0,0,0,0,0
50389,1,1,1990,0,0,0,0,0,0,0,0,0,0
50389,2,1,1990,0,0,0,0,0,0,0,0,0,0
50390,1,1,1990,0,0,0,0,0,0,0,0,0,0
50391,1,1,1990,17,13,16,0,18,21,0,12,12,19
50391,2,1,1990,0,0,0,0,0,0,0,0,0,0
50392,1,1,1990,18,8,9,21,17,19,0,17,28,15
50392,2,1,1990,24,0,16,9,15,4,10,4,5,0
50393,1,1,1990,8,16,31,2,0,27,10,13,24,0
50394,1,1,1990,0,0,0,0,0,0,0,0,0,0
50394,2,1,1990,0,0,0,0,0,0,0,0,0,0
50395,1,1,1990,14,14,14,14,14,14,14,14,14,14
50396,1,1,1990,22,22,22,22,22,22,22,22,22,22
50396,2,1,1990,0,0,0,0,0,0,0,0,0,0
50397,1,1,1990,23,17,5,20,30,14,19,16,22,15
50398,1,1,1990,0,0,0,0,0,0,0,0,0,0
50398,2,1,1990,14,2,2,6,20,35,13,7,15,8
50399,1,1,1990,0,0,0,0,0,0,0,0,16,0
50399,2,1,1990,18,19,11,21,0,14,17,22,25,19
50400,1,1,1990,26,26,26,26,26,26,26,26,26,26
50401,1,1,1990,20,20,20,20,20,20,20,20,20,20
50402,1,1,1990,25,22,0,11,24,16,19,28,15,26
50403,1,1,1990,14,14,14,14,14,14,14,14,14,14
50404,1,1,1990,25,0,47,12,15,16,8,10,15,6
50405,1,1,1990,17,17,17,17,17,17,17,17,17,17
50406,1,1,1990,0,0,0,0,0,0,0,0,0,0
50406,2,1,1990,0,0,0,0,0,0,0,0,0,0
50407,1,1,1990,18,18,18,18,18,18,18,18,18,18
50408,1,1,1990,0,0,0,0,0,0,0,0,0,0
50408,2,1,1990,0,18,0,0,0,0,0,0,0,0
50409,1,1,1990,0,0,0,0,0,0,0,0,0,0
50409,2,1,1990,23,23,23,23,23,23,23,23,23,23
50410,1,1,1990,33,33,33,33,33,33,33,33,33,33
50411,0,1,1990,27,31,14,10,24,39,32,27,12,22
50411,1,1,1990,0,0,0,0,0,0,0,0,0,0
50412,1,1,1990,0,0,0,0,0,0,0,0,0,0
50412,2,1,1990,0,0,0,0,0,0,0,0,0,0
50413,1,1,1990,0,0,0,0,0,0,0,0,0,0
50413,2,1,1990,0,0,0,0,0,0,0,0,0,0
50414,1,1,1990,0,0,0,0,0,0,0,10,0,0
50414,2,1,1990,0,0,0,0,0,0,0,0,0,0
50414,3,1,1990,0,0,0,0,0,0,0,0,0,0
50415,1,1,1990,0,0,0,0,0,0,12,0,0,0
50415,2,1,1990,32,32,32,32,32,32,32,32,32,32
50416,1,1,1990,16,16,16,16,16,16,16,16,16,16
50417,1,1,1990,5,5,5,5,5,5,5,5,5,5
50418,1,1,1990,0,0,15,9,0,0,0,0,0,0
50419,1,1,1990,13,18,27,7,10,26,32,16,0,13
50419,2,1,1990,0,15,7,7,19,11,14,0,14,14
50420,1,1,1990,6,6,6,6,6,6,6,6,6,6
50421,1,1,1990,13,17,16,21,16,10,7,0,0,10
50421,2,1,1990,0,0,0,0,0,0,16,0,0,0
50422,0,1,1990,0,0,0,0,0,0,0,0,0,0
50422,1,1,1990,0,0,0,0,0,0,0,0,0,0
50423,1,1,1990,0,0,0,0,0,0,0,0,0,0
50423,2,1,1990,0,0,0,0,0,0,0,0,0,0
50424,1,1,1990,0,0,0,0,0,0,12,0,0,0
50425,1,1,1990,0,0,0,0,0,0,0,0,0,4
50425,2,1,1990,0,0,0,0,0,0,0,0,0,0
50426,0,1,1990,0,0,0,0,0,0,0,0,0,0
50426,1,1,1990,0,0,0,0,0,0,0,0,0,0
50427,1,1,1990,0,0,0,0,0,0,0,0,0,0
50427,2,1,1990,0,0,0,0,0,0,0,0,0,0
50428,1,1,1990,21,21,21,21,21,21,21,21,21,21
50429,0,1,1990,25,21,0,18,8,16,32,0,16,0
50429,1,1,1990,0,0,0,0,0,0,0,0,0,0
50430,1,1,1990,0,0,0,0,0,0,0,0,0,0
50430,2,1,1990,11,9,14,3,11,17,19,0,0,0
50431,1,1,1990,0,0,0,0,0,0,0,0,0,0
50431,2,1,1990,13,0,17,13,30,12,19,18,21,19
50432,1,1,1990,20,20,20,20,20,20,20,20,20,20
50433,0,1,1990,35,27,14,16,8,23,18,26,12,0
50433,1,1,1990,0,0,0,0,16,0,13,0,0,0
50434,0,1,1990,0,0,27,0,0,17,0,14,19,0
50434,1,1,1990,0,0,0,0,0,0,0,0,0,0
50435,1,1,1990,0,0,0,0,0,0,0,0,0,16
50435,2,1,1990,3,3,3,3,3,3,3,3,3,3
50436,1,1,1990,0,0,0,0,0,0,0,0,0,0
50437,1,1,1990,2,2,2,2,2,2,2,2,2,2
50438,1,1,1990,0,0,0,0,0,0,0,16,0,0
50439,1,1,1990,0,0,0,0,0,0,0,0,0,0
50440,1,1,1990,9,9,9,9,9,9,9,9,9,9
50441,1,1,1990,20,20,20,20,20,20,20,20,20,20
50442,1,1,1990,0,0,10,0,0,0,0,0,0,17
50442,2,1,1990,0,0,0,0,0,0,0,0,0,0
50442,3,1,1990,0,0,0,0,0,0,0,0,0,0