ST_CASE,VEH_NO,PER_NO,YEAR,P1,P2,P3,P4,P5,P6,P7,P8,P9,P10
50443,1,1,1990,0,0,0,0,0,0,0,0,0,0
50443,2,1,1990,0,14,0,9,7,14,0,0,0,0
50443,3,1,1990,24,10,22,12,12,6,18,20,23,6
50444,1,1,1990,17,17,17,17,17,17,17,17,17,17
50444,2,1,1990,0,0,0,0,0,0,0,0,0,0
50445,1,1,1990,0,0,0,0,0,0,0,0,0,0
50445,2,1,1990,14,14,14,14,14,14,14,14,14,14
50446,0,1,1990,12,15,10,37,24,13,7,41,35,38
50446,1,1,1990,26,20,0,16,0,0,0,0,0,0
50447,1,1,1990,0,0,0,0,0,0,0,0,0,0
50448,1,1,1990,0,0,0,0,14,0,0,0,0,0
50449,1,1,1990,0,0,0,0,0,0,0,0,0,0
50449,2,1,1990,0,0,0,0,0,0,0,0,0,0
50450,1,1,1990,0,0,0,0,0,0,0,0,0,0
50450,2,1,1990,27,10,17,8,17,30,19,25,25,33
50451,1,1,1990,0,0,0,0,0,0,0,0,0,0
50451,2,1,1990,0,6,0,0,0,0,0,0,0,0
50452,1,1,1990,0,0,0,0,0,0,12,0,7,0
50453,1,1,1990,0,7,13,0,12,0,0,0,9,0
50453,2,1,1990,9,0,0,0,12,10,0,0,0,12
50454,1,1,1990,0,0,0,0,0,0,0,0,0,0
50454,2,1,1990,0,0,0,0,0,0,0,0,0,0
50455,1,1,1990,7,7,7,7,7,7,7,7,7,7
50456,1,1,1990,0,0,0,0,0,0,0,0,0,0
50456,2,1,1990,0,0,0,0,0,0,0,0,0,0
50457,1,1,1990,0,0,0,0,0,0,11,0,0,0
50457,2,1,1990,2,2,2,2,2,2,2,2,2,2
50458,1,1,1990,0,0,0,0,0,0,0,0,0,0
50458,2,1,1990,0,0,0,0,0,0,0,0,0,0
50459,1,1,1990,9,14,17,0,11,14,9,15,0,19
50460,1,1,1990,23,17,29,29,14,20,18,10,7,18
50461,1,1,1990,0,0,0,0,0,0,0,0,0,0
50461,2,1,1990,0,0,0,0,0,0,0,0,0,0
50462,1,1,1990,0,43,0,0,0,0,0,28,5,0
50463,1,1,1990,26,26,26,26,26,26,26,26,26,26
50463,2,1,1990,0,0,0,0,0,0,0,0,0,0
50464,1,1,1990,0,0,0,0,0,0,0,8,0,0
50465,1,1,1990,0,0,0,0,0,0,0,0,0,6
50465,2,1,1990,0,0,0,0,0,0,0,0,0,0
50466,1,1,1990,21,28,0,0,0,18,0,20,15,0
50467,1,1,1990,0,0,0,0,0,0,0,0,0,0
50467,2,1,1990,0,0,0,0,0,0,0,0,0,0
50468,1,1,1990,26,26,26,26,26,26,26,26,26,26
50468,2,1,1990,0,0,0,0,0,0,0,0,0,0
50469,1,1,1990,16,3,9,17,8,17,28,21,20,10
50470,1,1,1990,0,0,0,0,0,0,0,0,0,0
50470,2,1,1990,0,0,0,0,0,0,0,0,0,0
50471,1,1,1990,0,0,0,0,0,0,0,0,0,0
50471,2,1,1990,0,0,0,0,0,0,0,0,0,0
50472,1,1,1990,0,0,0,0,0,0,0,0,0,0
50472,2,1,1990,16,23,28,10,11,29,0,7,13,28
50473,1,1,1990,24,0,0,15,0,4,4,0,16,21
50473,2,1,1990,0,0,0,0,0,0,0,0,0,0
50474,1,1,1990,0,0,0,0,0,0,0,0,0,0
50474,2,1,1990,0,0,0,0,0,0,0,0,0,0
50475,0,1,1990,0,0,0,0,0,0,0,0,0,18
50475,1,1,1990,0,0,0,0,0,0,0,0,0,0
50476,1,1,1990,15,15,15,15,15,15,15,15,15,15
50476,2,1,1990,7,7,7,7,7,7,7,7,7,7
50477,1,1,1990,0,0,0,0,0,0,0,0,0,9
50477,2,1,1990,0,0,0,0,0,0,0,0,0,0
50478,1,1,1990,9,9,9,9,9,9,9,9,9,9
50479,1,1,1990,0,0,0,0,0,0,0,0,0,0
50480,1,1,1990,0,10,15,0,14,27,16,6,7,9
50481,0,1,1990,16,16,16,16,16,16,16,16,16,16
50481,1,1,1990,0,0,0,0,0,0,0,0,0,0
50482,1,1,1990,0,0,0,0,0,0,0,0,0,0
50482,2,1,1990,20,20,20,20,20,20,20,20,20,20
50483,0,1,1990,0,0,0,0,0,0,0,0,24,0
50483,1,1,1990,0,0,0,0,0,0,0,0,0,0
50484,1,1,1990,0,0,0,0,0,0,0,0,0,0
50485,1,1,1990,0,0,0,0,35,0,0,0,0,0
50486,1,1,1990,0,0,0,0,0,0,0,0,0,0
50486,2,1,1990,12,0,20,0,21,0,12,36,0,0
50487,1,1,1990,0,15,0,0,0,0,0,0,34,0
50487,2,1,1990,15,15,15,15,15,15,15,15,15,15
50487,3,1,1990,13,7,0,0,14,21,2,27,10,0
50488,1,1,1990,0,0,0,0,0,0,0,0,0,0
50488,2,1,1990,0,0,0,0,0,0,0,0,0,0
50489,1,1,1990,30,23,15,10,11,12,18,12,7,18
50490,1,1,1990,0,0,0,0,0,0,0,0,0,0
50490,2,1,1990,0,0,0,0,0,0,15,0,0,0
50491,1,1,1990,2,2,2,2,2,2,2,2,2,2
50491,2,1,1990,0,0,0,0,0,0,0,0,0,0
50492,1,1,1990,0,0,0,0,0,0,0,0,0,0
50492,2,1,1990,0,0,0,0,0,0,0,0,0,0
50493,1,1,1990,15,15,15,15,15,15,15,15,15,15
50493,2,1,1990,0,0,0,0,17,0,0,0,0,0
50494,1,1,1990,0,0,0,0,0,0,0,0,0,0
50494,2,1,1990,23,16,19,20,25,28,18,28,25,22
50495,1,1,1990,25,25,25,25,25,25,25,25,25,25
50496,1,1,1990,36,36,36,36,36,36,36,36,36,36
50496,2,1,1990,0,0,0,0,0,0,0,0,0,0
50497,1,1,1990,0,0,0,0,0,0,0,0,0,0
50498,1,1,1990,22,13,11,25,0,9,12,47,20,23
50499,0,1,1990,0,0,0,0,11,0,0,0,0,0
50499,1,1,1990,0,0,0,0,0,0,0,0,0,0
50499,2,1,1990,0,0,0,0,0,0,0,0,0,0
50499,3,1,1990,0,0,0,0,0,0,0,0,0,0
50500,1,1,1990,0,0,0,0,0,0,0,0,0,0
50500,2,1,1990,26,26,26,26,26,26,26,26,26,26
50501,1,1,1990,0,0,0,0,0,0,0,0,0,0
50502,1,1,1990,0,0,0,0,0,0,0,0,0,0
50502,2,1,1990,0,0,0,0,0,0,0,0,0,0
50503,1,1,1990,0,0,0,0,0,0,0,0,0,0
50503,2,1,1990,0,0,0,0,0,0,3,0,0,0
50503,3,1,1990,0,0,0,0,0,0,0,0,0,0
50504,1,1,1990,0,0,0,0,0,0,22,0,0,0
50504,2,1,1990,30,25,35,37,17,10,42,15,23,21
50505,1,1,1990,0,0,0,0,0,0,0,0,0,0
50505,2,1,1990,0,0,0,0,0,0,0,0,0,0
50506,1,1,1990,0,0,0,0,0,8,0,0,0,0
50507,1,1,1990,22,22,22,22,22,22,22,22,22,22
50508,1,1,1990,0,0,0,0,0,0,0,0,0,0
50508,2,1,1990,0,0,0,0,0,0,0,0,0,0
50509,1,1,1990,0,0,0,0,0,0,0,0,0,0
50510,1,1,1990,0,0,0,0,0,0,0,0,0,0
50511,0,1,1990,0,0,0,0,0,0,0,0,0,0
50512,1,1,1990,13,13,13,13,13,13,13,13,13,13
50514,1,1,1990,0,0,0,0,0,0,0,0,0,0
50514,2,1,1990,2,2,2,2,2,2,2,2,2,2
50515,0,1,1990,2,0,12,23,15,25,10,19,9,13
50515,2,1,1990,0,0,0,0,0,0,0,0,0,0
50515,3,1,1990,0,0,0,0,0,0,0,0,0,0
50516,0,1,1990,11,34,28,0,17,22,22,8,9,28
50516,0,2,1990,0,0,0,0,0,0,0,0,0,0
50516,1,1,1990,0,0,0,0,0,0,0,0,0,0
50517,1,1,1990,13,13,13,13,13,13,13,13,13,13
50517,2,1,1990,0,0,0,0,15,7,14,17,16,0
50518,0,1,1990,0,0,0,0,0,0,0,0,0,0
50518,1,1,1990,0,0,0,0,0,0,0,0,0,0
50519,1,1,1990,2,2,2,2,2,2,2,2,2,2
50520,1,1,1990,0,0,0,0,0,0,0,0,0,0
50520,2,1,1990,0,0,0,0,0,0,0,0,0,0
50521,1,1,1990,0,0,0,14,11,0,0,20,18,0
50522,1,1,1990,9,9,9,9,9,9,9,9,9,9
50522,2,1,1990,26,17,0,12,0,27,30,0,18,37
50523,1,1,1990,0,0,0,0,0,0,0,0,0,0
50524,0,1,1990,0,0,0,0,0,0,0,0,0,0
50524,1,1,1990,0,0,0,0,0,0,0,0,0,0
80001,1,1,1990,0,0,0,0,0,0,0,0,0,0
80001,2,1,1990,0,0,0,0,0,0,0,0,0,0
80001,3,1,1990,0,0,0,0,0,0,0,0,0,0
80002,1,1,1990,0,0,0,0,0,0,0,0,0,0
80003,1,1,1990,0,0,0,0,0,0,0,0,0,0
80003,2,1,1990,0,0,0,0,0,0,0,0,0,0
80004,1,1,1990,12,12,12,12,12,12,12,12,12,12
80005,1,1,1990,0,0,0,0,0,0,0,0,0,0
80005,2,1,1990,19,9,0,0,0,0,0,0,0,0
80006,1,1,1990,0,0,0,0,0,0,0,0,0,0
80006,2,1,1990,0,15,0,0,23,0,0,0,0,0
80007,1,1,1990,0,0,0,0,0,0,0,0,0,0
80007,2,1,1990,0,0,0,0,0,0,0,0,0,0
80007,3,1,1990,0,0,0,0,0,0,0,0,0,0
80008,1,1,1990,6,6,6,6,6,6,6,6,6,6
80008,2,1,1990,8,8,8,8,8,8,8,8,8,8
80009,1,1,1990,0,0,0,0,0,0,0,0,0,0
80009,2,1,1990,0,0,0,0,0,0,0,0,0,0
80010,1,1,1990,9,9,9,9,9,9,9,9,9,9
80011,1,1,1990,18,18,18,18,18,18,18,18,18,18
80012,1,1,1990,0,0,0,0,0,0,0,0,0,0
80012,2,1,1990,0,0,0,0,0,0,0,0,0,0
80013,1,1,1990,0,0,0,0,0,0,0,0,0,0
80013,2,1,1990,0,0,0,0,0,0,0,0,0,0
80014,1,1,1990,0,0,0,0,0,0,0,0,0,0
80014,2,1,1990,0,0,0,0,0,0,0,0,0,0
80015,1,1,1990,0,0,0,0,0,0,0,0,0,0
80015,2,1,1990,0,0,0,0,0,0,0,0,0,0
80016,1,1,1990,14,14,14,14,14,14,14,14,14,14
80016,2,1,1990,0,0,0,0,0,0,0,0,0,0
80017,1,1,1990,0,0,0,0,0,0,0,0,0,0
80017,2,1,1990,0,0,0,0,0,0,0,0,0,0
80018,1,1,1990,13,13,13,13,13,13,13,13,13,13
80019,1,1,1990,16,16,16,16,16,16,16,16,16,16
80020,0,1,1990,0,0,0,0,0,0,0,0,0,0
80020,0,2,1990,25,23,0,0,0,10,0,0,0,0
80020,1,1,1990,0,0,0,0,0,0,0,0,4,0
80021,1,1,1990,14,14,14,14,14,14,14,14,14,14
80022,0,1,1990,30,30,30,30,30,30,30,30,30,30
80022,1,1,1990,0,0,0,0,0,0,0,0,0,0
80023,1,1,1990,19,19,19,19,19,19,19,19,19,19
80024,1,1,1990,25,25,25,25,25,25,25,25,25,25
80024,2,1,1990,0,0,0,0,0,0,0,0,0,0
80025,1,1,1990,16,16,16,16,16,16,16,16,16,16
80026,1,1,1990,7,7,7,7,7,7,7,7,7,7
80027,1,1,1990,0,0,0,0,0,0,0,0,0,0
80027,2,1,1990,0,0,0,10,8,0,0,0,0,19
80028,0,1,1990,28,28,28,28,28,28,28,28,28,28
80028,1,1,1990,0,0,0,0,0,0,0,0,0,0
80029,1,1,1990,0,0,0,0,0,0,0,0,0,0
80029,2,1,1990,0,0,0,0,0,0,0,0,0,0
80030,1,1,1990,0,0,0,0,0,0,0,0,0,0
80031,1,1,1990,0,0,0,0,0,0,0,0,0,0
80032,1,1,1990,0,0,0,0,0,0,0,0,0,0
80032,2,1,1990,0,0,0,0,0,0,0,0,0,0
80033,1,1,1990,0,0,0,0,0,0,0,0,0,0
80034,1,1,1990,0,0,0,0,0,0,0,0,0,0
80035,0,1,1990,30,30,30,30,30,30,30,30,30,30
80035,1,1,1990,30,30,30,30,30,30,30,30,30,30
80036,1,1,1990,18,0,0,0,0,0,0,12,0,0
80037,0,1,1990,0,0,0,0,0,0,0,0,0,0
80037,1,1,1990,0,0,0,0,0,0,0,0,0,0
80038,1,1,1990,0,0,0,0,0,0,0,0,0,0
80038,2,1,1990,0,0,0,0,0,0,0,0,0,0
80039,1,1,1990,0,0,0,0,0,0,0,0,0,0
80039,2,1,1990,0,0,0,0,0,0,0,0,0,0
80040,1,1,1990,0,0,0,0,0,0,0,0,0,0
80040,2,1,1990,0,0,0,0,0,0,0,0,0,0
80041,1,1,1990,0,0,0,0,0,0,0,0,0,0
80041,2,1,1990,0,0,0,0,0,0,0,0,0,0
80042,1,1,1990,15,0,0,0,0,0,0,16,0,0
80043,1,1,1990,0,0,0,0,0,0,0,0,0,0
80043,2,1,1990,0,0,0,0,0,0,0,0,0,0
80044,1,1,1990,0,0,0,0,11,0,0,0,14,0
80044,2,1,1990,0,0,0,0,0,0,0,0,0,3
80045,1,1,1990,0,0,0,0,0,0,0,0,0,0
80046,0,1,1990,0,0,0,0,0,0,0,0,0,0
80046,1,1,1990,0,0,0,0,0,0,0,0,0,0
80047,1,1,1990,17,17,17,17,17,17,17,17,17,17
80048,1,1,1990,6,6,6,6,6,6,6,6,6,6
80049,0,1,1990,0,0,25,20,0,0,0,22,25,0
80049,1,1,1990,0,0,0,8,0,0,0,0,0,18
80050,1,1,1990,0,16,0,0,18,0,21,16,26,14
80051,1,1,1990,0,0,10,0,0,0,0,0,0,0
80051,2,1,1990,0,0,0,0,0,0,0,0,0,0
80052,1,1,1990,0,0,0,0,0,0,0,0,0,0
80052,2,1,1990,0,0,0,0,0,0,0,0,0,0
80053,1,1,1990,12,12,12,12,12,12,12,12,12,12
80054,0,1,1990,24,33,36,40,0,15,13,18,17,44
80054,0,2,1990,21,33,39,36,18,0,7,0,22,22
80054,0,3,1990,15,16,23,16,0,15,12,0,7,0
80054,0,4,1990,16,25,0,0,29,0,0,33,12,21
80054,0,5,1990,35,23,37,13,10,0,0,24,9,23
80054,0,6,1990,0,21,19,0,26,0,0,0,32,32
80054,1,1,1990,0,0,0,0,9,0,0,7,0,0
80055,1,1,1990,5,5,5,5,5,5,5,5,5,5
80056,1,1,1990,4,4,4,4,4,4,4,4,4,4
80057,1,1,1990,13,13,13,13,13,13,13,13,13,13
80059,1,1,1990,0,0,0,9,0,0,0,0,6,0
80060,1,1,1990,0,0,0,0,0,0,0,0,0,0
80060,2,1,1990,0,0,0,0,0,0,0,0,0,0
80061,1,1,1990,29,29,29,29,29,29,29,29,29,29
80062,1,1,1990,23,23,23,23,23,23,23,23,23,23
80063,1,1,1990,0,0,0,0,0,0,0,0,0,0
80063,2,1,1990,0,0,0,0,0,0,0,0,0,0
80064,1,1,1990,23,23,23,23,23,23,23,23,23,23
80065,0,1,1990,31,31,31,31,31,31,31,31,31,31
80065,0,2,1990,19,24,16,22,18,25,0,6,20,23
80065,1,1,1990,20,20,20,20,20,20,20,20,20,20
80066,1,1,1990,0,0,0,8,0,0,0,0,0,0
80067,1,1,1990,24,24,24,24,24,24,24,24,24,24
80068,1,1,1990,18,18,18,18,18,18,18,18,18,18
80068,2,1,1990,1,1,1,1,1,1,1,1,1,1
80069,1,1,1990,0,0,0,0,0,0,0,0,0,0
80070,1,1,1990,0,0,0,0,0,0,31,0,0,0
80070,2,1,1990,0,0,0,0,0,0,0,0,0,0
80071,1,1,1990,21,21,21,21,21,21,21,21,21,21
80072,1,1,1990,0,0,0,0,0,0,0,0,0,0
80072,2,1,1990,0,0,0,0,0,0,0,0,0,0
80073,1,1,1990,0,0,0,0,0,0,0,0,0,0
80073,2,1,1990,0,0,0,7,0,0,0,0,0,0
80074,1,1,1990,0,0,0,0,0,0,0,0,0,0
80075,0,1,1990,0,0,0,0,0,0,0,0,0,0
80075,1,1,1990,0,0,0,0,24,0,0,0,6,0
80076,1,1,1990,17,17,17,17,17,17,17,17,17,17
80077,1,1,1990,0,0,0,0,0,0,0,0,0,0
80078,1,1,1990,20,20,20,20,20,20,20,20,20,20
80079,1,1,1990,0,0,0,0,0,0,0,0,0,0
80079,2,1,1990,0,0,0,0,0,0,0,0,0,0
80080,1,1,1990,0,0,0,0,0,0,0,0,0,0
80080,2,1,1990,0,0,0,0,0,0,0,0,0,8
80081,1,1,1990,0,0,0,0,0,0,0,0,0,0
80082,1,1,1990,12,12,12,12,12,12,12,12,12,12
80083,1,1,1990,21,21,21,21,21,21,21,21,21,21
80084,1,1,1990,0,0,0,0,0,0,0,0,0,0
80085,1,1,1990,0,0,0,0,0,0,0,0,0,0
80085,2,1,1990,0,0,0,0,0,0,0,0,0,0
80086,1,1,1990,0,0,0,0,0,0,0,0,0,0
80086,2,1,1990,0,0,0,0,0,7,0,0,0,0
80087,1,1,1990,0,0,0,0,0,0,0,0,0,0
80087,2,1,1990,0,0,0,0,0,0,0,0,0,0
80088,1,1,1990,24,24,24,24,24,24,24,24,24,24
80089,1,1,1990,0,0,0,0,0,0,0,0,0,0
80089,2,1,1990,0,0,0,0,0,0,0,0,0,0
80089,3,1,1990,0,0,0,0,0,0,0,0,0,0
80090,1,1,1990,0,0,0,0,0,0,0,0,0,0
80091,1,1,1990,15,15,15,15,15,15,15,15,15,15
80092,1,1,1990,18,18,18,18,18,18,18,18,18,18
80093,1,1,1990,0,0,0,0,0,0,0,0,0,0
80093,2,1,1990,0,0,0,0,0,0,0,0,0,0
80094,1,1,1990,12,12,12,12,12,12,12,12,12,12
80095,1,1,1990,34,34,34,34,34,34,34,34,34,34
80096,0,1,1990,26,26,26,26,26,26,26,26,26,26
80096,0,2,1990,0,0,0,0,0,0,0,0,0,0
80096,1,1,1990,0,0,0,0,0,0,0,0,0,0
80097,1,1,1990,0,0,0,0,0,0,0,0,0,0
80098,1,1,1990,24,24,24,24,24,24,24,24,24,24
80099,1,1,1990,0,0,0,0,0,0,0,0,0,0
80100,1,1,1990,7,7,7,7,7,7,7,7,7,7
80100,2,1,1990,0,0,0,0,0,0,0,0,0,0
80100,3,1,1990,0,0,0,0,0,0,0,0,0,0
80100,4,1,1990,0,0,0,0,0,8,0,0,0,0
80101,1,1,1990,0,0,0,0,0,0,0,0,0,0
80101,2,1,1990,0,0,0,0,0,0,0,0,0,0
80102,1,1,1990,0,0,0,0,0,0,0,0,0,0
80102,2,1,1990,0,0,0,0,0,0,0,0,0,0
80103,0,1,1990,5,5,5,5,5,5,5,5,5,5
80103,1,1,1990,26,25,12,20,26,27,21,10,13,9
80104,1,1,1990,12,12,12,12,12,12,12,12,12,12
80105,1,1,1990,14,14,14,14,14,14,14,14,14,14
80106,1,1,1990,0,0,0,0,0,0,0,0,0,0
80106,2,1,1990,0,0,0,0,0,0,0,0,0,0
80107,1,1,1990,2,2,2,2,2,2,2,2,2,2
80107,2,1,1990,0,0,0,0,0,0,0,0,0,0
80108,0,1,1990,17,17,17,17,17,17,17,17,17,17
80108,1,1,1990,0,0,0,0,0,0,0,0,0,0
80109,1,1,1990,0,0,0,0,0,0,0,0,0,0
80110,1,1,1990,20,0,0,0,0,0,0,0,2,0
80110,2,1,1990,0,0,0,0,0,0,0,0,0,0
80110,3,1,1990,0,0,0,0,0,0,0,0,0,0
80110,4,1,1990,0,6,0,0,0,0,0,0,0,0
80111,0,1,1990,0,34,21,0,30,15,0,21,0,22
80111,1,1,1990,0,0,0,0,20,0,13,0,0,0
80112,1,1,1990,11,11,11,11,11,11,11,11,11,11
80113,1,1,1990,0,0,0,0,0,0,0,0,0,0
80114,1,1,1990,15,15,15,15,15,15,15,15,15,15
80114,2,1,1990,0,0,0,0,0,0,0,0,0,0
80115,1,1,1990,26,26,26,26,26,26,26,26,26,26
80116,1,1,1990,0,0,0,0,0,0,0,0,0,0
80117,1,1,1990,0,0,0,0,0,0,0,0,0,0
80117,2,1,1990,0,0,0,0,0,0,0,0,0,0
80118,1,1,1990,0,0,0,0,0,0,0,0,0,0
80119,1,1,1990,7,7,7,7,7,7,7,7,7,7
80120,1,1,1990,10,10,10,10,10,10,10,10,10,10
80121,1,1,1990,0,0,0,0,0,0,0,0,0,0
80121,2,1,1990,0,0,0,0,0,0,0,0,0,0
80122,0,1,1990,0,0,0,0,0,0,0,0,0,0
80122,1,1,1990,0,0,0,0,0,0,0,0,0,0
80123,1,1,1990,0,0,0,0,0,0,0,0,0,0
80123,2,1,1990,0,0,0,0,0,0,0,0,0,0
80124,1,1,1990,0,0,0,0,0,0,0,0,0,0
80125,1,1,1990,0,0,0,0,0,0,0,0,0,0
80125,2,1,1990,0,0,0,0,0,0,0,0,0,0
80126,0,1,1990,0,0,0,0,0,0,0,0,0,0
80126,0,2,1990,0,0,0,0,0,0,0,0,0,0
80126,1,1,1990,0,0,0,0,0,0,0,0,0,0
80127,1,1,1990,6,6,6,6,6,6,6,6,6,6
80128,1,1,1990,9,9,9,9,9,9,9,9,9,9
80129,1,1,1990,26,26,26,26,26,26,26,26,26,26
80129,2,1,1990,9,9,9,9,9,9,9,9,9,9
80130,1,1,1990,14,14,14,14,14,14,14,14,14,14
80131,1,1,1990,17,17,17,17,17,17,17,17,17,17
80132,1,1,1990,0,0,0,0,0,0,0,0,0,0
80133,1,1,1990,21,0,0,0,0,0,22,0,0,0
80134,1,1,1990,0,0,0,0,0,0,0,0,0,0
80134,2,1,1990,0,0,0,0,0,0,0,0,0,0
80134,3,1,1990,0,0,0,0,0,0,0,0,0,0
80135,1,1,1990,48,48,48,48,48,48,48,48,48,48
80136,1,1,1990,0,0,0,0,0,0,0,0,0,0
80137,1,1,1990,0,0,0,0,0,0,0,0,0,0
80138,1,1,1990,17,17,17,17,17,17,17,17,17,17
80139,1,1,1990,32,15,18,15,15,11,15,16,34,25
80139,2,1,1990,0,0,0,0,0,0,0,0,0,0
80140,1,1,1990,0,0,0,0,31,0,0,0,0,0
80141,1,1,1990,16,16,16,16,16,16,16,16,16,16
80141,2,1,1990,0,0,0,0,0,0,0,0,0,0
80142,1,1,1990,0,0,0,0,0,0,0,0,0,0
80143,1,1,1990,15,15,15,15,15,15,15,15,15,15
80143,2,1,1990,0,0,0,0,14,0,0,0,0,0
80144,0,1,1990,0,0,0,0,0,0,0,0,0,0
80144,1,1,1990,0,0,0,0,0,0,0,11,0,0
80145,1,1,1990,0,0,0,0,0,0,0,0,0,0
80145,2,1,1990,0,0,0,0,0,0,0,0,8,0
80146,1,1,1990,0,0,0,0,0,0,0,0,0,0
80146,2,1,1990,0,0,0,0,0,0,0,0,0,0
80147,1,1,1990,0,0,0,0,0,0,0,0,0,0
80147,2,1,1990,0,0,7,0,0,0,0,0,0,0
80148,1,1,1990,5,5,5,5,5,5,5,5,5,5
80148,2,1,1990,0,0,0,0,0,0,0,0,0,0
80149,1,1,1990,2,2,2,2,2,2,2,2,2,2
80150,1,1,1990,5,5,5,5,5,5,5,5,5,5
80151,1,1,1990,4,4,4,4,4,4,4,4,4,4
80152,1,1,1990,21,21,21,21,21,21,21,21,21,21
80153,1,1,1990,0,0,0,0,0,0,0,0,0,0
80154,1,1,1990,16,16,16,16,16,16,16,16,16,16
80154,2,1,1990,0,0,0,0,0,0,0,0,0,0
80155,1,1,1990,0,0,0,0,0,0,0,0,0,0
80155,2,1,1990,0,0,0,0,0,0,0,0,0,0
80156,1,1,1990,23,23,23,23,23,23,23,23,23,23
80157,1,1,1990,15,15,15,15,15,15,15,15,15,15
80158,1,1,1990,0,0,0,0,0,0,0,0,0,0
80158,2,1,1990,0,0,0,0,0,0,0,0,0,0
80159,1,1,1990,15,15,15,15,15,15,15,15,15,15
80160,1,1,1990,22,22,22,22,22,22,22,22,22,22
80160,2,1,1990,0,0,0,0,0,0,13,0,0,0
80161,1,1,1990,5,5,5,5,5,5,5,5,5,5
80161,2,1,1990,0,0,0,0,0,0,0,0,0,0
80162,1,1,1990,0,0,0,0,0,0,0,0,0,0
80162,2,1,1990,0,0,0,0,0,0,0,0,0,0
80163,1,1,1990,19,19,19,19,19,19,19,19,19,19
80164,1,1,1990,0,0,0,0,0,0,0,0,0,0
80164,2,1,1990,0,0,0,0,0,0,0,0,0,0
80165,0,1,1990,0,0,0,0,0,0,0,0,0,0
80165,1,1,1990,0,0,0,0,0,0,0,0,0,0
80166,0,1,1990,0,9,13,0,0,0,0,0,0,0
80166,1,1,1990,0,0,0,0,0,0,23,0,0,0
80167,1,1,1990,30,30,30,30,30,30,30,30,30,30
80167,2,1,1990,0,0,0,0,0,0,0,0,0,0
80168,0,1,1990,0,0,0,16,0,22,24,0,0,0
80168,0,2,1990,0,0,0,0,0,0,0,11,0,0
80168,1,1,1990,0,0,0,0,0,0,0,0,0,0
80169,1,1,1990,22,0,5,0,0,0,0,0,0,0
80170,1,1,1990,0,0,0,0,0,0,0,0,0,0
80170,2,1,1990,0,0,0,0,0,0,0,0,0,0
80171,1,1,1990,8,8,8,8,8,8,8,8,8,8
80172,1,1,1990,0,0,0,0,0,0,0,0,0,0
80172,2,1,1990,0,0,0,0,0,0,0,0,0,0
80173,1,1,1990,0,0,0,0,0,0,0,0,0,0
80173,2,1,1990,0,0,0,0,0,0,0,0,0,0
80174,1,1,1990,0,0,0,0,0,0,0,0,0,0
80174,2,1,1990,0,0,0,0,0,0,0,0,0,0
80175,1,1,1990,0,0,0,0,0,0,0,0,0,0
80176,1,1,1990,0,0,0,0,0,0,0,0,0,0
80177,1,1,1990,6,6,6,6,6,6,6,6,6,6
80178,1,1,1990,0,0,0,0,0,0,0,0,0,0
80178,2,1,1990,0,0,0,0,14,0,0,0,0,0
80179,1,1,1990,16,16,16,16,16,16,16,16,16,16
80180,1,1,1990,8,8,8,8,8,8,8,8,8,8
80180,2,1,1990,0,11,0,0,0,5,0,0,8,3
80181,1,1,1990,7,7,7,7,7,7,7,7,7,7
80181,2,1,1990,0,0,0,0,0,0,0,0,0,0
80182,1,1,1990,0,0,0,0,0,0,0,0,0,0
80182,2,1,1990,0,0,0,0,0,0,0,0,0,0
80183,1,1,1990,11,11,11,11,11,11,11,11,11,11
80183,2,1,1990,6,6,6,6,6,6,6,6,6,6
80183,3,1,1990,0,0,0,2,0,0,0,0,0,0
80184,1,1,1990,0,0,0,0,0,29,50,0,0,8
80185,1,1,1990,0,0,0,0,0,0,0,0,0,0
80186,1,1,1990,0,0,0,0,0,0,0,0,0,0
80187,1,1,1990,30,30,30,30,30,30,30,30,30,30
80188,1,1,1990,0,0,0,0,0,0,0,0,0,0
80189,1,1,1990,20,20,20,20,20,20,20,20,20,20
80190,1,1,1990,0,0,0,0,0,0,0,0,0,0
80191,1,1,1990,17,20,18,19,11,17,19,7,10,28
80192,1,1,1990,0,0,0,0,0,0,0,0,0,0
80193,1,1,1990,0,0,0,0,0,0,0,0,0,0
80193,2,1,1990,0,0,0,0,7,0,0,0,0,0
80194,1,1,1990,8,8,8,8,8,8,8,8,8,8
80194,2,1,1990,0,13,0,0,0,0,0,0,0,0
80195,0,1,1990,24,24,24,24,24,24,24,24,24,24
80195,1,1,1990,8,8,8,8,8,8,8,8,8,8
80196,1,1,1990,0,0,0,0,0,0,0,0,0,0
80196,2,1,1990,0,0,0,0,0,0,0,0,0,0
80196,3,1,1990,0,0,0,0,0,0,0,0,0,0
80197,1,1,1990,6,6,6,6,6,6,6,6,6,6
80198,1,1,1990,0,0,0,20,0,0,0,0,0,0
80199,1,1,1990,0,0,0,0,0,0,0,0,0,0
80199,2,1,1990,0,0,0,0,0,0,0,0,0,0
80200,1,1,1990,7,7,7,7,7,7,7,7,7,7
80200,2,1,1990,0,0,0,0,0,0,0,0,0,0
80201,1,1,1990,0,0,0,0,0,0,0,0,0,0
80201,2,1,1990,0,24,13,5,13,0,5,19,12,17
80202,1,1,1990,2,2,2,2,2,2,2,2,2,2
80203,1,1,1990,8,8,8,8,8,8,8,8,8,8
80205,1,1,1990,2,2,2,2,2,2,2,2,2,2
80205,2,1,1990,25,0,0,17,0,0,0,0,0,0
80205,3,1,1990,0,0,0,14,0,0,17,0,0,37
80206,0,1,1990,0,0,0,0,0,0,0,0,0,0
80206,1,1,1990,0,0,0,0,0,0,0,0,0,0
80207,1,1,1990,0,0,0,0,0,0,0,0,0,0
80207,2,1,1990,15,0,0,0,0,0,0,0,0,0
80208,1,1,1990,0,17,0,0,0,0,0,0,0,0
80209,1,1,1990,0,0,0,6,0,0,0,0,0,7
80210,1,1,1990,1,1,1,1,1,1,1,1,1,1
80211,1,1,1990,18,18,18,18,18,18,18,18,18,18
80212,1,1,1990,0,0,0,0,0,0,0,0,0,0