ST_CASE,VEH_NO,PER_NO,YEAR,P1,P2,P3,P4,P5,P6,P7,P8,P9,P10
120032,0,1,1990,15,13,16,15,4,15,14,18,6,15
120032,1,1,1990,0,0,4,17,0,0,21,11,17,23
120034,1,1,1990,20,20,20,20,20,20,20,20,20,20
120035,0,1,1990,0,0,0,0,0,0,0,0,0,0
120035,1,1,1990,0,0,0,0,0,10,0,9,0,0
120036,1,1,1990,9,9,9,9,9,9,9,9,9,9
120037,1,1,1990,0,4,4,0,0,0,0,0,0,0
120038,1,1,1990,0,0,0,0,0,0,0,0,0,0
120038,2,1,1990,12,12,12,12,12,12,12,12,12,12
120039,1,1,1990,0,0,0,0,0,0,0,0,0,0
120039,2,1,1990,0,0,0,0,0,0,9,0,0,0
120040,1,1,1990,27,27,27,27,27,27,27,27,27,27
120040,2,1,1990,0,0,0,0,0,0,0,0,0,0
120041,1,1,1990,0,0,0,0,0,0,0,14,0,0
120041,2,1,1990,0,0,0,0,0,0,0,0,0,12
120041,3,1,1990,0,0,0,0,0,0,0,0,0,0
120042,1,1,1990,0,0,0,0,0,0,0,0,0,0
120042,2,1,1990,0,0,0,0,0,0,0,0,0,0
120043,0,1,1990,0,0,0,0,0,0,0,0,0,0
120043,1,1,1990,0,0,0,0,0,0,0,0,0,0
120044,0,1,1990,0,0,0,0,0,0,0,0,0,0
120044,1,1,1990,0,0,0,0,0,0,0,0,0,0
120045,1,1,1990,0,0,0,0,0,0,0,0,0,0
120045,2,1,1990,0,0,0,0,0,0,0,0,0,0
120045,3,1,1990,0,0,0,0,0,0,0,0,0,0
120046,1,1,1990,0,0,0,0,0,0,0,0,0,0
120046,2,1,1990,0,0,0,0,0,0,0,0,0,0
120047,1,1,1990,0,0,0,0,0,0,0,0,0,0
120047,2,1,1990,0,0,0,0,0,0,0,0,0,0
120048,0,1,1990,0,0,0,0,0,0,0,0,0,0
120048,1,1,1990,0,0,0,0,0,0,0,0,0,0
120049,0,1,1990,0,0,0,0,0,0,0,0,0,0
120049,1,1,1990,0,0,0,0,0,0,0,0,0,4
120050,1,1,1990,9,9,9,9,9,9,9,9,9,9
120050,2,1,1990,0,0,0,0,0,0,0,0,0,0
120051,0,1,1990,0,0,0,0,0,0,0,0,0,0
120051,1,1,1990,0,0,0,0,0,0,0,0,0,0
120052,1,1,1990,0,0,0,0,0,0,0,0,0,0
120052,2,1,1990,20,20,20,20,20,20,20,20,20,20
120053,1,1,1990,14,14,14,14,14,14,14,14,14,14
120053,2,1,1990,0,0,0,0,11,0,24,0,0,0
120054,1,1,1990,0,0,0,0,0,3,0,0,0,0
120055,1,1,1990,8,8,8,8,8,8,8,8,8,8
120056,0,1,1990,0,0,0,0,11,0,0,22,13,0
120056,1,1,1990,0,0,14,0,0,0,0,0,0,0
120057,1,1,1990,0,0,0,0,0,0,0,0,0,0
120057,2,1,1990,0,0,0,0,0,0,0,0,0,0
120058,1,1,1990,0,0,0,0,0,0,0,0,0,0
120058,2,1,1990,0,0,0,0,0,0,0,0,0,0
120059,1,1,1990,0,0,0,0,0,0,0,0,0,0
120059,2,1,1990,0,0,0,0,0,0,0,0,0,0
120060,1,1,1990,0,0,0,0,0,0,15,0,0,0
120060,2,1,1990,11,11,11,11,11,11,11,11,11,11
120061,0,1,1990,18,18,18,18,18,18,18,18,18,18
120061,1,1,1990,13,13,0,0,0,0,23,0,14,0
120062,1,1,1990,0,0,0,0,0,0,0,0,0,0
120063,0,1,1990,1,1,1,1,1,1,1,1,1,1
120063,1,1,1990,0,0,0,0,0,0,0,0,0,0
120064,1,1,1990,9,9,9,9,9,9,9,9,9,9
120065,0,1,1990,18,18,18,18,18,18,18,18,18,18
120065,1,1,1990,20,20,20,20,20,20,20,20,20,20
120066,1,1,1990,13,13,13,13,13,13,13,13,13,13
120067,1,1,1990,7,7,7,7,7,7,7,7,7,7
120068,1,1,1990,9,9,9,9,9,9,9,9,9,9
120068,2,1,1990,0,0,0,0,0,0,0,0,0,0
120068,3,1,1990,0,0,12,0,0,0,0,0,0,0
120068,4,1,1990,0,0,0,0,0,0,0,0,0,0
120068,5,1,1990,0,0,0,0,0,0,0,0,0,0
120069,1,1,1990,11,11,11,11,11,11,11,11,11,11
120070,0,1,1990,17,17,17,17,17,17,17,17,17,17
120070,1,1,1990,0,0,0,29,3,0,11,19,0,0
120071,1,1,1990,0,0,0,0,0,0,0,0,0,0
120072,0,1,1990,0,0,0,0,0,0,0,0,0,0
120072,1,1,1990,0,0,0,0,0,0,0,0,0,0
120073,0,1,1990,0,0,0,0,0,0,0,0,0,0
120073,1,1,1990,0,0,0,0,0,0,0,0,0,0
120074,0,1,1990,0,0,0,0,0,0,0,0,0,0
120074,0,2,1990,0,0,0,0,0,0,0,0,0,0
120074,1,1,1990,0,0,0,0,0,0,0,0,0,0
120075,0,1,1990,10,10,10,10,10,10,10,10,10,10
120075,1,1,1990,0,0,15,0,0,0,13,19,0,0
120076,1,1,1990,14,14,14,14,14,14,14,14,14,14
120078,1,1,1990,19,19,19,19,19,19,19,19,19,19
120079,0,1,1990,20,20,20,20,20,20,20,20,20,20
120079,1,1,1990,0,0,11,0,18,0,0,0,0,0
120080,1,1,1990,22,22,22,22,22,22,22,22,22,22
120080,2,1,1990,0,0,0,0,0,0,0,0,0,0
120081,0,1,1990,14,14,14,14,14,14,14,14,14,14
120081,1,1,1990,0,0,4,0,0,34,0,0,0,0
120082,1,1,1990,0,0,0,0,0,0,0,0,0,0
120083,1,1,1990,0,0,0,0,0,0,0,0,0,0
120083,2,1,1990,0,0,0,0,0,0,0,0,0,0
120084,1,1,1990,0,0,0,0,0,0,0,17,0,0
120084,2,1,1990,0,0,0,0,0,0,0,0,0,21
120085,1,1,1990,17,17,17,17,17,17,17,17,17,17
120086,1,1,1990,0,0,0,0,0,0,0,0,0,0
120086,2,1,1990,0,0,0,0,0,0,0,0,0,0
120087,1,1,1990,0,0,0,0,0,0,0,0,0,0
120087,2,1,1990,20,0,9,0,0,0,0,0,0,0
120088,1,1,1990,0,0,0,0,0,0,0,0,0,0
120088,2,1,1990,0,0,0,0,0,0,0,0,0,0
120089,1,1,1990,0,0,0,0,0,0,0,0,0,0
120089,2,1,1990,0,0,0,0,0,0,0,0,0,5
120090,1,1,1990,0,0,0,0,0,0,0,0,0,0
120091,1,1,1990,0,0,0,0,8,0,0,0,0,0
120091,2,1,1990,0,0,0,0,0,0,0,0,0,0
120092,1,1,1990,13,0,0,0,0,0,0,15,0,0
120092,2,1,1990,10,0,0,0,0,0,0,0,0,0
120093,1,1,1990,22,0,0,0,0,0,22,0,26,17
120093,2,1,1990,0,0,0,0,0,0,0,0,0,0
120094,1,1,1990,12,12,12,12,12,12,12,12,12,12
120095,0,1,1990,0,0,0,0,0,0,0,0,0,0
120095,1,1,1990,0,15,16,0,17,0,0,25,0,27
120096,1,1,1990,11,11,11,11,11,11,11,11,11,11
120097,1,1,1990,30,30,30,30,30,30,30,30,30,30
120098,0,1,1990,15,15,15,15,15,15,15,15,15,15
120098,1,1,1990,0,0,0,0,0,0,0,0,0,0
120099,0,1,1990,0,0,0,0,0,0,0,0,0,0
120099,1,1,1990,0,0,0,0,0,0,5,0,0,0
120100,1,1,1990,0,0,0,0,0,0,0,0,0,0
120100,2,1,1990,0,0,0,0,0,0,0,0,0,0
120101,1,1,1990,22,22,22,22,22,22,22,22,22,22
120101,2,1,1990,0,0,0,0,0,0,0,0,0,0
120102,0,1,1990,0,34,0,0,0,0,0,0,0,0
120102,1,1,1990,0,0,0,14,0,0,5,0,0,6
120103,0,1,1990,11,0,0,0,9,0,0,0,0,0
120103,1,1,1990,13,0,0,0,0,0,0,0,0,0
120104,1,1,1990,4,4,4,4,4,4,4,4,4,4
120104,2,1,1990,0,0,0,0,0,0,0,0,0,0
120105,0,1,1990,0,0,0,0,0,0,0,0,0,0
120105,1,1,1990,0,0,0,0,0,0,0,0,0,0
120106,1,1,1990,42,42,42,42,42,42,42,42,42,42
120107,1,1,1990,0,0,0,0,0,0,0,0,0,0
120108,1,1,1990,19,19,19,19,19,19,19,19,19,19
120109,1,1,1990,0,0,0,0,0,0,0,0,0,0
120109,2,1,1990,0,0,0,0,0,0,0,0,0,0
120110,1,1,1990,0,0,0,0,0,0,0,0,0,0
120110,2,1,1990,0,0,0,0,0,0,0,0,0,0
120111,1,1,1990,0,0,0,0,0,0,0,0,0,0
120111,2,1,1990,1,1,1,1,1,1,1,1,1,1
120112,1,1,1990,0,0,0,0,0,0,0,0,0,0
120112,2,1,1990,0,0,0,0,0,0,0,0,0,0
120113,1,1,1990,0,0,0,0,0,0,0,0,0,0
120113,2,1,1990,0,0,0,0,0,0,0,0,0,0
120114,1,1,1990,5,5,5,5,5,5,5,5,5,5
120115,1,1,1990,0,0,0,0,0,0,0,0,0,0
120116,0,1,1990,12,39,11,21,22,14,37,12,26,28
120116,0,2,1990,0,0,0,0,15,0,0,0,0,0
120116,1,1,1990,0,0,0,0,0,0,4,0,0,0
120117,1,1,1990,24,24,24,24,24,24,24,24,24,24
120117,2,1,1990,0,0,0,0,0,0,0,0,0,0
120119,1,1,1990,0,0,0,0,0,0,0,0,0,0
120120,0,1,1990,0,0,23,13,43,0,9,20,0,0
120120,1,1,1990,0,0,0,14,0,0,0,0,0,0
120121,1,1,1990,11,11,11,11,11,11,11,11,11,11
120122,1,1,1990,26,18,0,0,0,18,9,4,25,0
120122,2,1,1990,0,0,0,0,0,0,0,0,0,0
120123,0,1,1990,37,37,37,37,37,37,37,37,37,37
120123,1,1,1990,0,0,0,0,0,0,0,0,0,0
120124,1,1,1990,20,20,20,20,20,20,20,20,20,20
120125,0,1,1990,0,0,0,0,0,0,0,0,0,0
120125,1,1,1990,9,0,19,0,12,13,0,0,0,15
120125,2,1,1990,0,0,0,0,0,0,31,0,0,3
120125,3,1,1990,2,0,0,0,0,0,0,16,0,0
120126,1,1,1990,16,16,16,16,16,16,16,16,16,16
120126,2,1,1990,0,0,0,0,0,0,0,0,0,0
120127,1,1,1990,16,16,16,16,16,16,16,16,16,16
120128,1,1,1990,15,15,15,15,15,15,15,15,15,15
120129,0,1,1990,8,8,8,8,8,8,8,8,8,8
120129,1,1,1990,17,0,0,0,0,0,0,23,0,0
120130,1,1,1990,0,0,0,0,0,0,0,0,0,0
120131,1,1,1990,0,0,0,0,0,0,0,0,0,0
120131,2,1,1990,0,0,0,0,0,0,0,0,0,0
120132,0,1,1990,0,0,0,0,0,0,0,0,0,0
120132,1,1,1990,0,0,0,0,0,0,0,0,0,0
120132,2,1,1990,0,0,0,0,0,0,0,0,0,0
120133,1,1,1990,7,7,7,7,7,7,7,7,7,7
120133,2,1,1990,0,0,0,14,0,0,0,0,0,7
120134,1,1,1990,15,15,15,15,15,15,15,15,15,15
120134,2,1,1990,0,19,11,0,27,0,0,0,0,0
120135,1,1,1990,0,0,0,0,0,0,0,0,0,0
120135,2,1,1990,0,0,0,0,0,0,0,0,0,0
120136,0,1,1990,29,29,29,29,29,29,29,29,29,29
120136,1,1,1990,0,27,0,0,0,13,0,0,0,0
120137,0,1,1990,25,25,25,25,25,25,25,25,25,25
120137,1,1,1990,18,18,18,18,18,18,18,18,18,18
120138,1,1,1990,0,4,0,0,7,0,0,14,16,0
120138,2,1,1990,0,0,0,9,0,0,0,0,0,0
120139,0,1,1990,0,0,0,0,0,0,0,0,0,0
120139,1,1,1990,0,0,0,10,5,0,30,0,0,0
120140,1,1,1990,12,12,12,12,12,12,12,12,12,12
120141,1,1,1990,27,27,27,27,27,27,27,27,27,27
120142,0,1,1990,24,24,24,24,24,24,24,24,24,24
120142,1,1,1990,0,0,12,0,0,0,19,0,0,0
120143,0,1,1990,27,27,27,27,27,27,27,27,27,27
120143,1,1,1990,7,9,0,23,0,0,16,0,9,11
120144,0,1,1990,0,0,0,0,0,0,0,0,0,0
120144,1,1,1990,0,0,0,0,0,0,15,0,0,0
120145,0,1,1990,0,0,8,0,27,26,25,0,4,0
120145,1,1,1990,0,0,0,16,0,0,4,3,0,0
120146,1,1,1990,0,0,0,0,0,0,0,0,0,0
120146,2,1,1990,0,0,0,0,0,0,0,0,0,0
120147,1,1,1990,0,0,0,0,0,0,0,9,0,0
120147,2,1,1990,0,0,0,0,0,0,0,0,0,0
120148,1,1,1990,18,18,18,18,18,18,18,18,18,18
120149,0,1,1990,0,0,0,0,0,0,0,0,0,0
120149,1,1,1990,0,0,0,5,28,5,0,0,8,0
120150,1,1,1990,19,19,19,19,19,19,19,19,19,19
120150,2,1,1990,0,0,13,8,0,0,0,0,0,0
120151,1,1,1990,0,0,0,0,0,0,0,0,0,0
120151,2,1,1990,0,0,0,0,0,0,0,0,0,0
120152,1,1,1990,0,0,0,0,0,0,0,0,0,0
120152,2,1,1990,11,11,11,11,11,11,11,11,11,11
120153,1,1,1990,24,24,24,24,24,24,24,24,24,24
120154,0,1,1990,0,0,7,0,32,0,0,39,0,0
120154,1,1,1990,0,0,0,0,0,0,0,0,0,7
120155,1,1,1990,11,11,11,11,11,11,11,11,11,11
120156,1,1,1990,8,8,8,8,8,8,8,8,8,8
120157,1,1,1990,8,0,0,0,10,0,0,0,0,8
120157,2,1,1990,4,4,4,4,4,4,4,4,4,4
120158,0,1,1990,25,25,25,25,25,25,25,25,25,25
120158,1,1,1990,19,19,19,19,19,19,19,19,19,19
120159,1,1,1990,0,0,0,0,0,0,0,0,0,0
120159,2,1,1990,0,0,0,0,0,0,0,0,0,0
120160,1,1,1990,23,23,23,23,23,23,23,23,23,23
120161,1,1,1990,0,0,0,0,0,0,0,0,0,0
120162,1,1,1990,0,0,0,0,0,0,0,0,0,0
120163,0,1,1990,3,3,3,3,3,3,3,3,3,3
120163,1,1,1990,0,0,0,0,0,0,4,0,0,0
120164,1,1,1990,0,0,0,0,0,0,0,0,0,0
120165,0,1,1990,0,0,0,0,0,0,0,0,0,0
120165,1,1,1990,0,0,0,0,0,0,0,0,0,0
120166,0,1,1990,0,0,0,0,0,0,0,0,0,0
120166,1,1,1990,0,0,0,0,0,0,0,0,0,0
120167,1,1,1990,0,0,0,0,0,0,0,0,0,0
120167,2,1,1990,0,0,0,0,0,0,0,0,0,0
120167,3,1,1990,0,0,0,0,0,0,0,0,0,0
120168,1,1,1990,19,19,19,19,19,19,19,19,19,19
120169,1,1,1990,13,13,13,13,13,13,13,13,13,13
120169,2,1,1990,0,0,0,0,0,0,0,0,0,0
120170,1,1,1990,15,15,15,15,15,15,15,15,15,15
120171,1,1,1990,0,0,0,0,0,0,0,0,0,0
120171,2,1,1990,0,0,0,0,0,0,0,0,0,0
120172,1,1,1990,0,0,0,0,0,0,0,0,0,0
120172,2,1,1990,0,0,0,0,0,0,0,0,0,0
120173,1,1,1990,22,22,22,22,22,22,22,22,22,22
120173,2,1,1990,0,0,0,0,0,0,0,0,0,0
120174,1,1,1990,16,16,16,16,16,16,16,16,16,16
120174,2,1,1990,0,0,0,0,0,0,0,0,4,0
120174,3,1,1990,0,0,0,0,0,0,0,0,0,0
120175,0,1,1990,0,0,0,0,0,0,0,0,0,0
120175,1,1,1990,0,0,0,0,0,0,0,0,0,0
120176,0,1,1990,0,0,16,0,14,0,0,0,21,0
120176,1,1,1990,0,0,0,0,0,30,0,0,0,0
120177,1,1,1990,0,0,0,0,0,0,0,0,0,0
120177,2,1,1990,0,0,0,0,0,0,0,0,0,0
120178,1,1,1990,0,0,0,0,0,0,0,0,0,0
120178,2,1,1990,0,0,0,0,0,0,0,0,0,0
120179,1,1,1990,0,0,0,0,0,0,0,0,0,0
120179,2,1,1990,43,43,43,43,43,43,43,43,43,43
120180,0,1,1990,15,15,15,15,15,15,15,15,15,15
120180,1,1,1990,0,0,0,0,0,0,0,25,7,0
120181,1,1,1990,0,0,0,0,0,0,0,0,0,0
120181,2,1,1990,2,2,2,2,2,2,2,2,2,2
120182,1,1,1990,0,0,0,0,0,0,0,0,0,0
120182,2,1,1990,6,6,6,6,6,6,6,6,6,6
120183,1,1,1990,2,2,2,2,2,2,2,2,2,2
120183,2,1,1990,0,0,0,0,0,0,0,0,0,0
120184,1,1,1990,0,0,0,0,0,0,0,0,0,0
120184,2,1,1990,0,0,0,0,0,0,0,0,0,0
120185,1,1,1990,0,0,0,0,0,0,0,0,0,0
120185,2,1,1990,0,0,0,0,0,0,0,0,0,0
120186,1,1,1990,22,22,22,22,22,22,22,22,22,22
120186,2,1,1990,0,0,0,0,0,0,0,0,0,0
120187,1,1,1990,0,0,0,0,0,0,0,0,0,0
120187,2,1,1990,0,0,0,0,0,0,0,0,0,0
120188,1,1,1990,0,0,0,0,0,0,0,0,0,0
120188,2,1,1990,0,0,0,0,0,0,0,0,6,0
120189,1,1,1990,15,9,7,0,0,7,0,20,16,11
120189,2,1,1990,0,0,0,0,0,0,0,0,0,0
120189,3,1,1990,0,22,0,0,0,0,0,0,0,0
120190,1,1,1990,0,0,0,0,0,0,0,0,0,0
120192,1,1,1990,8,8,8,8,8,8,8,8,8,8
120193,1,1,1990,0,0,0,0,0,0,0,0,0,0
120194,0,1,1990,0,0,20,0,0,0,0,0,0,0
120194,0,2,1990,0,0,0,0,0,0,0,0,0,0
120194,0,3,1990,16,15,28,13,25,0,13,3,0,0
120194,1,1,1990,30,30,30,30,30,30,30,30,30,30
120195,0,1,1990,26,26,26,26,26,26,26,26,26,26
120195,1,1,1990,22,22,22,22,22,22,22,22,22,22
120195,2,1,1990,0,0,0,0,0,0,0,0,0,15
120196,1,1,1990,0,0,0,0,0,0,0,0,0,0
120196,2,1,1990,0,0,0,0,0,0,0,0,0,0
120197,1,1,1990,0,0,17,0,0,0,0,0,0,13
120197,2,1,1990,28,28,28,28,28,28,28,28,28,28
120198,0,1,1990,27,27,27,27,27,27,27,27,27,27
120198,1,1,1990,0,0,0,0,11,0,0,0,0,0
120199,1,1,1990,21,21,21,21,21,21,21,21,21,21
120200,0,1,1990,0,0,0,0,0,0,0,0,0,0
120200,1,1,1990,0,0,0,10,0,0,0,0,0,0
120201,1,1,1990,0,0,7,0,0,0,0,0,0,0
120201,2,1,1990,0,9,21,13,9,0,0,0,11,0
120202,1,1,1990,0,4,0,0,0,0,0,0,0,0
120202,2,1,1990,0,0,0,0,0,0,0,0,0,0
120203,0,1,1990,0,0,0,0,0,0,23,0,11,0
120203,1,1,1990,0,0,0,0,0,0,0,0,0,5
120204,1,1,1990,0,0,0,0,0,0,0,0,0,0
120204,2,1,1990,2,2,2,2,2,2,2,2,2,2
120205,1,1,1990,0,0,0,0,0,0,0,0,0,0
120205,2,1,1990,0,0,0,0,0,0,0,0,0,0
120206,1,1,1990,22,0,0,0,0,0,0,0,0,0
120206,2,1,1990,12,12,12,12,12,12,12,12,12,12
120207,1,1,1990,0,0,0,0,0,0,0,0,0,0
120207,2,1,1990,0,0,0,0,0,0,0,0,0,0
120208,1,1,1990,15,15,15,15,15,15,15,15,15,15
120208,2,1,1990,0,0,0,0,0,0,0,0,0,0
120209,1,1,1990,0,0,0,20,0,0,0,14,0,0
120210,0,1,1990,0,0,0,0,0,0,0,0,0,0
120210,1,1,1990,0,0,0,0,0,0,0,0,0,0
120211,0,1,1990,16,16,16,16,16,16,16,16,16,16
120211,1,1,1990,0,0,0,0,0,0,0,0,0,0
120212,1,1,1990,0,0,0,0,0,0,0,0,0,0
120212,2,1,1990,0,0,0,0,0,0,0,0,0,0
120213,1,1,1990,35,35,35,35,35,35,35,35,35,35
120215,0,1,1990,0,0,0,0,0,0,0,0,0,0
120215,1,1,1990,0,0,0,0,0,0,0,0,0,0
120216,1,1,1990,19,19,19,19,19,19,19,19,19,19
120216,2,1,1990,0,0,0,0,0,0,0,0,0,0
120217,1,1,1990,0,0,0,0,0,0,0,0,0,0
120217,2,1,1990,0,0,0,0,0,0,0,0,0,0
120217,3,1,1990,0,0,0,0,0,0,0,0,0,0
120218,0,1,1990,0,0,0,0,0,0,0,0,0,0
120218,1,1,1990,0,0,0,0,0,0,0,0,0,0
120218,2,1,1990,0,0,0,0,0,0,0,0,0,0
120219,1,1,1990,0,0,0,0,0,0,0,0,0,0
120219,2,1,1990,0,0,0,0,0,0,0,0,0,0
120220,1,1,1990,0,0,0,0,0,0,0,0,0,0
120220,2,1,1990,0,0,0,0,0,0,0,0,0,0
120221,1,1,1990,8,8,8,8,8,8,8,8,8,8
120221,2,1,1990,0,0,0,0,0,0,0,0,0,0
120221,3,1,1990,0,0,0,0,0,15,0,0,0,0
120222,1,1,1990,30,20,13,22,11,13,18,17,18,12
120223,0,1,1990,0,0,0,0,0,0,0,0,0,0
120223,1,1,1990,0,0,0,0,0,0,0,0,0,0
120224,1,1,1990,13,13,13,13,13,13,13,13,13,13
120224,2,1,1990,0,0,0,0,0,0,0,0,0,0
120225,1,1,1990,0,0,0,0,0,0,0,0,0,0
120225,2,1,1990,0,0,0,0,0,0,0,0,0,0
120226,1,1,1990,21,21,21,21,21,21,21,21,21,21
120227,1,1,1990,0,0,0,0,0,12,0,0,0,0
120228,1,1,1990,21,21,21,21,21,21,21,21,21,21
120229,1,1,1990,15,15,15,15,15,15,15,15,15,15
120229,2,1,1990,0,0,0,0,0,0,0,0,0,0
120230,0,1,1990,19,19,19,19,19,19,19,19,19,19
120230,1,1,1990,13,31,18,11,15,0,3,22,0,22
120231,1,1,1990,0,0,0,14,0,0,7,0,0,0
120232,1,1,1990,16,0,0,0,12,16,0,17,0,0
120232,2,1,1990,0,0,0,0,0,9,0,25,0,0
120232,3,1,1990,0,0,0,0,0,0,0,0,0,0
120233,1,1,1990,0,0,0,0,0,0,0,0,0,0
120234,1,1,1990,5,5,5,5,5,5,5,5,5,5
120234,2,1,1990,0,0,0,0,0,0,0,0,0,5
120235,1,1,1990,0,0,0,0,0,0,0,0,0,0
120235,2,1,1990,0,0,0,0,0,0,0,0,0,0
120236,1,1,1990,0,0,0,0,0,0,0,0,0,0
120236,2,1,1990,0,0,0,0,0,0,6,0,0,0
120236,3,1,1990,0,0,0,4,0,11,0,0,0,0
120237,1,1,1990,10,10,10,10,10,10,10,10,10,10
120237,2,1,1990,12,12,12,12,12,12,12,12,12,12
120237,3,1,1990,0,0,0,0,0,0,0,0,0,4
120237,4,1,1990,0,0,0,0,10,0,19,0,0,0
120238,1,1,1990,7,7,7,7,7,7,7,7,7,7
120238,2,1,1990,0,0,0,0,0,0,0,0,0,0
120239,1,1,1990,15,15,15,15,15,15,15,15,15,15
120239,2,1,1990,6,6,6,6,6,6,6,6,6,6
120240,1,1,1990,0,23,0,0,0,0,0,0,15,0
120242,1,1,1990,0,0,0,0,0,0,0,0,0,0
120242,2,1,1990,0,0,0,0,0,0,0,0,0,0
120243,1,1,1990,0,0,0,0,0,0,0,0,0,0
120243,2,1,1990,0,0,0,0,0,0,0,0,0,0
120244,1,1,1990,0,0,0,0,0,0,0,0,0,0
120244,2,1,1990,0,0,0,0,0,0,0,0,0,0
120245,0,1,1990,16,16,16,16,16,16,16,16,16,16
120245,1,1,1990,0,0,0,0,0,0,0,0,0,0
120246,1,1,1990,0,0,0,0,0,0,0,0,0,0
120247,0,1,1990,0,0,0,0,0,0,0,0,0,0
120247,1,1,1990,0,0,0,17,0,0,0,0,0,0
120248,1,1,1990,0,0,0,0,0,0,0,0,0,0
120249,1,1,1990,14,14,14,14,14,14,14,14,14,14
120249,2,1,1990,0,0,0,0,0,0,0,0,0,0
120250,1,1,1990,4,4,4,4,4,4,4,4,4,4
120251,1,1,1990,8,8,8,8,8,8,8,8,8,8
120251,2,1,1990,0,0,0,0,0,0,0,0,0,0
120252,1,1,1990,3,3,3,3,3,3,3,3,3,3
120252,2,1,1990,0,0,0,0,0,0,0,0,0,0
120253,1,1,1990,15,15,15,15,15,15,15,15,15,15
120253,2,1,1990,0,0,0,0,0,9,19,0,0,0
120254,0,1,1990,0,0,0,0,0,0,0,0,0,0
120254,1,1,1990,0,0,0,0,0,0,0,0,11,0
120255,1,1,1990,8,8,8,8,8,8,8,8,8,8
120255,2,1,1990,0,0,0,0,0,0,0,0,0,0
120256,1,1,1990,0,0,0,0,0,0,0,0,0,0
120256,2,1,1990,0,0,0,0,0,0,0,0,0,0
120257,1,1,1990,0,0,0,0,0,0,0,0,0,0
120258,1,1,1990,0,0,0,0,0,0,0,0,0,0
120258,2,1,1990,0,0,0,0,0,0,0,0,0,0
120259,1,1,1990,0,0,0,0,0,0,0,0,0,0
120259,2,1,1990,0,7,0,0,0,0,0,0,0,0
120260,1,1,1990,0,0,0,0,0,0,0,0,0,0
120260,2,1,1990,0,0,0,0,0,0,0,0,0,0
120261,1,1,1990,0,0,0,0,0,0,0,0,0,0
120262,1,1,1990,8,8,8,8,8,8,8,8,8,8
120262,2,1,1990,0,0,0,0,0,0,0,0,0,0
120262,3,1,1990,0,0,0,0,0,0,0,0,0,0
120262,4,1,1990,0,0,0,0,0,0,0,23,0,0
120263,1,1,1990,21,21,21,21,21,21,21,21,21,21
120263,2,1,1990,0,0,0,0,0,0,0,0,0,0
120263,3,1,1990,0,0,0,0,0,12,0,0,0,0
120265,1,1,1990,14,14,14,14,14,14,14,14,14,14
120266,1,1,1990,18,18,18,18,18,18,18,18,18,18
120267,0,1,1990,30,30,30,30,30,30,30,30,30,30
120267,1,1,1990,0,0,0,0,0,0,0,0,2,0
120268,1,1,1990,0,0,0,0,0,0,0,0,0,0
120268,2,1,1990,26,26,26,26,26,26,26,26,26,26
120269,0,1,1990,0,0,0,0,0,0,0,0,0,0
120269,1,1,1990,11,0,0,0,0,13,0,0,0,0
120270,1,1,1990,29,29,29,29,29,29,29,29,29,29
120271,0,1,1990,10,0,0,0,20,0,0,9,0,20
120271,0,2,1990,0,0,40,0,26,0,18,3,0,2
120271,0,3,1990,0,0,0,23,0,0,28,0,22,0
120271,1,1,1990,19,19,19,19,19,19,19,19,19,19
120272,1,1,1990,0,0,0,0,0,0,0,0,0,0
120273,0,1,1990,0,0,0,0,0,0,0,0,0,0
120273,1,1,1990,24,24,24,24,24,24,24,24,24,24
120274,1,1,1990,16,16,16,16,16,16,16,16,16,16
120274,2,1,1990,0,0,0,0,0,0,0,0,0,0
120275,1,1,1990,15,12,18,14,6,5,19,10,22,17
120276,1,1,1990,18,18,18,18,18,18,18,18,18,18
120276,2,1,1990,0,0,0,0,0,0,0,0,0,0
120277,0,1,1990,22,22,22,22,22,22,22,22,22,22
120277,1,1,1990,2,2,2,2,2,2,2,2,2,2
120278,1,1,1990,0,0,0,0,0,0,0,0,0,0
120279,1,1,1990,0,0,0,0,0,0,0,0,0,0
120279,2,1,1990,0,0,0,0,0,0,0,0,0,0
120280,0,1,1990,25,25,25,25,25,25,25,25,25,25
120280,0,2,1990,30,30,30,30,30,30,30,30,30,30
120280,1,1,1990,0,0,0,0,0,0,0,0,0,0
120281,1,1,1990,14,14,14,14,14,14,14,14,14,14
120282,1,1,1990,26,11,11,20,0,19,32,7,15,25
120284,0,1,1990,0,0,0,0,0,0,0,0,0,0
120284,1,1,1990,0,0,0,15,0,0,0,11,0,0
120286,0,1,1990,0,0,0,0,0,0,0,0,0,0
120286,1,1,1990,0,0,0,0,0,0,0,0,0,0
120287,1,1,1990,0,0,0,12,0,0,0,0,0,0
120287,2,1,1990,0,0,0,0,0,0,0,0,0,0
120288,0,1,1990,0,0,0,0,0,0,0,0,0,0
120288,1,1,1990,0,0,0,0,0,0,0,0,0,0
120289,0,1,1990,0,0,0,0,25,0,0,36,28,0
120289,1,1,1990,8,0,0,0,17,10,0,0,6,30
120290,1,1,1990,0,0,0,0,0,0,0,0,0,0
120290,2,1,1990,0,0,0,0,0,0,0,0,0,0