ST_CASE,VEH_NO,PER_NO,YEAR,P1,P2,P3,P4,P5,P6,P7,P8,P9,P10
121905,0,1,1990,0,0,0,0,0,0,0,0,0,0
121905,1,1,1990,0,0,0,0,0,0,0,0,0,0
121906,1,1,1990,0,0,0,0,0,0,0,0,11,0
121907,1,1,1990,0,0,0,0,0,0,0,0,0,0
121908,0,1,1990,0,0,0,0,0,0,0,0,0,0
121908,1,1,1990,0,0,0,0,0,0,0,0,0,0
121910,1,1,1990,28,28,28,28,28,28,28,28,28,28
121910,2,1,1990,0,0,0,0,0,0,0,0,0,0
121911,1,1,1990,0,0,0,0,0,0,0,0,0,0
121911,2,1,1990,0,0,0,0,0,0,0,0,0,0
121912,1,1,1990,0,0,0,0,0,0,0,0,0,0
121913,0,1,1990,20,24,0,18,0,42,18,15,11,10
121913,1,1,1990,18,12,4,11,23,15,32,27,25,12
121915,0,1,1990,0,0,0,0,0,0,0,0,0,0
121915,1,1,1990,0,0,0,0,0,0,0,0,0,0
121916,1,1,1990,0,0,0,0,0,0,0,0,0,0
121916,2,1,1990,0,0,0,0,0,0,0,0,0,0
121917,1,1,1990,0,0,5,19,0,0,0,0,0,0
121918,0,1,1990,15,15,15,15,15,15,15,15,15,15
121918,0,2,1990,26,26,26,26,26,26,26,26,26,26
121918,1,1,1990,0,0,4,0,0,0,0,0,0,0
121919,1,1,1990,0,0,0,0,0,0,0,0,0,0
121919,2,1,1990,0,0,0,0,0,0,0,0,0,0
121920,1,1,1990,0,0,0,0,0,0,0,0,0,0
121920,2,1,1990,0,0,0,0,0,0,0,0,0,0
121921,1,1,1990,6,6,6,6,6,6,6,6,6,6
121922,1,1,1990,20,20,20,20,20,20,20,20,20,20
121922,2,1,1990,0,0,0,26,0,0,22,0,0,20
121922,3,1,1990,0,0,0,0,0,0,0,0,0,0
121923,0,1,1990,0,0,0,0,0,0,0,0,0,0
121923,1,1,1990,23,23,23,23,23,23,23,23,23,23
121924,1,1,1990,13,13,13,13,13,13,13,13,13,13
121925,0,1,1990,11,11,11,11,11,11,11,11,11,11
121925,1,1,1990,0,0,0,0,0,0,0,0,13,0
121926,1,1,1990,14,14,14,14,14,14,14,14,14,14
121927,0,1,1990,0,0,0,0,0,0,0,0,0,0
121927,1,1,1990,0,0,0,0,0,0,0,0,0,0
121928,0,1,1990,0,0,7,23,0,0,0,9,0,0
121928,1,1,1990,16,12,0,18,10,12,0,20,0,25
121929,1,1,1990,0,0,0,0,0,0,0,0,0,0
121930,1,1,1990,0,0,0,0,0,0,0,0,0,0
121931,0,1,1990,25,25,25,25,25,25,25,25,25,25
121931,0,2,1990,22,22,22,22,22,22,22,22,22,22
121931,1,1,1990,0,0,0,0,0,0,0,0,0,0
121932,1,1,1990,0,0,0,0,0,0,0,0,0,0
121932,2,1,1990,4,4,4,4,4,4,4,4,4,4
121932,3,1,1990,4,0,0,0,0,0,0,0,0,0
121933,1,1,1990,2,2,2,2,2,2,2,2,2,2
121933,2,1,1990,0,0,0,0,0,0,0,0,0,0
121934,1,1,1990,0,0,0,0,0,0,0,0,0,0
121935,1,1,1990,0,0,0,0,0,0,0,0,0,0
121936,0,1,1990,0,0,0,0,0,0,0,0,0,0
121936,1,1,1990,0,0,0,0,0,0,0,0,0,0
121937,1,1,1990,0,0,0,0,0,0,0,0,0,0
121937,2,1,1990,0,0,0,0,0,0,0,0,0,0
121938,1,1,1990,0,0,0,0,0,0,0,0,0,9
121938,2,1,1990,0,0,0,0,0,0,0,0,0,0
121938,3,1,1990,0,0,0,0,0,0,0,0,0,0
121939,1,1,1990,0,0,0,0,0,0,0,0,0,0
121940,1,1,1990,0,0,0,0,0,0,0,0,0,0
121942,1,1,1990,0,0,0,0,0,0,0,0,0,0
121942,2,1,1990,0,0,0,0,0,0,0,0,0,0
121943,0,1,1990,0,0,12,0,0,0,0,0,0,0
121943,1,1,1990,0,18,0,0,0,0,0,0,0,0
121944,0,1,1990,0,0,0,0,0,0,0,0,0,0
121944,1,1,1990,0,0,0,0,0,0,0,0,0,0
121945,1,1,1990,0,0,0,0,0,0,0,0,0,0
121945,2,1,1990,0,0,10,0,0,0,0,11,0,0
121946,0,1,1990,0,0,0,0,0,0,0,0,0,0
121946,1,1,1990,24,24,24,24,24,24,24,24,24,24
121947,0,1,1990,23,23,23,23,23,23,23,23,23,23
121947,1,1,1990,16,0,0,0,0,0,0,0,0,0
121948,1,1,1990,0,0,0,0,0,0,0,0,0,0
121948,2,1,1990,0,0,0,0,0,0,0,0,0,0
121949,1,1,1990,0,0,0,0,0,0,0,0,0,0
121949,2,1,1990,0,0,0,0,0,0,0,0,0,0
121950,0,1,1990,0,0,0,0,0,0,0,0,0,0
121950,1,1,1990,0,0,0,0,0,0,0,0,0,0
121951,1,1,1990,0,0,0,0,0,0,0,0,0,0
121952,1,1,1990,35,35,35,35,35,35,35,35,35,35
121953,0,1,1990,0,0,0,0,0,0,0,0,0,0
121953,1,1,1990,0,0,0,0,0,0,0,0,0,0
121954,0,1,1990,0,0,0,0,0,0,0,0,0,0
121954,1,1,1990,0,0,0,0,0,0,0,0,0,0
121955,1,1,1990,0,0,0,0,0,0,0,0,0,0
121956,1,1,1990,25,25,25,25,25,25,25,25,25,25
121956,2,1,1990,21,21,21,21,21,21,21,21,21,21
121957,1,1,1990,24,24,24,24,24,24,24,24,24,24
121957,2,1,1990,0,0,0,0,0,0,0,0,0,0
121957,3,1,1990,0,0,0,0,0,0,0,0,0,0
121958,1,1,1990,15,15,15,15,15,15,15,15,15,15
121958,2,1,1990,0,0,0,0,0,0,0,17,0,0
121958,3,1,1990,0,0,0,9,0,0,0,0,0,26
121959,1,1,1990,0,0,0,0,0,0,0,0,0,0
121959,2,1,1990,8,8,8,8,8,8,8,8,8,8
121960,1,1,1990,26,26,26,26,26,26,26,26,26,26
121961,1,1,1990,18,18,18,18,18,18,18,18,18,18
121962,1,1,1990,1,1,1,1,1,1,1,1,1,1
121962,2,1,1990,0,0,0,0,0,0,0,0,0,0
121963,1,1,1990,31,31,31,31,31,31,31,31,31,31
121963,2,1,1990,11,0,0,0,0,0,0,0,0,0
121964,0,1,1990,44,0,15,0,0,0,0,0,6,11
121964,1,1,1990,24,24,24,24,24,24,24,24,24,24
121965,1,1,1990,0,0,0,0,0,0,0,0,0,0
121966,1,1,1990,0,0,0,0,0,0,0,0,0,0
121967,1,1,1990,0,0,0,0,0,0,0,0,0,0
121967,2,1,1990,13,0,13,0,0,0,7,0,0,5
121968,1,1,1990,15,15,15,15,15,15,15,15,15,15
121968,2,1,1990,0,0,0,0,0,0,0,0,0,0
121969,1,1,1990,22,22,22,22,22,22,22,22,22,22
121970,0,1,1990,22,22,22,22,22,22,22,22,22,22
121970,1,1,1990,5,5,5,5,5,5,5,5,5,5
121971,0,1,1990,0,0,0,0,0,0,0,0,0,0
121971,0,2,1990,0,0,27,0,25,0,16,28,21,11
121971,1,1,1990,19,19,19,19,19,19,19,19,19,19
121972,1,1,1990,8,8,8,8,8,8,8,8,8,8
121973,1,1,1990,0,0,0,0,0,0,0,0,0,0
121973,2,1,1990,0,0,0,0,0,0,0,0,0,0
121974,0,1,1990,0,0,19,0,0,0,18,40,0,6
121974,1,1,1990,0,5,28,28,0,0,0,31,24,1
121975,1,1,1990,18,18,18,18,18,18,18,18,18,18
121976,1,1,1990,0,0,13,0,0,13,0,0,18,0
121977,1,1,1990,0,0,0,0,0,0,0,0,0,0
121977,2,1,1990,0,0,0,0,0,0,0,0,10,0
121978,1,1,1990,11,11,11,11,11,11,11,11,11,11
121979,1,1,1990,0,0,0,0,0,0,0,0,0,0
121979,2,1,1990,0,0,0,0,0,0,0,0,0,0
121980,1,1,1990,16,16,16,16,16,16,16,16,16,16
121981,0,1,1990,0,0,0,0,0,0,0,0,0,0
121981,1,1,1990,0,0,0,0,0,0,0,0,0,0
121982,1,1,1990,0,0,0,0,0,0,0,0,0,0
121983,0,1,1990,21,21,21,21,21,21,21,21,21,21
121983,1,1,1990,16,16,16,16,16,16,16,16,16,16
121984,1,1,1990,0,0,0,0,0,0,0,0,0,0
121984,2,1,1990,0,0,0,4,10,0,12,0,0,0
121986,1,1,1990,0,0,0,0,0,0,0,0,0,0
121986,2,1,1990,0,0,0,0,0,0,6,0,0,0
121987,0,1,1990,2,2,2,2,2,2,2,2,2,2
121987,1,1,1990,19,20,14,0,0,0,25,26,19,15
121988,1,1,1990,11,13,7,27,4,11,14,22,13,22
121988,2,1,1990,14,0,13,37,19,17,13,12,11,11
121989,1,1,1990,0,0,0,0,0,0,0,0,0,0
121989,2,1,1990,0,0,0,0,0,0,0,0,0,0
121990,1,1,1990,14,14,14,14,14,14,14,14,14,14
121991,0,1,1990,0,0,0,0,0,0,0,0,0,0
121991,1,1,1990,0,0,0,0,0,0,0,0,0,0
121992,0,1,1990,19,19,19,19,19,19,19,19,19,19
121992,1,1,1990,0,22,0,0,0,0,0,0,0,0
121992,2,1,1990,0,0,0,0,0,0,0,0,0,0
121992,3,1,1990,0,0,0,0,0,0,0,0,0,0
121993,1,1,1990,0,0,0,0,0,0,17,0,0,0
121993,2,1,1990,0,0,0,0,0,0,0,0,0,0
121994,1,1,1990,0,0,0,0,0,0,0,0,0,0
121994,2,1,1990,0,10,0,0,13,0,0,0,0,0
121994,3,1,1990,0,0,5,0,8,0,20,0,0,0
121995,1,1,1990,0,0,0,0,0,0,0,0,0,0
121995,2,1,1990,0,0,0,0,0,0,0,0,0,0
121996,1,1,1990,0,0,0,0,0,0,0,0,0,0
121996,2,1,1990,2,2,2,2,2,2,2,2,2,2
121997,1,1,1990,0,0,0,0,19,0,0,0,0,0
121998,1,1,1990,0,0,0,0,0,0,0,0,0,0
121999,1,1,1990,5,5,5,5,5,5,5,5,5,5
122000,1,1,1990,31,11,17,10,0,0,0,7,5,0
122000,2,1,1990,0,0,0,0,0,0,0,0,0,0
122000,3,1,1990,0,0,0,0,0,0,0,2,0,0
122001,1,1,1990,0,0,0,0,0,0,0,0,0,0
122001,2,1,1990,0,0,0,0,0,0,0,0,0,0
122002,1,1,1990,15,0,10,10,7,0,0,19,28,27
122002,2,1,1990,0,0,5,0,29,0,4,21,0,0
122003,1,1,1990,24,24,24,24,24,24,24,24,24,24
122004,1,1,1990,0,0,0,0,0,0,0,0,0,0
122004,2,1,1990,0,0,0,0,0,0,0,0,0,0
122005,0,1,1990,26,26,26,26,26,26,26,26,26,26
122005,1,1,1990,15,8,0,20,4,22,46,32,27,0
122006,0,1,1990,0,0,0,0,0,0,0,0,0,0
122006,1,1,1990,0,0,0,0,0,0,0,0,0,0
122007,1,1,1990,0,0,0,0,0,0,0,0,0,0
122007,2,1,1990,0,0,0,0,0,0,0,0,0,0
122007,3,1,1990,0,0,0,0,0,0,0,0,0,0
122008,1,1,1990,0,0,0,0,0,0,0,0,0,0
122008,2,1,1990,0,0,0,0,0,15,0,0,0,0
122009,1,1,1990,9,16,12,7,21,6,14,21,26,26
122009,2,1,1990,0,0,6,0,0,0,0,0,0,0
122010,0,1,1990,0,0,0,0,0,0,0,0,0,0
122010,0,2,1990,0,0,0,0,0,0,0,0,0,0
122010,1,1,1990,0,0,0,0,0,0,0,0,0,0
122011,0,1,1990,0,0,0,0,0,0,0,0,0,0
122011,1,1,1990,0,0,0,0,0,0,0,0,0,0
122012,0,1,1990,0,0,32,0,0,0,0,0,0,0
122012,1,1,1990,0,0,0,0,0,0,0,0,0,0
122013,0,1,1990,17,17,17,17,17,17,17,17,17,17
122013,1,1,1990,0,0,0,0,0,0,0,0,0,0
122015,1,1,1990,0,0,0,0,0,0,19,0,0,0
122015,2,1,1990,5,0,0,0,0,0,0,0,6,0
122016,1,1,1990,0,0,0,0,0,0,0,0,0,0
122016,2,1,1990,0,0,0,0,0,0,0,0,0,0
122016,3,1,1990,0,0,0,0,0,0,0,0,0,0
122017,1,1,1990,12,12,12,12,12,12,12,12,12,12
122018,0,1,1990,33,0,25,41,27,0,16,12,38,23
122018,1,1,1990,0,0,0,0,0,0,0,0,0,0
122019,1,1,1990,4,0,0,0,0,4,0,0,20,0
122020,1,1,1990,11,11,11,11,11,11,11,11,11,11
122020,2,1,1990,17,17,17,17,17,17,17,17,17,17
122021,1,1,1990,0,0,0,0,0,0,0,0,0,0
122021,2,1,1990,0,0,0,0,0,0,0,0,15,0
122022,1,1,1990,0,0,0,0,0,0,0,0,0,0
122023,0,1,1990,0,0,0,0,0,0,0,0,0,0
122023,1,1,1990,0,0,0,0,0,0,0,11,0,0
122024,0,1,1990,0,20,0,4,0,0,0,0,0,0
122024,1,1,1990,0,0,0,0,0,0,0,0,0,0
122024,2,1,1990,0,0,0,0,0,0,0,0,0,0
122025,1,1,1990,0,0,0,29,0,17,23,0,0,15
122026,0,1,1990,0,0,0,0,0,0,0,7,0,0
122026,1,1,1990,1,1,1,1,1,1,1,1,1,1
122027,1,1,1990,28,40,22,27,0,15,20,23,22,18
122028,1,1,1990,0,0,0,0,0,0,0,0,0,0
122028,2,1,1990,0,0,0,0,0,0,0,0,0,0
122029,0,1,1990,13,17,22,8,38,0,10,9,0,0
122029,1,1,1990,23,15,34,13,19,7,22,0,12,16
122030,1,1,1990,0,0,0,0,0,0,0,0,0,0
122030,2,1,1990,0,0,0,0,0,0,0,0,0,0
122030,3,1,1990,0,0,0,0,0,0,0,0,0,0
122030,4,1,1990,0,0,0,0,0,0,0,0,0,0
122031,0,1,1990,0,0,0,0,0,0,0,0,0,0
122031,1,1,1990,0,0,0,0,0,8,0,0,0,0
122032,1,1,1990,0,0,0,0,0,0,0,0,0,0
122033,0,1,1990,20,20,20,20,20,20,20,20,20,20
122033,1,1,1990,10,0,0,0,0,0,0,0,0,0
122033,2,1,1990,8,8,0,0,0,0,6,0,0,23
122033,3,1,1990,0,0,0,0,0,0,0,0,0,0
122034,0,1,1990,0,0,0,0,0,0,0,0,0,0
122034,1,1,1990,0,0,0,0,0,0,0,0,0,0
122035,1,1,1990,15,2,15,22,13,19,29,9,19,7
122035,2,1,1990,0,5,0,0,0,0,0,0,0,0
122036,0,1,1990,0,0,0,0,0,0,0,0,0,0
122036,1,1,1990,0,0,0,4,0,0,0,0,0,0
122037,0,1,1990,0,0,0,0,0,0,0,0,0,0
122037,1,1,1990,0,0,0,0,0,0,0,0,0,0
122038,0,1,1990,0,0,0,0,0,0,0,0,0,0
122038,0,2,1990,17,13,12,0,10,0,0,27,0,30
122038,1,1,1990,12,0,0,0,0,9,0,20,0,0
122039,1,1,1990,13,13,13,13,13,13,13,13,13,13
122040,1,1,1990,20,20,20,20,20,20,20,20,20,20
122041,1,1,1990,0,0,0,0,0,0,0,0,0,0
122042,1,1,1990,0,0,0,0,0,0,0,0,13,0
122043,1,1,1990,0,0,0,0,0,0,0,0,0,0
122043,2,1,1990,11,0,0,0,0,0,0,14,0,0
122044,0,1,1990,4,4,4,4,4,4,4,4,4,4
122044,1,1,1990,16,13,9,15,8,13,13,20,19,9
122047,0,1,1990,0,0,0,0,0,0,0,0,0,0
122047,1,1,1990,0,0,0,0,0,0,0,0,0,0
122048,1,1,1990,0,0,0,0,0,0,0,0,0,0
122048,2,1,1990,0,18,8,0,0,0,0,0,0,0
122049,1,1,1990,4,4,4,4,4,4,4,4,4,4
122050,0,1,1990,8,8,8,8,8,8,8,8,8,8
122050,1,1,1990,0,0,0,0,0,9,0,0,0,12
122051,1,1,1990,18,18,18,18,18,18,18,18,18,18
122051,2,1,1990,0,29,0,0,0,0,0,0,0,0
122052,1,1,1990,12,24,18,0,0,15,23,12,25,21
122052,2,1,1990,0,0,0,0,0,0,0,0,0,0
122053,1,1,1990,32,32,32,32,32,32,32,32,32,32
122054,1,1,1990,0,29,0,0,17,0,7,0,19,0
122055,1,1,1990,0,0,0,0,0,0,0,0,0,0
122055,2,1,1990,0,0,0,0,0,0,0,0,0,0
122056,0,1,1990,11,0,0,0,0,0,0,0,0,0
122056,1,1,1990,0,0,0,0,0,0,0,0,0,0
122057,1,1,1990,1,1,1,1,1,1,1,1,1,1
122057,2,1,1990,0,0,0,0,0,0,0,0,0,0
122058,1,1,1990,0,0,0,0,0,0,0,0,0,0
122058,2,1,1990,0,0,0,0,0,0,0,0,0,0
122059,0,1,1990,27,27,27,27,27,27,27,27,27,27
122059,1,1,1990,11,20,0,0,0,0,16,2,30,18
122060,1,1,1990,0,0,0,0,0,0,0,0,0,0
122060,2,1,1990,0,0,0,0,0,0,0,0,0,0
122061,1,1,1990,0,0,0,5,0,0,0,0,0,0
122061,2,1,1990,0,0,0,0,0,0,0,0,0,0
122062,1,1,1990,0,0,0,0,0,0,0,0,0,0
122062,2,1,1990,0,0,0,0,0,0,0,0,0,0
122063,1,1,1990,19,19,19,19,19,19,19,19,19,19
122064,1,1,1990,11,11,11,11,11,11,11,11,11,11
122065,1,1,1990,15,15,15,15,15,15,15,15,15,15
122066,1,1,1990,20,20,20,20,20,20,20,20,20,20
122067,1,1,1990,10,10,10,10,10,10,10,10,10,10
122068,0,1,1990,0,18,21,0,0,0,0,0,22,32
122068,1,1,1990,16,0,22,18,0,0,0,7,8,15
122069,1,1,1990,0,0,0,0,0,0,0,0,0,0
122069,2,1,1990,0,0,0,0,0,0,0,0,0,0
122070,1,1,1990,19,19,19,19,19,19,19,19,19,19
122070,2,1,1990,0,0,0,0,0,0,0,0,0,0
122070,3,1,1990,0,0,0,0,0,0,0,0,0,0
122070,4,1,1990,0,0,0,0,0,0,0,0,0,0
122070,5,1,1990,0,0,0,0,0,0,0,0,0,0
122071,0,1,1990,2,2,2,2,2,2,2,2,2,2
122071,1,1,1990,0,13,0,5,0,0,0,12,4,0
122072,1,1,1990,0,0,0,16,0,5,0,0,0,0
122072,2,1,1990,0,0,0,0,0,0,0,0,0,0
122073,1,1,1990,0,0,0,0,0,0,0,0,0,0
122073,2,1,1990,0,0,12,0,0,0,0,0,0,0
122074,0,1,1990,0,0,0,0,0,0,0,0,0,0
122074,1,1,1990,0,0,0,0,0,0,0,0,0,0
122075,1,1,1990,23,23,23,23,23,23,23,23,23,23
122076,1,1,1990,0,0,0,0,0,0,0,0,0,0
122076,2,1,1990,0,0,0,0,0,0,0,0,0,0
122077,1,1,1990,0,0,0,0,0,0,0,0,0,0
122077,2,1,1990,0,0,0,0,0,0,0,0,0,0
122078,1,2,1990,9,0,13,9,20,22,0,0,10,31
122079,1,1,1990,0,0,0,0,0,0,0,0,0,0
122079,2,1,1990,0,0,0,0,0,0,0,0,0,0
122080,1,1,1990,0,0,0,0,0,0,0,0,0,0
122080,2,1,1990,0,0,0,0,0,0,0,0,0,0
122080,3,1,1990,0,0,0,0,0,0,0,0,0,0
122081,1,1,1990,0,0,0,0,0,0,0,0,0,0
122081,2,1,1990,0,0,0,0,0,0,0,0,0,0
122082,1,1,1990,0,0,0,0,0,0,0,0,0,0
122082,2,1,1990,0,0,0,0,0,0,0,0,0,0
122083,1,1,1990,20,0,0,0,0,0,0,0,7,0
122084,0,1,1990,0,0,0,0,0,0,0,0,0,0
122084,1,1,1990,0,0,0,0,0,0,0,0,5,0
122085,0,1,1990,14,0,0,0,0,0,0,0,0,0
122085,1,1,1990,0,0,0,0,0,0,0,0,0,0
122087,0,1,1990,0,0,0,0,0,0,0,0,0,0
122087,1,1,1990,0,0,0,0,0,0,0,0,0,0
122088,1,1,1990,12,0,3,8,3,15,25,0,18,0
122088,2,1,1990,0,0,0,0,0,0,0,0,0,0
122089,1,1,1990,0,13,14,18,0,0,0,0,0,5
122089,2,1,1990,0,0,0,0,0,0,0,0,0,0
122090,0,1,1990,0,28,0,23,0,21,0,0,0,21
122090,1,1,1990,0,0,34,0,14,0,13,0,28,0
122092,1,1,1990,0,0,0,0,0,0,0,0,0,0
122093,1,1,1990,0,0,0,0,0,0,0,0,0,0
122094,0,1,1990,0,0,0,0,0,0,0,0,0,15
122094,1,1,1990,15,0,33,16,0,0,0,12,0,22
122095,0,1,1990,0,0,0,0,0,0,0,0,0,0
122095,1,1,1990,16,16,15,0,20,19,9,15,18,12
122096,0,1,1990,0,0,0,0,0,0,0,0,0,0
122096,1,1,1990,0,0,0,0,0,0,0,0,0,0
122097,1,1,1990,13,28,15,20,31,15,20,26,21,11
122097,2,1,1990,0,0,0,0,0,0,0,0,0,0
122097,3,1,1990,0,0,0,0,0,0,0,0,0,0
122097,4,1,1990,0,0,0,0,0,0,0,0,0,0
122098,1,1,1990,23,23,23,23,23,23,23,23,23,23
122099,1,1,1990,0,0,0,0,0,0,0,0,0,0
122099,2,1,1990,0,0,0,0,0,0,0,0,0,0
122100,1,1,1990,0,0,0,0,0,0,0,0,0,0
122100,2,1,1990,0,0,6,0,0,0,0,0,9,0
122101,1,1,1990,0,0,0,0,0,0,0,14,0,0
122101,2,1,1990,0,0,0,0,0,0,0,0,0,0
122101,3,1,1990,0,0,0,0,0,0,0,0,0,0
122102,0,1,1990,23,23,23,23,23,23,23,23,23,23
122102,1,1,1990,10,10,10,10,10,10,10,10,10,10
122103,1,1,1990,18,18,18,18,18,18,18,18,18,18
122104,1,1,1990,10,10,10,10,10,10,10,10,10,10
122105,1,1,1990,11,11,11,11,11,11,11,11,11,11
122106,1,1,1990,0,0,0,0,0,0,0,0,0,0
122106,2,1,1990,0,0,0,0,0,0,0,0,0,0
122107,1,1,1990,17,4,1,0,4,10,8,6,14,0
122108,1,1,1990,0,0,30,0,0,27,0,10,24,26
122109,0,1,1990,0,0,0,0,0,0,0,0,0,0
122109,1,1,1990,0,0,0,0,0,0,0,0,0,0
122110,1,1,1990,21,0,0,0,0,13,0,31,10,0
122111,0,1,1990,0,0,0,0,0,0,0,0,0,0
122111,1,1,1990,0,0,0,0,0,0,0,0,0,0
122112,1,1,1990,0,0,0,0,0,0,0,0,0,0
122112,2,1,1990,0,0,0,0,0,0,0,0,0,0
122112,3,1,1990,0,0,0,0,0,0,0,0,0,0
122112,4,1,1990,0,0,0,0,0,0,0,0,0,0
122114,1,1,1990,0,0,0,0,0,0,0,0,0,0
122114,2,1,1990,0,0,0,0,0,0,0,0,0,0
122115,1,1,1990,0,10,0,0,0,0,0,0,0,0
122115,2,1,1990,0,0,0,24,0,0,0,0,0,0
122116,1,1,1990,0,0,0,0,0,0,0,0,0,0
122117,1,1,1990,0,0,0,0,0,0,0,0,0,0
122117,2,1,1990,17,17,17,17,17,17,17,17,17,17
122118,1,1,1990,24,24,24,24,24,24,24,24,24,24
122119,1,1,1990,0,0,0,0,0,0,0,0,0,0
122119,2,1,1990,0,0,0,0,0,0,0,0,0,0
122119,3,1,1990,0,0,0,0,0,0,0,0,0,0
122120,1,1,1990,0,0,0,0,0,0,0,0,0,0
122121,1,1,1990,22,22,22,22,22,22,22,22,22,22
122122,1,1,1990,23,23,23,23,23,23,23,23,23,23
122122,2,1,1990,0,0,0,0,0,0,0,0,0,0
122122,3,1,1990,0,0,0,0,0,20,0,0,0,0
122122,4,1,1990,0,0,0,0,0,0,0,0,0,0
122123,1,1,1990,17,17,17,17,17,17,17,17,17,17
122123,2,1,1990,0,0,0,0,0,0,0,0,8,0
122124,1,1,1990,0,0,0,0,0,0,0,0,0,0
122125,0,1,1990,0,0,0,0,0,0,0,0,0,0
122125,1,1,1990,0,0,0,0,0,0,0,0,0,0
122126,1,1,1990,0,14,0,0,0,0,0,0,0,0
122126,2,1,1990,0,0,0,0,0,0,0,0,0,0
122127,1,1,1990,11,11,11,11,11,11,11,11,11,11
122128,1,1,1990,0,0,0,0,0,0,0,0,0,0
122128,2,1,1990,0,0,0,0,0,0,0,0,0,0
122129,1,1,1990,0,0,0,8,0,0,0,0,0,22
122130,1,1,1990,0,0,0,0,0,0,0,0,0,0
122130,2,1,1990,0,0,0,0,0,4,0,13,0,0
122131,0,1,1990,22,22,22,22,22,22,22,22,22,22
122131,1,1,1990,0,0,0,0,0,0,0,0,21,0
122132,0,1,1990,0,0,0,0,0,0,0,0,0,0
122132,1,1,1990,0,6,0,4,0,0,0,0,0,0
122133,1,1,1990,19,19,19,19,19,19,19,19,19,19
122133,2,1,1990,0,0,0,0,0,0,0,0,0,0
122134,1,1,1990,9,9,9,9,9,9,9,9,9,9
122135,0,1,1990,0,0,0,0,0,0,0,0,0,0
122135,1,1,1990,10,2,9,15,3,6,27,18,11,21
122136,0,1,1990,0,0,0,0,0,0,0,0,0,0
122136,1,1,1990,0,0,0,0,0,0,11,15,0,0
122136,2,1,1990,0,0,0,0,0,0,0,0,0,0
122137,1,1,1990,0,0,0,0,0,0,0,0,0,0
122137,2,1,1990,0,0,0,0,0,0,0,0,0,0
122138,1,1,1990,28,28,28,28,28,28,28,28,28,28
122139,0,1,1990,0,0,7,0,0,0,0,0,0,0
122139,1,1,1990,0,0,0,0,0,0,0,0,0,0
122140,1,1,1990,0,16,0,0,0,0,0,0,0,0
122140,2,1,1990,18,0,0,0,0,0,0,0,0,0
122141,1,1,1990,0,0,0,0,0,0,0,0,0,0
122141,2,1,1990,0,0,0,0,0,0,0,0,0,0
122142,1,1,1990,0,0,0,0,0,0,0,0,0,0
122142,2,1,1990,0,0,0,0,0,0,0,9,0,0
122143,1,1,1990,0,0,0,0,0,0,0,0,0,0
122143,2,1,1990,0,0,0,0,0,0,0,0,0,0
122143,3,1,1990,0,0,0,0,0,0,0,0,0,0
122144,1,1,1990,15,15,15,15,15,15,15,15,15,15
122145,0,1,1990,25,25,25,25,25,25,25,25,25,25
122145,1,1,1990,0,0,0,0,0,0,0,0,0,0
122145,2,1,1990,0,0,0,0,0,0,0,0,0,0
122145,3,1,1990,9,9,9,9,9,9,9,9,9,9
122146,1,1,1990,0,0,0,0,0,0,0,0,13,0
122146,2,1,1990,0,0,0,0,0,0,0,0,0,0
122147,1,1,1990,0,0,0,0,0,0,0,0,0,0
122147,2,1,1990,0,0,0,0,0,0,0,0,0,0
122148,0,1,1990,0,0,0,0,0,0,0,0,0,0
122148,1,1,1990,0,0,0,0,0,0,0,0,5,0
122149,1,1,1990,0,0,0,0,0,0,0,0,0,0
122151,1,1,1990,0,0,0,0,0,0,0,0,0,0
122151,2,1,1990,0,0,0,0,0,0,0,0,0,0
122152,1,1,1990,0,0,0,0,0,0,0,0,0,0
122152,2,1,1990,0,0,0,0,20,0,0,0,0,0
122153,1,1,1990,24,24,24,24,24,24,24,24,24,24
122154,0,1,1990,33,33,33,33,33,33,33,33,33,33
122154,1,1,1990,18,18,18,18,18,18,18,18,18,18
122155,0,1,1990,25,25,25,25,25,25,25,25,25,25
122155,1,1,1990,0,0,0,0,0,13,0,11,0,0
122155,2,1,1990,21,11,0,34,0,0,0,0,0,0
122156,1,1,1990,0,0,0,0,0,0,0,0,0,0
122156,2,1,1990,0,0,16,0,0,0,12,0,0,0
122157,1,1,1990,18,18,18,18,18,18,18,18,18,18
122159,1,1,1990,0,0,0,0,0,0,0,0,0,0
122159,2,1,1990,0,0,0,0,0,0,13,0,0,0
122160,0,1,1990,0,0,0,0,0,0,0,0,0,0
122160,1,1,1990,0,0,0,0,0,0,0,0,0,0
122161,0,1,1990,0,0,0,0,0,0,0,0,0,0
122161,1,1,1990,0,20,0,0,22,0,0,0,0,17
122162,1,1,1990,0,22,0,0,0,0,0,0,0,0
122162,2,1,1990,0,0,0,0,0,0,0,0,0,0
122163,1,1,1990,0,0,0,0,0,0,9,0,0,0
122165,0,1,1990,0,0,0,0,0,0,0,0,0,0
122165,0,2,1990,22,13,0,26,24,17,0,25,0,0
122165,0,3,1990,10,21,0,30,32,0,0,30,0,0
122165,0,4,1990,0,0,0,0,0,0,0,0,0,0
122165,1,1,1990,0,0,0,0,0,0,0,21,0,0
122166,0,1,1990,0,0,0,0,0,0,0,0,0,0
122166,1,1,1990,0,0,0,0,0,0,0,0,0,0
122167,0,1,1990,18,18,18,18,18,18,18,18,18,18