ST_CASE,VEH_NO,PER_NO,YEAR,P1,P2,P3,P4,P5,P6,P7,P8,P9,P10
130250,4,1,1990,0,0,0,0,6,0,0,0,0,0
130250,5,1,1990,0,19,0,0,0,0,0,0,0,0
130251,0,1,1990,26,26,26,26,26,26,26,26,26,26
130251,1,1,1990,0,0,0,0,0,0,0,0,0,0
130252,1,1,1990,25,25,25,25,25,25,25,25,25,25
130252,2,1,1990,0,16,0,27,0,0,10,0,0,0
130253,1,1,1990,27,15,10,0,29,21,20,30,15,15
130254,1,1,1990,0,0,0,0,0,0,0,0,0,0
130255,1,1,1990,31,31,31,31,31,31,31,31,31,31
130256,1,1,1990,15,15,15,15,15,15,15,15,15,15
130257,0,1,1990,0,0,0,0,0,0,0,0,0,0
130257,1,1,1990,0,0,0,0,0,0,0,0,0,0
130258,1,1,1990,13,0,0,0,0,0,0,0,0,0
130258,2,1,1990,0,0,0,0,0,0,0,0,0,0
130258,3,1,1990,0,14,0,0,0,0,0,0,0,0
130259,1,1,1990,0,0,0,0,0,0,0,0,0,0
130260,1,1,1990,0,0,0,0,0,0,0,0,0,0
130261,1,1,1990,0,0,0,0,0,0,0,0,0,0
130262,1,1,1990,0,0,0,0,0,0,0,0,0,0
130263,1,1,1990,0,0,0,0,0,0,0,0,0,0
130263,2,1,1990,5,5,5,5,5,5,5,5,5,5
130264,1,1,1990,18,18,18,18,18,18,18,18,18,18
130265,1,1,1990,25,25,25,25,25,25,25,25,25,25
130265,2,1,1990,0,0,0,0,0,0,0,0,0,0
130266,1,1,1990,18,18,18,18,18,18,18,18,18,18
130267,1,1,1990,20,20,20,20,20,20,20,20,20,20
130268,1,1,1990,14,14,14,14,14,14,14,14,14,14
130269,1,1,1990,12,12,12,12,12,12,12,12,12,12
130270,1,1,1990,0,0,0,0,0,0,0,0,0,0
130270,2,1,1990,0,0,0,0,0,0,0,0,0,0
130270,3,1,1990,0,0,0,0,0,0,0,0,0,0
130271,1,1,1990,31,31,31,31,31,31,31,31,31,31
130272,1,1,1990,14,14,14,14,14,14,14,14,14,14
130273,1,1,1990,0,0,0,0,0,0,0,0,0,0
130274,1,1,1990,0,0,0,0,0,0,0,0,0,0
130274,2,1,1990,0,0,0,0,0,0,0,0,0,0
130275,1,1,1990,0,0,0,0,0,0,0,0,0,0
130276,1,1,1990,0,0,0,0,0,0,0,0,0,0
130276,2,1,1990,0,0,0,0,0,0,0,0,0,0
130277,1,1,1990,0,0,0,0,0,0,0,0,0,0
130278,1,1,1990,2,2,2,2,2,2,2,2,2,2
130278,2,1,1990,18,18,18,18,18,18,18,18,18,18
130279,1,1,1990,0,0,0,0,0,0,0,0,0,0
130279,2,1,1990,5,5,5,5,5,5,5,5,5,5
130280,1,1,1990,0,0,0,0,0,0,0,0,0,0
130280,2,1,1990,0,0,0,0,0,0,0,0,0,0
130281,1,1,1990,0,0,0,0,0,0,0,0,0,0
130281,2,1,1990,0,0,0,0,0,0,0,0,0,0
130282,0,1,1990,28,28,28,28,28,28,28,28,28,28
130283,1,1,1990,25,25,25,25,25,25,25,25,25,25
130284,1,1,1990,14,14,14,14,14,14,14,14,14,14
130284,2,1,1990,14,14,14,14,14,14,14,14,14,14
130285,1,1,1990,0,0,0,0,0,0,0,0,0,0
130285,2,1,1990,0,0,0,0,0,0,0,0,0,0
130286,1,1,1990,0,0,0,0,0,0,0,0,0,0
130286,2,1,1990,0,0,0,0,0,0,0,0,0,0
130287,1,1,1990,0,0,0,0,0,0,0,0,0,0
130287,2,1,1990,0,12,0,0,0,0,0,0,0,0
130288,1,1,1990,0,0,0,0,0,0,0,0,0,0
130288,2,1,1990,0,0,0,0,0,19,0,0,0,0
130289,1,1,1990,0,0,0,0,0,0,0,0,26,26
130289,2,1,1990,0,0,0,0,0,0,0,0,0,0
130290,1,1,1990,2,2,2,2,2,2,2,2,2,2
130291,1,1,1990,0,0,0,0,0,0,0,0,0,0
130292,1,1,1990,26,10,0,23,16,25,9,0,16,22
130292,2,1,1990,0,0,0,0,0,0,0,0,0,0
130293,1,1,1990,0,0,0,0,0,0,0,0,0,0
130293,2,1,1990,0,0,0,0,0,0,0,0,0,0
130294,1,1,1990,26,26,26,26,26,26,26,26,26,26
130295,1,1,1990,0,0,0,0,0,20,11,0,0,0
130296,1,1,1990,0,0,0,0,0,0,0,0,0,0
130296,2,1,1990,0,11,0,0,0,0,0,0,0,0
130297,1,1,1990,0,0,0,0,0,0,0,0,0,0
130298,1,1,1990,18,18,18,18,18,18,18,18,18,18
130299,1,1,1990,0,0,0,0,0,0,0,0,0,0
130299,2,1,1990,0,35,0,23,27,0,8,0,23,24
130300,1,1,1990,0,0,0,0,0,0,0,0,0,0
130300,2,1,1990,0,0,0,0,0,0,0,0,0,0
130301,1,1,1990,24,24,24,24,24,24,24,24,24,24
130302,1,1,1990,0,0,0,0,0,0,0,0,0,0
130302,2,1,1990,0,0,0,0,0,0,0,0,0,0
130303,1,1,1990,14,14,14,14,14,14,14,14,14,14
130304,1,1,1990,0,0,0,0,0,0,0,0,0,0
130304,2,1,1990,14,0,0,7,16,0,0,0,0,0
130305,1,1,1990,0,0,0,0,0,0,0,0,0,0
130305,2,1,1990,13,13,13,13,13,13,13,13,13,13
130306,1,1,1990,26,26,26,26,26,26,26,26,26,26
130307,0,1,1990,24,24,24,24,24,24,24,24,24,24
130307,1,1,1990,0,0,0,0,0,0,0,0,0,0
130308,0,1,1990,0,0,0,0,0,0,0,0,0,0
130308,0,2,1990,0,0,0,5,0,0,0,0,0,0
130308,1,1,1990,0,0,0,0,0,0,0,0,0,0
130309,1,1,1990,0,0,0,0,0,0,0,0,0,0
130310,1,1,1990,0,0,0,0,0,0,0,0,0,0
130311,1,1,1990,17,17,17,17,17,17,17,17,17,17
130312,1,1,1990,0,0,0,0,0,0,0,0,0,0
130313,1,1,1990,0,0,0,0,0,0,0,0,0,0
130313,2,1,1990,0,0,0,0,0,0,0,0,0,0
130314,0,1,1990,0,0,0,0,0,0,0,0,0,0
130314,1,1,1990,0,0,0,0,0,0,0,0,0,0
130315,1,1,1990,18,18,18,18,18,18,18,18,18,18
130315,2,1,1990,13,17,0,0,0,0,0,0,0,0
130316,1,1,1990,19,19,19,19,19,19,19,19,19,19
130317,1,1,1990,0,0,0,0,0,0,0,0,0,0
130317,2,1,1990,0,0,0,0,0,0,0,0,0,0
130317,3,1,1990,0,0,0,0,0,0,0,0,0,0
130318,1,1,1990,12,12,12,12,12,12,12,12,12,12
130318,2,1,1990,0,11,0,0,0,0,6,0,0,0
130319,0,1,1990,19,19,19,19,19,19,19,19,19,19
130319,1,1,1990,2,2,2,2,2,2,2,2,2,2
130320,1,1,1990,24,24,24,24,24,24,24,24,24,24
130321,1,1,1990,23,23,23,23,23,23,23,23,23,23
130321,2,1,1990,0,0,0,0,0,0,0,0,0,0
130322,1,1,1990,30,30,30,30,30,30,30,30,30,30
130323,1,1,1990,5,5,5,5,5,5,5,5,5,5
130323,2,1,1990,0,0,0,0,0,0,0,0,0,0
130324,1,1,1990,0,0,0,0,0,0,0,0,0,0
130325,1,1,1990,0,0,0,0,0,0,0,10,0,0
130325,2,1,1990,0,0,0,0,0,0,0,0,0,0
130326,1,1,1990,0,0,0,0,0,0,0,0,0,0
130326,2,1,1990,0,0,0,0,0,0,0,0,0,0
130327,1,1,1990,0,0,0,0,0,0,0,0,0,0
130327,2,1,1990,0,0,0,0,0,0,0,0,0,0
130328,1,1,1990,0,0,0,0,0,0,0,0,0,0
130330,1,1,1990,0,0,0,0,0,0,0,0,0,0
130330,2,1,1990,0,0,0,0,0,0,0,0,0,0
130331,1,1,1990,29,29,29,29,29,29,29,29,29,29
130332,1,1,1990,0,0,0,0,0,0,0,0,0,0
130332,2,1,1990,0,0,0,0,0,0,0,0,0,0
130333,0,1,1990,0,0,0,0,0,0,0,0,0,0
130333,1,1,1990,0,0,0,0,0,0,0,0,0,0
130334,1,1,1990,15,15,15,15,15,15,15,15,15,15
130334,2,1,1990,0,0,0,0,0,0,0,0,0,0
130335,1,1,1990,0,0,0,0,0,0,0,0,0,0
130335,2,1,1990,0,0,0,0,0,0,0,0,0,0
130336,1,1,1990,0,0,0,0,0,0,0,0,0,0
130336,2,1,1990,0,0,0,0,0,0,0,0,0,0
130337,0,1,1990,0,0,0,0,0,0,0,0,0,0
130337,1,1,1990,0,0,0,0,0,0,0,0,0,0
130338,1,1,1990,18,18,18,18,18,18,18,18,18,18
130339,0,1,1990,0,0,0,0,0,0,0,0,0,0
130339,1,1,1990,0,0,0,0,0,0,0,0,0,0
130340,1,1,1990,0,0,0,0,0,0,0,0,0,0
130342,1,1,1990,10,10,10,10,10,10,10,10,10,10
130343,1,1,1990,0,0,0,0,0,0,0,0,0,0
130344,1,1,1990,19,19,19,19,19,19,19,19,19,19
130345,0,1,1990,20,20,20,20,20,20,20,20,20,20
130345,1,1,1990,22,22,22,22,22,22,22,22,22,22
130345,2,1,1990,0,0,0,0,0,0,0,0,0,0
130345,3,1,1990,12,21,12,0,0,0,0,0,0,0
130345,4,1,1990,5,0,0,0,0,0,0,0,7,0
130346,0,1,1990,0,0,0,0,0,0,0,0,0,0
130346,1,1,1990,10,0,0,0,0,0,0,0,0,0
130347,0,1,1990,0,0,0,0,0,0,0,0,0,0
130347,1,1,1990,0,0,0,0,0,0,0,0,0,0
130348,1,1,1990,0,0,0,0,0,0,0,0,0,0
130348,2,1,1990,0,0,0,0,0,0,0,0,13,0
130349,1,1,1990,19,19,19,19,19,19,19,19,19,19
130349,2,1,1990,0,0,0,0,0,0,0,0,0,0
130350,1,1,1990,13,0,0,15,0,0,0,21,13,16
130351,1,1,1990,0,0,0,0,0,0,0,0,0,0
130351,2,1,1990,0,0,0,0,0,0,0,0,0,0
130352,1,1,1990,5,5,5,5,5,5,5,5,5,5
130352,2,1,1990,0,0,0,0,0,0,0,0,0,0
130353,1,1,1990,0,0,0,0,0,0,0,0,0,0
130353,2,1,1990,0,0,0,0,0,0,0,0,0,0
130354,1,1,1990,0,15,0,0,0,0,12,0,0,0
130354,2,1,1990,0,0,0,0,0,0,0,0,0,0
130355,1,1,1990,20,20,20,20,20,20,20,20,20,20
130356,1,1,1990,35,24,12,12,37,15,0,13,38,0
130357,0,1,1990,0,0,0,0,0,0,0,0,0,0
130357,1,1,1990,0,0,22,0,0,0,0,0,0,16
130358,1,1,1990,28,28,28,28,28,28,28,28,28,28
130359,1,1,1990,23,23,23,23,23,23,23,23,23,23
130360,1,1,1990,0,0,0,0,0,0,0,0,0,0
130360,2,1,1990,0,0,0,0,0,0,10,0,0,0
130361,1,1,1990,19,19,19,19,19,19,19,19,19,19
130362,1,1,1990,0,0,0,0,0,0,0,0,0,0
130362,2,1,1990,0,0,0,0,0,0,0,0,0,0
130362,3,1,1990,0,0,0,0,0,0,0,0,0,0
130363,1,1,1990,15,15,15,15,15,15,15,15,15,15
130364,0,1,1990,0,0,0,0,0,0,0,0,0,0
130364,1,1,1990,0,0,0,0,0,16,0,0,0,0
130365,1,1,1990,0,0,0,0,0,0,0,0,0,0
130365,2,1,1990,0,0,0,0,0,0,0,0,0,0
130365,3,1,1990,0,0,0,0,0,0,16,0,0,0
130366,0,1,1990,0,0,0,0,0,0,0,0,0,0
130366,1,1,1990,13,0,0,0,0,0,0,0,0,0
130367,1,1,1990,0,0,0,0,0,0,0,0,0,0
130368,1,1,1990,6,6,6,6,6,6,6,6,6,6
130369,1,1,1990,0,0,3,0,0,0,0,0,0,29
130369,2,1,1990,5,0,0,0,0,0,0,0,11,0
130370,1,1,1990,24,24,24,24,24,24,24,24,24,24
130371,1,1,1990,0,0,0,0,0,0,0,0,0,0
130371,2,1,1990,0,0,0,0,0,0,0,0,0,0
130372,1,1,1990,0,0,0,0,0,0,0,0,0,0
130373,1,1,1990,0,0,0,0,0,0,0,0,0,7
130374,1,1,1990,0,0,0,0,0,0,0,0,0,0
130374,2,1,1990,0,0,0,0,0,0,0,0,0,0
130375,0,1,1990,19,0,35,10,12,0,10,20,34,12
130375,1,1,1990,11,11,11,11,11,11,11,11,11,11
130376,0,1,1990,0,0,0,0,0,0,0,0,0,0
130376,1,1,1990,0,0,0,0,19,0,0,29,0,0
130377,0,1,1990,0,0,0,0,0,0,0,0,0,0
130377,1,1,1990,0,0,0,0,0,0,0,0,0,0
130378,1,3,1990,0,26,0,0,0,0,21,0,13,6
130379,1,1,1990,0,0,0,0,0,0,0,0,0,0
130379,2,1,1990,0,0,0,0,0,0,0,0,0,0
130380,1,1,1990,0,0,0,11,0,0,0,0,0,0
130380,2,1,1990,0,0,0,0,0,0,0,0,0,0
130381,1,1,1990,0,0,0,14,3,0,0,5,0,0
130382,1,1,1990,0,0,0,16,0,16,21,0,0,22
130383,0,1,1990,0,0,0,0,0,0,0,0,0,0
130383,1,1,1990,0,9,0,0,23,0,0,0,0,0
130384,1,1,1990,0,0,0,0,0,0,0,0,0,0
130384,2,1,1990,0,0,0,0,0,0,0,0,0,0
130385,1,1,1990,16,16,16,16,16,16,16,16,16,16
130386,1,1,1990,14,14,14,14,14,14,14,14,14,14
130386,2,1,1990,0,0,0,0,0,8,0,0,0,17
130387,1,1,1990,0,0,0,0,0,0,0,0,0,0
130387,2,1,1990,15,15,15,15,15,15,15,15,15,15
130388,1,1,1990,0,0,0,0,0,0,0,0,0,0
130388,2,1,1990,0,0,0,0,0,0,0,0,0,0
130389,1,1,1990,0,0,0,0,8,0,0,0,4,0
130389,2,1,1990,20,14,0,13,18,14,5,26,0,0
130390,1,1,1990,18,18,18,18,18,18,18,18,18,18
130390,2,1,1990,0,10,6,0,19,16,0,10,9,0
130391,1,1,1990,0,0,0,0,0,0,0,0,0,0
130392,1,1,1990,0,0,0,0,0,0,0,0,0,0
130393,1,1,1990,0,0,0,0,0,0,0,0,0,0
130393,2,1,1990,0,0,0,0,0,0,0,0,0,0
130394,0,1,1990,0,0,0,0,0,0,0,0,0,0
130394,1,1,1990,0,0,0,0,0,0,0,0,0,0
130395,1,1,1990,0,0,0,0,0,0,0,0,0,0
130395,2,1,1990,0,0,0,0,0,0,0,0,0,0
130396,1,1,1990,20,20,20,20,20,20,20,20,20,20
130397,1,1,1990,0,0,0,0,0,0,0,7,0,0
130397,2,1,1990,0,0,0,0,0,0,0,0,0,0
130398,1,1,1990,18,18,18,18,18,18,18,18,18,18
130399,1,1,1990,0,0,0,0,0,0,0,0,0,0
130399,2,1,1990,0,0,0,0,0,0,0,0,0,0
130400,1,1,1990,17,17,17,17,17,17,17,17,17,17
130401,1,1,1990,0,0,0,0,0,0,0,0,0,0
130401,2,1,1990,0,0,0,0,0,0,0,0,0,0
130402,1,1,1990,7,14,42,43,15,21,18,20,15,19
130402,2,1,1990,0,0,0,0,0,0,0,0,0,0
130403,1,1,1990,26,26,26,26,26,26,26,26,26,26
130404,1,1,1990,2,2,2,2,2,2,2,2,2,2
130405,1,1,1990,32,32,32,32,32,32,32,32,32,32
130406,1,1,1990,31,31,31,31,31,31,31,31,31,31
130407,1,1,1990,20,20,20,20,20,20,20,20,20,20
130408,1,1,1990,0,0,0,0,0,0,0,0,0,0
130408,2,1,1990,0,0,10,0,0,0,0,0,0,0
130409,0,1,1990,18,6,17,0,0,0,0,0,0,20
130409,1,1,1990,0,0,0,0,0,0,0,0,0,0
130410,0,1,1990,0,0,0,0,0,0,0,0,0,0
130410,1,1,1990,0,0,0,0,0,0,0,15,0,0
130411,1,1,1990,0,0,0,11,0,0,0,0,0,0
130412,1,1,1990,0,0,0,0,0,0,0,0,0,0
130412,2,1,1990,0,0,0,0,0,0,0,0,0,0
130413,1,1,1990,0,0,0,0,0,0,0,0,0,0
130413,2,1,1990,0,0,0,0,0,0,0,0,0,0
130414,1,1,1990,0,0,0,0,0,0,0,0,0,0
130415,1,1,1990,0,0,0,0,0,0,0,0,0,0
130415,2,1,1990,0,0,0,0,0,0,0,0,0,0
130416,1,1,1990,5,5,5,5,5,5,5,5,5,5
130416,2,1,1990,0,0,0,0,0,0,0,0,0,0
130417,1,1,1990,10,10,10,10,10,10,10,10,10,10
130418,1,1,1990,0,0,0,0,0,0,0,0,0,0
130418,2,1,1990,0,0,0,0,0,0,0,0,0,0
130419,1,1,1990,0,0,0,0,0,0,0,0,0,0
130420,1,1,1990,0,0,0,0,0,0,0,0,0,0
130420,2,1,1990,0,0,0,0,0,0,0,0,0,0
130420,3,1,1990,0,0,0,0,0,0,0,0,0,0
130421,0,1,1990,0,0,0,0,0,0,0,0,0,0
130421,1,1,1990,0,0,0,0,0,0,0,7,0,0
130422,1,1,1990,22,22,22,22,22,22,22,22,22,22
130422,2,1,1990,0,0,0,0,0,0,0,0,0,0
130423,0,1,1990,0,0,0,0,0,0,0,0,0,0
130423,1,1,1990,0,0,0,0,0,0,0,0,0,0
130424,1,1,1990,34,34,34,34,34,34,34,34,34,34
130425,1,1,1990,38,38,38,38,38,38,38,38,38,38
130426,1,1,1990,24,24,24,24,24,24,24,24,24,24
130427,1,1,1990,21,12,0,33,25,28,21,14,11,20
130428,0,1,1990,0,29,0,24,0,0,0,0,0,0
130428,1,1,1990,0,0,0,0,0,0,0,0,0,0
130429,1,1,1990,0,0,0,0,0,0,0,0,0,0
130429,2,1,1990,0,0,0,0,0,0,0,0,0,0
130430,1,1,1990,0,0,0,0,0,0,0,0,0,0
130431,1,1,1990,0,0,0,12,0,0,0,5,0,0
130432,1,1,1990,37,37,37,37,37,37,37,37,37,37
130432,2,1,1990,0,0,0,0,0,0,0,0,0,0
130433,1,1,1990,29,29,29,29,29,29,29,29,29,29
130434,1,1,1990,0,0,0,0,0,0,0,0,0,0
130434,2,1,1990,0,0,0,0,0,0,0,0,0,0
130435,1,1,1990,23,23,23,23,23,23,23,23,23,23
130435,2,1,1990,0,0,0,0,0,0,0,0,0,0
130436,1,1,1990,0,0,0,0,0,0,0,0,0,0
130436,2,1,1990,17,17,17,17,17,17,17,17,17,17
130437,0,1,1990,0,0,0,0,0,0,0,0,0,0
130438,1,1,1990,0,14,0,0,0,0,0,0,0,14
130438,2,1,1990,10,4,18,42,21,9,24,13,13,21
130439,1,1,1990,8,8,8,8,8,8,8,8,8,8
130440,1,1,1990,7,7,7,7,7,7,7,7,7,7
130440,2,1,1990,0,0,0,0,0,0,0,0,0,0
130441,1,1,1990,42,42,42,42,42,42,42,42,42,42
130442,1,1,1990,0,0,0,0,0,0,0,0,0,0
130442,2,1,1990,0,0,0,0,0,0,0,0,0,0
130443,1,1,1990,0,0,0,0,0,0,0,0,0,0
130444,1,1,1990,0,0,0,0,0,0,0,0,0,0
130444,2,1,1990,0,0,0,0,4,0,0,0,0,0
130444,3,1,1990,0,0,0,0,0,0,0,0,0,0
130444,4,1,1990,0,0,0,0,0,0,0,0,0,0
130445,2,1,1990,0,0,0,0,0,0,0,0,0,0
130446,1,1,1990,0,0,0,0,0,17,0,0,0,0
130447,1,1,1990,0,0,0,0,0,0,0,0,0,0
130447,2,1,1990,0,0,0,0,0,0,0,0,0,0
130448,1,1,1990,21,21,21,21,21,21,21,21,21,21
130448,2,1,1990,0,0,0,0,0,0,0,0,0,0
130449,1,1,1990,26,26,26,26,26,26,26,26,26,26
130450,1,1,1990,18,35,29,24,26,9,0,0,0,0
130451,0,1,1990,0,0,0,0,0,0,0,0,0,0
130451,1,1,1990,0,0,0,0,0,0,0,0,0,0
130452,1,1,1990,6,6,6,6,6,6,6,6,6,6
130452,2,1,1990,0,0,0,0,0,0,0,0,0,0
130452,3,1,1990,0,0,0,0,0,0,0,0,0,0
130453,1,1,1990,0,0,0,0,0,0,0,0,0,0
130454,1,1,1990,21,21,21,21,21,21,21,21,21,21
130455,1,1,1990,6,6,6,6,6,6,6,6,6,6
130456,1,1,1990,0,0,0,0,0,0,0,0,0,0
130456,2,1,1990,0,0,0,0,0,0,0,0,0,0
130457,1,1,1990,0,0,0,0,0,0,0,0,0,0
130457,2,1,1990,0,8,0,0,0,0,0,0,0,0
130458,0,1,1990,31,31,31,31,31,31,31,31,31,31
130458,1,1,1990,29,29,29,29,29,29,29,29,29,29
130459,1,1,1990,26,26,26,26,26,26,26,26,26,26
130460,0,1,1990,16,16,16,16,16,16,16,16,16,16
130460,1,1,1990,0,0,0,0,0,0,0,0,0,0
130462,1,1,1990,0,0,0,0,0,0,0,0,0,0
130462,2,1,1990,0,0,0,0,0,0,0,0,0,0
130463,1,1,1990,0,5,0,0,0,0,0,0,0,0
130463,2,1,1990,0,0,0,0,0,0,0,0,0,0
130464,0,1,1990,17,17,17,17,17,17,17,17,17,17
130464,1,1,1990,0,0,0,0,0,0,0,0,0,0
130465,1,1,1990,14,14,14,14,14,14,14,14,14,14
130466,1,1,1990,10,10,10,10,10,10,10,10,10,10
130467,1,1,1990,28,28,28,28,28,28,28,28,28,28
130468,1,1,1990,0,0,0,0,0,0,0,0,0,0
130468,2,1,1990,0,0,0,0,0,0,0,0,0,0
130469,1,1,1990,0,0,0,0,0,0,0,0,0,0
130469,2,1,1990,0,0,0,0,0,15,0,0,0,0
130470,1,1,1990,0,0,0,0,0,0,0,0,0,0
130470,2,1,1990,0,0,0,0,0,0,0,0,0,0
130471,0,1,1990,26,26,26,26,26,26,26,26,26,26
130471,1,1,1990,0,0,0,0,20,0,0,0,0,0
130472,1,1,1990,22,22,22,22,22,22,22,22,22,22
130472,2,1,1990,0,0,0,0,0,0,0,0,0,0
130473,1,1,1990,0,0,0,0,0,0,0,0,0,0
130473,2,1,1990,0,0,0,0,0,0,0,0,0,0
130474,1,1,1990,21,10,0,14,22,0,10,14,35,10
130475,1,1,1990,0,0,0,0,0,0,0,0,0,0
130475,2,1,1990,0,0,0,0,0,0,0,0,0,0
130475,3,1,1990,0,0,0,0,0,0,0,0,0,0
130476,1,1,1990,0,0,0,0,0,0,0,0,0,0
130476,2,1,1990,0,0,0,0,0,0,0,0,0,0
130477,1,1,1990,31,31,31,31,31,31,31,31,31,31
130478,1,1,1990,0,0,0,0,0,0,0,0,0,0
130478,2,1,1990,0,0,0,0,0,0,0,0,0,0
130478,3,1,1990,0,0,0,0,0,19,0,0,0,0
130479,1,1,1990,0,0,0,0,0,0,0,0,0,0
130479,2,1,1990,0,0,0,0,0,0,0,0,0,0
130480,1,1,1990,0,0,0,0,0,17,0,0,0,0
130480,2,1,1990,0,0,0,0,0,0,0,0,0,0
130481,1,1,1990,0,0,0,0,0,0,0,0,0,0
130482,1,1,1990,0,0,0,0,0,0,0,0,0,0
130482,2,1,1990,0,0,0,0,0,0,0,0,0,0
130483,1,1,1990,13,13,13,13,13,13,13,13,13,13
130483,2,1,1990,0,0,0,0,0,0,0,0,0,0
130484,1,1,1990,36,36,36,36,36,36,36,36,36,36
130484,2,1,1990,0,0,0,0,0,0,0,0,0,0
130485,1,1,1990,0,0,0,0,0,0,0,0,0,0
130485,2,1,1990,0,0,0,0,0,0,0,0,0,0
130486,1,1,1990,18,18,18,18,18,18,18,18,18,18
130487,1,1,1990,10,10,10,10,10,10,10,10,10,10
130488,1,1,1990,31,31,31,31,31,31,31,31,31,31
130488,2,1,1990,0,0,0,0,0,0,0,0,0,0
130489,1,1,1990,22,22,22,22,22,22,22,22,22,22
130489,2,1,1990,0,0,0,0,0,0,0,0,0,0
130490,1,1,1990,0,0,0,0,0,0,0,0,0,0
130491,1,1,1990,12,9,22,10,20,17,19,17,13,10
130491,2,1,1990,0,0,0,0,0,8,0,0,0,0
130492,1,1,1990,12,12,12,12,12,12,12,12,12,12
130492,2,1,1990,0,0,0,0,0,0,0,0,0,0
130493,1,1,1990,0,0,0,0,0,0,0,0,0,0
130494,1,1,1990,19,19,19,19,19,19,19,19,19,19
130495,1,1,1990,18,18,18,18,18,18,18,18,18,18
130496,1,1,1990,0,0,0,0,0,0,0,0,0,0
130496,2,1,1990,0,0,0,0,0,0,0,0,0,0
130497,1,1,1990,0,0,0,0,0,0,0,0,0,0
130498,1,1,1990,0,0,0,0,0,0,0,0,0,0
130498,2,1,1990,0,0,0,0,0,0,0,0,0,0
130499,1,1,1990,0,0,0,0,0,0,0,0,0,0
130500,1,1,1990,16,0,15,31,0,10,18,16,0,26
130501,1,1,1990,25,25,25,25,25,25,25,25,25,25
130502,1,1,1990,0,0,0,0,0,0,0,0,0,0
130503,1,1,1990,0,0,0,0,0,0,0,0,0,0
130504,1,1,1990,12,12,12,12,12,12,12,12,12,12
130505,1,1,1990,3,3,3,3,3,3,3,3,3,3
130506,1,1,1990,0,0,0,0,0,0,0,0,0,0
130507,1,1,1990,0,0,0,0,0,0,0,0,0,0
130508,1,1,1990,0,0,0,0,0,0,0,0,0,0
130509,1,1,1990,0,13,0,0,0,0,0,0,0,8
130509,2,1,1990,0,0,0,0,0,0,0,0,0,0
130510,1,1,1990,30,30,30,30,30,30,30,30,30,30
130510,2,1,1990,0,0,0,4,0,0,0,0,16,11
130511,1,1,1990,30,30,30,30,30,30,30,30,30,30
130512,1,1,1990,0,0,0,0,0,0,0,0,0,0
130512,2,1,1990,0,0,0,0,0,0,0,0,0,0
130513,1,1,1990,0,0,0,0,0,0,0,0,0,0
130514,1,1,1990,0,0,0,0,0,0,0,0,0,0
130514,2,1,1990,0,0,0,0,0,0,0,0,0,0
130515,1,1,1990,27,27,27,27,27,27,27,27,27,27
130516,1,1,1990,16,16,16,16,16,16,16,16,16,16
130517,1,1,1990,22,22,22,22,22,22,22,22,22,22
130518,0,1,1990,18,0,24,0,0,0,0,0,0,0
130518,1,1,1990,16,16,16,16,16,16,16,16,16,16
130519,0,1,1990,0,0,0,0,0,0,0,0,0,0
130519,1,1,1990,0,3,0,0,0,0,0,0,0,0
130520,0,1,1990,17,17,17,17,17,17,17,17,17,17
130520,1,1,1990,0,0,0,0,0,0,0,0,0,0
130521,1,1,1990,8,8,8,8,8,8,8,8,8,8
130522,1,1,1990,0,0,0,0,0,0,0,0,0,0
130523,1,1,1990,0,0,0,0,0,0,0,0,0,0
130523,2,1,1990,0,0,0,0,0,0,0,0,0,0
130524,1,1,1990,11,11,11,11,11,11,11,11,11,11
130524,2,1,1990,2,2,2,2,2,2,2,2,2,2
130525,1,1,1990,0,0,0,0,0,0,0,0,0,0
130525,2,1,1990,0,0,0,0,0,0,0,0,0,0
130526,1,1,1990,0,0,0,0,0,0,0,0,0,0
130527,1,1,1990,8,8,8,8,8,8,8,8,8,8
130528,1,1,1990,10,0,29,25,0,12,13,12,20,14
130528,2,1,1990,16,16,16,16,16,16,16,16,16,16
130529,1,1,1990,0,0,0,0,0,0,0,0,0,0
130530,1,1,1990,22,22,22,22,22,22,22,22,22,22
130531,1,1,1990,16,16,16,16,16,16,16,16,16,16
130532,0,1,1990,0,0,0,0,0,0,0,0,0,0
130532,1,1,1990,0,0,0,0,0,0,0,0,0,0
130533,1,1,1990,8,8,8,8,8,8,8,8,8,8
130534,1,1,1990,0,0,0,0,0,0,0,0,0,0
130535,1,1,1990,0,0,0,0,0,0,0,0,0,0
130537,0,1,1990,12,12,12,12,12,12,12,12,12,12
130537,1,1,1990,0,0,0,0,0,0,0,0,0,0
130538,1,1,1990,0,0,0,0,0,0,0,0,0,0
130538,2,1,1990,0,0,0,0,0,0,0,0,0,0
130539,1,1,1990,0,0,0,0,0,0,0,0,0,0
130540,1,1,1990,33,33,33,33,33,33,33,33,33,33
130541,1,1,1990,7,7,7,7,7,7,7,7,7,7
130541,2,1,1990,0,0,0,0,0,0,0,0,0,0