ST_CASE,VEH_NO,PER_NO,YEAR,P1,P2,P3,P4,P5,P6,P7,P8,P9,P10
131113,2,1,1990,0,0,0,0,0,0,0,0,0,0
131114,1,1,1990,21,29,21,12,24,16,23,20,29,29
131115,0,1,1990,21,21,21,21,21,21,21,21,21,21
131115,1,1,1990,0,0,0,0,0,0,0,0,0,0
131116,1,1,1990,25,25,25,25,25,25,25,25,25,25
131117,1,1,1990,0,0,0,0,0,0,0,0,0,0
131117,2,1,1990,0,0,0,0,0,0,0,0,0,0
131118,1,1,1990,11,11,11,11,11,11,11,11,11,11
131119,1,1,1990,19,19,19,19,19,19,19,19,19,19
131120,1,1,1990,0,0,0,0,0,0,4,0,0,0
131120,2,1,1990,0,0,0,0,0,0,0,0,0,0
131121,1,1,1990,0,0,0,0,0,0,0,0,0,0
131122,0,1,1990,0,0,0,0,0,0,0,0,0,0
131122,1,1,1990,19,19,19,19,19,19,19,19,19,19
131123,0,1,1990,0,0,0,0,0,0,0,0,0,0
131123,0,2,1990,0,0,0,0,0,0,0,0,0,0
131123,1,1,1990,0,0,0,0,18,0,0,0,0,17
131124,1,1,1990,0,17,9,0,0,11,0,0,0,0
131125,1,1,1990,0,0,0,0,0,0,0,0,0,0
131125,2,1,1990,0,0,0,0,0,0,0,0,0,0
131125,3,1,1990,0,0,0,0,0,0,0,0,0,0
131125,4,1,1990,0,0,0,0,0,0,0,0,0,0
131126,1,1,1990,27,0,0,19,13,0,0,0,18,14
131127,1,1,1990,0,0,0,0,0,0,0,0,0,0
131127,2,1,1990,0,0,0,0,0,0,0,0,0,0
131128,1,1,1990,0,0,0,0,0,0,0,0,0,0
131128,2,1,1990,0,0,0,0,0,0,0,0,0,0
131129,1,1,1990,0,0,0,0,0,0,0,0,0,0
131129,2,1,1990,0,0,0,0,0,0,0,0,0,0
131130,1,1,1990,0,0,0,0,0,0,0,0,0,0
131131,1,1,1990,0,0,0,0,0,0,0,0,0,0
131131,2,1,1990,0,0,0,0,0,0,0,0,0,0
131132,1,1,1990,22,22,22,22,22,22,22,22,22,22
131133,1,1,1990,0,0,0,0,0,0,0,0,0,0
131133,2,1,1990,0,0,0,0,18,0,0,0,0,0
131134,1,1,1990,28,28,28,28,28,28,28,28,28,28
131135,1,1,1990,6,6,6,6,6,6,6,6,6,6
131136,0,1,1990,0,0,0,0,0,0,0,0,0,0
131136,1,1,1990,0,0,0,15,10,7,0,11,0,0
131137,1,1,1990,27,27,27,27,27,27,27,27,27,27
131138,1,1,1990,0,0,0,0,0,0,0,0,0,0
131138,2,1,1990,11,11,11,11,11,11,11,11,11,11
131139,1,1,1990,0,0,0,0,0,0,0,0,0,0
131139,2,1,1990,0,0,0,0,0,0,0,0,0,0
131140,1,1,1990,26,26,26,26,26,26,26,26,26,26
131141,1,1,1990,0,0,0,0,0,0,0,0,0,0
131141,2,1,1990,0,0,0,0,0,0,0,0,0,0
131141,3,1,1990,0,0,0,0,0,0,18,0,0,0
131142,1,1,1990,0,0,0,0,0,0,0,0,0,0
131142,2,1,1990,0,0,0,0,0,0,0,0,0,0
131143,1,1,1990,0,0,0,0,0,0,0,0,0,0
131143,2,1,1990,0,0,0,0,0,0,0,0,0,0
131144,1,1,1990,0,0,0,0,0,0,0,0,0,0
131144,2,1,1990,0,0,0,0,0,0,0,0,0,0
131145,1,1,1990,0,0,0,0,0,0,0,0,0,0
131145,2,1,1990,0,0,0,0,0,0,0,0,0,0
131145,3,1,1990,0,0,0,0,0,0,0,0,0,0
131146,1,1,1990,0,0,0,0,0,0,0,0,0,0
131146,2,1,1990,0,0,0,0,0,0,0,0,0,0
131147,1,1,1990,0,0,0,0,0,0,0,0,0,0
131148,1,1,1990,10,10,10,10,10,10,10,10,10,10
131149,1,1,1990,19,19,19,19,19,19,19,19,19,19
131150,1,1,1990,0,0,0,0,0,0,0,0,0,0
131151,1,1,1990,0,0,0,0,0,0,0,0,0,0
131152,1,1,1990,0,0,0,0,0,0,0,0,0,0
131152,2,1,1990,0,0,0,0,0,0,0,0,0,0
131153,1,1,1990,0,0,0,0,0,0,0,0,0,0
131153,2,1,1990,0,0,0,0,0,0,0,0,0,0
131154,1,1,1990,0,0,0,0,0,0,0,0,0,0
131154,2,1,1990,27,27,27,27,27,27,27,27,27,27
131155,1,1,1990,16,17,8,8,20,22,18,24,18,15
131156,0,1,1990,28,28,28,28,28,28,28,28,28,28
131156,1,1,1990,5,5,5,5,5,5,5,5,5,5
131157,1,1,1990,13,22,15,22,39,21,31,28,6,21
131158,1,1,1990,32,32,32,32,32,32,32,32,32,32
131158,2,1,1990,16,16,16,16,16,16,16,16,16,16
131159,1,1,1990,0,0,0,0,0,0,0,0,0,0
131159,2,1,1990,0,0,0,0,0,0,0,0,0,15
131160,1,1,1990,34,23,0,0,12,8,20,23,14,9
131161,1,1,1990,22,22,22,22,22,22,22,22,22,22
131162,0,1,1990,0,0,0,0,0,0,0,0,0,0
131162,0,2,1990,0,15,13,0,0,19,31,28,0,0
131162,1,1,1990,0,0,0,0,0,0,0,0,0,0
131163,0,1,1990,0,0,0,0,0,0,0,0,0,0
131163,1,1,1990,0,0,0,0,0,0,0,0,0,0
131164,1,1,1990,0,0,0,0,0,0,0,0,0,0
131164,2,1,1990,0,13,0,0,0,0,9,0,6,0
131165,1,1,1990,0,0,0,0,15,5,0,0,0,0
131165,2,1,1990,0,0,0,0,0,0,0,0,0,0
131166,1,1,1990,0,0,0,0,0,0,0,0,0,0
131166,2,1,1990,0,0,0,0,0,0,0,0,0,0
131166,3,1,1990,0,0,0,0,0,0,0,12,0,0
131167,1,1,1990,0,0,0,0,0,0,0,0,0,0
131167,2,1,1990,13,13,13,13,13,13,13,13,13,13
131168,1,1,1990,0,0,0,0,0,0,0,0,0,0
131169,1,1,1990,10,10,10,10,10,10,10,10,10,10
131170,1,1,1990,14,14,14,14,14,14,14,14,14,14
131171,0,1,1990,27,27,27,27,27,27,27,27,27,27
131171,1,1,1990,11,11,11,11,11,11,11,11,11,11
131172,1,1,1990,0,0,0,0,0,0,0,0,0,0
131172,2,1,1990,0,0,0,0,0,0,0,0,0,0
131173,1,1,1990,0,0,0,0,0,0,0,0,0,0
131174,1,1,1990,0,0,0,0,0,0,0,0,0,0
131175,0,1,1990,0,0,0,0,0,0,0,0,0,0
131175,1,1,1990,0,0,0,0,0,0,0,0,0,0
131176,1,1,1990,0,0,0,0,0,0,0,0,0,0
131176,2,1,1990,23,23,23,23,23,23,23,23,23,23
131177,1,1,1990,0,0,0,0,0,0,0,0,0,0
131178,1,1,1990,0,0,0,0,0,0,0,0,0,0
131178,2,1,1990,0,0,0,0,0,0,0,0,13,0
131179,1,1,1990,16,11,18,16,0,23,23,8,8,0
131180,1,1,1990,0,0,0,0,0,0,0,0,0,0
131180,2,1,1990,0,0,0,0,0,0,0,0,0,0
131181,1,1,1990,0,0,0,0,0,0,0,0,0,0
131182,1,1,1990,0,0,0,0,0,0,0,0,0,0
131182,2,1,1990,0,0,15,0,0,0,0,0,0,0
131183,1,1,1990,0,0,0,0,0,0,0,0,0,0
131183,2,1,1990,14,14,14,14,14,14,14,14,14,14
131184,1,1,1990,0,0,0,0,0,0,0,0,0,0
131184,2,1,1990,0,0,0,0,0,0,0,0,0,0
131185,1,1,1990,0,0,0,0,0,0,0,0,0,0
131186,0,1,1990,13,19,0,0,16,0,45,17,20,33
131186,1,1,1990,7,10,0,0,0,0,0,0,0,0
131187,1,1,1990,0,0,0,0,0,8,0,0,0,0
131187,2,1,1990,0,0,0,0,0,0,0,0,0,0
131188,1,1,1990,0,0,0,0,0,0,0,0,0,0
131188,2,1,1990,0,0,0,0,0,0,0,0,0,0
131189,1,1,1990,0,0,0,0,0,0,0,0,0,0
131189,2,1,1990,0,0,0,0,0,0,0,0,0,0
131189,3,1,1990,0,0,5,0,0,0,0,0,0,0
131190,1,1,1990,0,0,0,0,0,0,0,0,0,0
131191,1,1,1990,0,0,0,0,0,0,0,0,0,0
131191,2,1,1990,0,0,0,0,0,0,0,23,0,0
131192,0,1,1990,0,0,13,14,0,0,0,0,43,0
131192,1,1,1990,0,0,0,0,0,0,0,0,0,0
131193,0,1,1990,0,0,0,0,0,0,0,0,0,0
131193,0,2,1990,0,0,0,0,0,0,0,0,0,0
131193,0,3,1990,0,0,0,0,0,0,0,0,0,0
131193,1,1,1990,0,0,0,0,0,0,0,0,0,0
131194,1,1,1990,0,0,0,0,0,0,0,0,0,0
131194,2,1,1990,0,0,0,0,0,0,0,0,0,0
131195,1,1,1990,0,0,0,0,0,0,0,0,0,0
131196,1,1,1990,33,33,33,33,33,33,33,33,33,33
131197,0,1,1990,0,0,0,0,0,0,0,0,0,0
131197,1,1,1990,0,0,0,0,0,0,0,0,0,0
131198,0,1,1990,50,21,11,24,14,25,12,0,26,16
131198,1,1,1990,0,0,0,19,0,0,0,10,0,0
131199,1,1,1990,0,0,0,0,0,0,0,0,0,0
131200,0,1,1990,0,0,0,0,0,0,0,0,0,0
131200,1,1,1990,0,0,0,0,0,0,0,0,0,0
131201,1,1,1990,0,0,0,0,0,0,0,0,0,0
131202,1,1,1990,0,0,0,0,0,0,0,0,0,0
131202,2,1,1990,0,0,0,0,0,11,0,0,0,0
131203,1,1,1990,0,0,8,0,0,0,0,0,0,0
131203,2,1,1990,0,0,0,0,0,0,0,0,0,0
131204,1,1,1990,0,0,0,0,0,0,0,0,0,0
131204,2,1,1990,0,0,0,0,0,0,0,0,0,0
131205,0,1,1990,29,29,29,29,29,29,29,29,29,29
131205,1,1,1990,2,2,2,2,2,2,2,2,2,2
131206,1,1,1990,0,0,0,0,0,0,0,0,0,0
131206,2,1,1990,28,28,28,28,28,28,28,28,28,28
131207,1,1,1990,2,2,2,2,2,2,2,2,2,2
131208,1,1,1990,0,0,0,0,0,0,0,0,0,0
131208,2,1,1990,0,0,0,0,0,0,0,0,0,0
131209,1,1,1990,0,0,0,0,0,0,0,0,0,0
131210,1,1,1990,0,0,0,0,0,0,0,0,0,0
131210,2,1,1990,0,0,0,0,0,0,0,0,0,0
131211,1,1,1990,0,0,0,0,0,0,0,0,0,0
131211,2,1,1990,0,0,0,0,0,0,0,0,0,0
131212,0,1,1990,0,0,0,0,0,0,0,0,0,0
131212,1,1,1990,2,0,0,0,0,0,0,0,0,0
131213,1,1,1990,0,0,0,0,0,0,0,0,0,0
131213,2,1,1990,23,23,23,23,23,23,23,23,23,23
131214,1,1,1990,0,0,0,0,0,0,0,0,0,0
131214,2,1,1990,0,0,0,9,0,0,0,5,0,0
131214,3,1,1990,0,0,0,0,0,0,0,0,0,0
131215,1,1,1990,28,28,28,28,28,28,28,28,28,28
131216,1,1,1990,22,22,22,22,22,22,22,22,22,22
131217,1,1,1990,0,0,0,0,0,0,0,0,0,0
131217,2,1,1990,0,0,0,0,0,0,0,0,0,0
131218,1,1,1990,0,0,0,0,0,0,0,0,0,0
131218,2,1,1990,0,0,0,0,0,0,0,0,0,0
131219,1,1,1990,0,0,0,0,0,0,0,0,0,0
131220,1,1,1990,1,1,1,1,1,1,1,1,1,1
131221,1,1,1990,0,0,0,0,0,0,0,0,0,0
131221,2,1,1990,0,0,0,0,0,0,0,0,0,0
131222,1,1,1990,20,20,20,20,20,20,20,20,20,20
131223,0,1,1990,9,9,9,9,9,9,9,9,9,9
131223,1,1,1990,0,0,0,0,0,0,0,0,0,0
131224,1,1,1990,0,0,0,0,0,0,0,0,0,0
131224,2,1,1990,4,4,4,4,4,4,4,4,4,4
131225,0,1,1990,0,0,0,0,0,0,0,0,0,0
131225,1,1,1990,0,0,0,0,0,0,0,0,0,0
131226,0,1,1990,25,25,25,25,25,25,25,25,25,25
131226,1,1,1990,0,15,28,10,0,0,13,15,0,0
131227,1,1,1990,0,0,0,0,0,0,0,0,0,0
131228,1,1,1990,2,2,2,2,2,2,2,2,2,2
131229,1,1,1990,25,25,25,25,25,25,25,25,25,25
131230,1,1,1990,38,38,38,38,38,38,38,38,38,38
131230,2,1,1990,0,0,0,0,0,0,0,0,0,0
131231,1,1,1990,0,8,15,0,0,29,13,6,0,13
131231,2,1,1990,0,0,0,0,0,0,0,0,0,0
131232,1,1,1990,0,0,0,0,0,0,0,0,0,0
131233,1,1,1990,0,0,0,0,0,0,0,0,0,0
131233,2,1,1990,0,0,0,0,0,0,0,0,0,0
131233,3,1,1990,0,0,0,0,0,0,0,0,0,0
131234,1,1,1990,12,12,12,12,12,12,12,12,12,12
131235,1,1,1990,32,32,32,32,32,32,32,32,32,32
131236,1,1,1990,0,0,20,0,0,0,0,14,13,14
131237,1,1,1990,0,0,0,0,0,0,0,0,0,0
131238,1,1,1990,16,16,16,16,16,16,16,16,16,16
131238,2,1,1990,0,0,0,0,0,0,0,0,0,0
131239,1,1,1990,17,17,17,17,17,17,17,17,17,17
131240,0,1,1990,0,0,0,0,0,0,0,0,0,0
131240,1,1,1990,0,0,0,0,0,0,0,19,0,0
131241,1,1,1990,0,0,0,0,0,0,0,0,0,0
131241,2,1,1990,0,0,0,0,0,0,0,0,0,0
131242,0,1,1990,32,32,32,32,32,32,32,32,32,32
131242,1,1,1990,0,0,15,0,43,0,0,0,0,0
131243,1,1,1990,0,0,0,6,0,0,0,0,0,0
131243,2,1,1990,0,0,0,0,0,0,0,0,0,0
131244,0,1,1990,0,0,0,0,0,0,0,0,0,0
131244,1,1,1990,0,0,0,0,0,0,0,0,0,0
131245,1,1,1990,0,0,0,0,0,0,0,0,0,0
131245,2,1,1990,0,0,0,0,0,0,0,0,0,0
131246,1,1,1990,0,0,0,0,0,0,0,0,0,0
131247,0,1,1990,2,2,2,2,2,2,2,2,2,2
131247,1,1,1990,0,0,0,0,0,0,0,0,0,5
131248,1,1,1990,0,0,0,0,0,0,0,0,0,0
131248,2,1,1990,0,0,0,0,0,0,0,0,0,0
131249,1,1,1990,11,11,11,11,11,11,11,11,11,11
131250,1,1,1990,0,0,0,0,0,0,0,0,0,0
131251,1,1,1990,0,0,0,0,0,0,0,0,0,0
131251,2,1,1990,0,0,0,0,0,0,0,0,0,0
131252,1,1,1990,24,7,31,16,0,0,0,31,0,26
131253,1,1,1990,10,10,10,10,10,10,10,10,10,10
131254,1,1,1990,0,0,0,0,0,0,0,0,0,0
131255,1,1,1990,0,0,0,0,0,0,0,0,0,0
131255,2,1,1990,0,0,41,0,0,0,10,18,36,0
131256,1,1,1990,0,0,0,0,0,0,0,0,0,0
131257,1,1,1990,26,26,26,26,26,26,26,26,26,26
131258,1,1,1990,0,0,0,0,0,0,0,0,0,0
131259,1,1,1990,6,6,6,6,6,6,6,6,6,6
131260,1,1,1990,0,0,0,0,0,0,0,0,0,0
131260,2,1,1990,0,0,0,0,0,0,0,0,0,0
131261,1,1,1990,0,0,0,0,0,0,0,0,0,0
131262,1,1,1990,0,0,0,0,0,0,0,0,0,0
131262,2,1,1990,0,0,0,0,0,0,0,0,0,0
131263,1,1,1990,0,0,0,0,0,0,0,0,0,0
131263,2,1,1990,0,0,0,0,0,0,0,0,0,0
131264,1,1,1990,39,39,39,39,39,39,39,39,39,39
131265,0,1,1990,0,0,0,0,0,0,0,26,0,0
131265,1,1,1990,0,0,0,0,0,0,0,0,0,0
131266,1,1,1990,0,0,14,0,0,0,0,0,0,5
131266,2,1,1990,0,0,0,0,0,0,0,0,0,0
131266,3,1,1990,0,0,0,0,0,0,0,0,0,0
131267,1,1,1990,0,0,0,0,0,0,0,0,0,0
131268,1,1,1990,0,0,0,0,0,0,0,0,0,0
131268,2,1,1990,0,0,0,0,0,0,0,0,0,0
131269,0,1,1990,30,30,30,30,30,30,30,30,30,30
131269,1,1,1990,0,0,0,0,0,0,0,0,0,0
131270,1,1,1990,13,13,13,13,13,13,13,13,13,13
131271,0,1,1990,0,0,0,0,0,0,0,0,0,0
131271,1,1,1990,0,0,0,0,0,0,0,0,0,0
131271,2,1,1990,0,0,0,0,0,0,0,0,0,0
131272,1,1,1990,19,6,24,13,6,0,20,9,0,22
131273,1,1,1990,0,0,0,0,0,0,0,0,0,0
131274,1,1,1990,22,22,22,22,22,22,22,22,22,22
131275,1,1,1990,0,0,0,12,0,0,0,0,0,0
131275,2,1,1990,18,0,12,0,0,0,0,0,10,0
131276,1,1,1990,26,26,26,26,26,26,26,26,26,26
131277,1,1,1990,24,21,6,9,16,13,9,11,15,23
131278,1,1,1990,0,0,0,0,0,0,0,0,0,0
131278,2,1,1990,0,0,0,0,0,0,0,0,0,0
131279,0,1,1990,11,11,11,11,11,11,11,11,11,11
131279,1,1,1990,0,0,16,0,0,0,0,0,0,0
131280,1,1,1990,33,33,33,33,33,33,33,33,33,33
131281,1,1,1990,0,0,0,0,0,0,0,0,0,0
131281,2,1,1990,0,0,0,0,0,0,0,0,0,0
131282,1,1,1990,0,0,0,0,0,0,0,0,0,0
131283,1,1,1990,0,0,0,0,0,0,0,0,0,0
131283,2,1,1990,3,3,3,3,3,3,3,3,3,3
131284,1,1,1990,0,0,0,0,0,0,0,0,0,0
131284,2,1,1990,0,0,0,0,0,0,0,0,0,0
131285,1,1,1990,0,0,0,0,0,0,0,0,0,0
131285,2,1,1990,0,0,0,0,0,0,0,0,0,0
131286,1,1,1990,0,0,0,0,0,0,0,0,0,0
131287,1,1,1990,19,0,0,0,0,0,0,0,0,0
131288,1,1,1990,0,0,0,0,0,0,0,0,0,0
131288,2,1,1990,0,0,0,0,0,0,0,0,0,0
131289,1,1,1990,30,30,30,30,30,30,30,30,30,30
131290,0,1,1990,34,27,10,28,15,10,20,39,25,16
131290,1,1,1990,0,0,0,0,0,0,0,0,0,0
131291,1,1,1990,39,39,39,39,39,39,39,39,39,39
131292,0,1,1990,0,0,0,0,0,0,0,0,0,0
131292,1,1,1990,0,0,0,0,0,0,0,0,0,0
131293,1,1,1990,8,8,8,8,8,8,8,8,8,8
131294,1,1,1990,8,0,11,0,9,0,0,0,0,0
131294,2,1,1990,0,0,15,0,0,0,0,0,13,0
131295,1,1,1990,18,18,18,18,18,18,18,18,18,18
131296,0,1,1990,16,16,16,16,16,16,16,16,16,16
131296,1,1,1990,12,3,9,2,16,26,12,11,20,14
131296,2,1,1990,0,11,4,0,11,15,6,0,32,7
131297,1,1,1990,0,0,0,0,0,0,0,0,0,0
131297,2,1,1990,0,0,0,0,0,0,0,0,0,0
131298,1,1,1990,0,20,29,13,0,14,19,0,0,0
131299,1,1,1990,17,17,17,17,17,17,17,17,17,17
131299,2,1,1990,0,0,0,0,0,0,0,0,0,0
131299,3,1,1990,0,0,0,0,0,0,0,0,0,0
131299,4,1,1990,0,0,0,0,0,0,0,0,0,13
131300,1,1,1990,0,0,0,0,0,0,0,0,0,0
131301,1,1,1990,18,18,18,18,18,18,18,18,18,18
131301,2,1,1990,0,0,0,0,0,0,0,0,0,0
131302,1,1,1990,0,10,0,0,0,0,0,0,0,0
131302,2,1,1990,0,0,0,0,0,0,0,0,0,0
131303,1,1,1990,13,13,13,13,13,13,13,13,13,13
131304,1,1,1990,15,15,15,15,15,15,15,15,15,15
131305,0,1,1990,0,0,0,0,0,20,0,11,0,24
131305,1,1,1990,0,0,0,0,0,0,0,0,0,22
131306,1,1,1990,20,20,20,20,20,20,20,20,20,20
131307,1,1,1990,20,20,20,20,20,20,20,20,20,20
131307,2,1,1990,0,0,0,0,0,0,0,0,0,0
131308,1,1,1990,0,0,0,0,0,0,0,0,0,0
131308,2,1,1990,0,0,0,0,0,0,0,0,0,0
131309,1,1,1990,0,0,0,0,0,0,0,0,0,0
131310,0,1,1990,0,0,0,0,0,0,0,0,0,0
131310,1,1,1990,8,8,8,8,8,8,8,8,8,8
131311,1,1,1990,19,0,0,0,0,0,0,22,0,8
131312,1,1,1990,24,24,24,24,24,24,24,24,24,24
131313,1,1,1990,0,0,0,0,0,0,0,0,0,0
131314,1,1,1990,5,5,5,5,5,5,5,5,5,5
131315,1,1,1990,0,0,17,0,18,0,0,11,0,0
131316,1,1,1990,0,0,0,0,0,0,0,0,0,6
131316,2,1,1990,0,0,0,0,0,0,0,0,0,0
131317,1,1,1990,0,0,0,0,0,0,0,0,0,0
131318,1,1,1990,18,18,18,18,18,18,18,18,18,18
131319,1,1,1990,0,0,0,0,0,0,0,0,0,0
131319,2,1,1990,0,0,0,0,0,0,0,0,0,0
131320,1,1,1990,12,12,12,12,12,12,12,12,12,12
131321,1,1,1990,14,14,14,14,14,14,14,14,14,14
131322,1,1,1990,19,19,19,19,19,19,19,19,19,19
131323,1,1,1990,11,11,11,11,11,11,11,11,11,11
131324,1,1,1990,0,0,0,0,0,0,0,0,0,0
131324,2,1,1990,0,0,0,0,0,0,0,0,0,0
131325,1,1,1990,0,0,0,0,0,0,0,0,0,0
131326,1,1,1990,0,0,0,0,0,0,0,0,0,0
131326,2,1,1990,0,0,0,0,0,0,0,0,0,0
131327,1,1,1990,0,0,0,0,0,0,0,0,0,0
131327,2,1,1990,0,0,0,0,0,0,0,0,0,0
131328,1,1,1990,0,0,0,0,0,0,0,0,0,0
131328,2,1,1990,0,0,0,0,0,0,0,0,0,0
131329,1,1,1990,11,11,11,11,11,11,11,11,11,11
131329,2,1,1990,0,0,0,0,0,0,0,13,0,0
131330,1,1,1990,0,0,0,0,0,0,0,0,0,0
131331,1,1,1990,17,17,17,17,17,17,17,17,17,17
131331,2,1,1990,0,0,0,0,0,0,0,0,0,0
131331,3,1,1990,0,0,0,0,0,0,0,0,0,0
131332,0,1,1990,0,0,0,0,0,0,0,0,0,0
131332,1,1,1990,0,0,0,0,0,0,0,0,0,0
131333,0,1,1990,0,0,0,0,0,0,0,0,0,0
131333,1,1,1990,0,0,0,0,0,0,0,0,0,0
131334,1,1,1990,21,21,21,21,21,21,21,21,21,21
131335,1,1,1990,0,0,0,0,0,0,0,0,0,0
131335,2,1,1990,0,0,0,0,0,0,0,0,0,0
131336,1,1,1990,24,24,24,24,24,24,24,24,24,24
131337,1,1,1990,0,0,0,0,0,0,0,0,0,0
131337,2,1,1990,0,0,0,0,0,0,0,0,0,0
131338,0,1,1990,0,0,0,0,0,0,0,0,0,0
131339,1,1,1990,32,32,32,32,32,32,32,32,32,32
131340,1,1,1990,10,10,10,10,10,10,10,10,10,10
131340,2,1,1990,26,26,26,26,26,26,26,26,26,26
131341,1,1,1990,0,0,0,0,0,0,0,0,0,0
131341,2,1,1990,0,0,0,0,0,0,0,0,0,0
131342,1,1,1990,22,22,22,22,22,22,22,22,22,22
131343,1,1,1990,11,11,11,11,11,11,11,11,11,11
131343,2,1,1990,0,0,0,0,0,0,0,0,0,0
131344,1,1,1990,0,0,0,0,0,0,0,14,10,0
131345,1,1,1990,0,0,0,0,0,0,0,0,0,0
131345,2,1,1990,0,0,0,0,0,0,0,0,0,0
131346,1,1,1990,0,0,0,0,0,0,0,0,0,0
131346,2,1,1990,0,0,0,0,0,0,0,0,0,0
131347,1,1,1990,19,19,19,19,19,19,19,19,19,19
131347,2,1,1990,0,0,0,0,0,0,0,0,0,0
131347,3,1,1990,0,0,0,0,0,0,0,0,0,0
131348,1,1,1990,0,0,0,0,0,0,0,0,0,0
131348,2,1,1990,0,0,0,0,0,0,0,0,0,0
131349,1,1,1990,0,0,0,0,0,0,0,0,0,0
131350,1,1,1990,18,18,18,18,18,18,18,18,18,18
131350,2,1,1990,0,0,0,0,0,0,0,0,0,0
131351,1,1,1990,0,0,0,0,0,0,0,0,0,0
131352,1,1,1990,0,0,0,0,0,0,0,0,0,0
131352,2,1,1990,0,0,0,0,0,0,0,0,0,0
131353,1,1,1990,0,0,0,0,0,0,0,0,0,0
131353,2,1,1990,0,0,0,0,0,0,0,0,0,0
131354,1,1,1990,25,25,25,25,25,25,25,25,25,25
131355,1,1,1990,21,18,20,22,14,0,12,9,21,16
131356,1,1,1990,8,8,8,8,8,8,8,8,8,8
131356,2,1,1990,0,0,0,0,0,0,0,0,0,0
131357,0,1,1990,6,6,6,6,6,6,6,6,6,6
131357,2,1,1990,0,0,0,0,0,0,0,0,0,0
131357,3,1,1990,16,25,22,0,0,0,0,26,16,0
131358,1,1,1990,0,0,0,0,0,0,0,0,0,0
131358,2,1,1990,0,0,0,0,0,0,0,0,0,0
131359,1,1,1990,17,17,17,17,17,17,17,17,17,17
131360,1,1,1990,0,0,22,0,0,0,0,0,27,0
131361,1,1,1990,24,24,24,24,24,24,24,24,24,24
131362,1,1,1990,17,17,17,17,17,17,17,17,17,17
131363,1,1,1990,0,12,0,0,0,0,0,13,0,0
131363,2,1,1990,0,0,0,0,0,0,0,0,0,0
131363,3,1,1990,0,0,0,0,0,0,0,0,0,0
131364,1,1,1990,22,10,13,0,0,13,14,0,12,12
131365,0,1,1990,0,0,0,0,0,0,0,0,0,0
131365,1,1,1990,0,15,0,0,0,0,0,0,0,0
131366,0,1,1990,0,0,0,0,0,0,0,0,0,0
131366,1,1,1990,2,2,2,2,2,2,2,2,2,2
131367,1,1,1990,0,0,0,0,0,0,0,0,0,0
131368,1,1,1990,0,0,0,0,0,0,0,0,0,0
131368,2,1,1990,0,0,0,0,0,0,0,0,0,0
131368,3,1,1990,0,0,0,0,0,0,0,0,16,0
131368,4,1,1990,0,0,0,0,0,0,0,0,0,11
131369,1,1,1990,0,0,0,0,0,0,0,0,0,0
131369,2,1,1990,0,0,0,0,0,0,0,0,0,0
131370,1,1,1990,0,0,0,0,0,0,0,0,0,0
131371,0,1,1990,34,34,34,34,34,34,34,34,34,34
131371,1,1,1990,0,0,0,0,0,0,0,0,0,0
131371,2,1,1990,0,0,0,0,8,0,0,0,0,0
131371,3,1,1990,0,0,0,0,0,0,0,0,0,0
131372,1,1,1990,0,0,0,0,0,0,0,0,0,0
131372,2,1,1990,0,0,0,0,0,0,0,0,0,0
131373,1,1,1990,0,0,0,0,0,0,0,0,0,0
131374,1,1,1990,0,0,0,0,0,0,0,0,0,0
131374,2,1,1990,0,0,0,0,0,0,0,0,0,0
131374,3,1,1990,0,6,0,0,0,0,0,0,0,0
131375,0,1,1990,0,0,0,0,0,0,0,0,0,0
131375,1,1,1990,0,0,0,0,0,0,0,0,0,0
131376,1,1,1990,0,0,0,0,0,0,0,0,0,0
131377,1,1,1990,0,0,0,0,0,0,0,0,0,0
131377,2,1,1990,0,0,0,0,0,0,0,0,0,0
131378,1,1,1990,0,0,0,0,0,0,0,0,0,0
131378,2,1,1990,0,0,0,0,0,0,0,0,0,0
131379,1,1,1990,0,0,0,0,0,0,0,0,0,0
131379,2,1,1990,0,0,0,0,0,0,18,0,0,0
131380,1,1,1990,0,0,5,0,0,0,0,0,0,0
131380,2,1,1990,0,0,0,0,0,0,0,0,0,0
131380,3,1,1990,0,0,0,0,0,0,0,0,0,0
131380,4,1,1990,0,0,0,0,0,13,0,0,0,0
131381,1,1,1990,25,25,25,25,25,25,25,25,25,25
131381,2,1,1990,0,0,0,0,0,0,0,0,0,0
131382,1,1,1990,22,22,22,22,22,22,22,22,22,22
131383,1,1,1990,17,17,17,17,17,17,17,17,17,17
131384,1,1,1990,0,0,0,0,0,0,0,0,0,0
131384,2,1,1990,0,0,0,0,0,0,0,0,0,0
131386,1,1,1990,0,0,0,0,0,0,0,0,0,0
131386,2,1,1990,0,0,0,0,0,0,0,0,0,0
131386,3,1,1990,0,0,0,0,0,0,0,0,0,0
131386,4,1,1990,0,0,0,0,0,0,0,0,0,0
131387,1,1,1990,0,0,0,0,0,0,0,0,0,0
131387,2,1,1990,30,30,30,30,30,30,30,30,30,30
131388,0,1,1990,0,0,0,0,0,0,0,0,0,0
131388,1,1,1990,0,0,0,0,0,0,0,0,0,0
131389,1,1,1990,0,0,0,0,0,0,0,0,0,0
131390,1,1,1990,19,19,19,19,19,19,19,19,19,19
131391,1,1,1990,22,22,22,22,22,22,22,22,22,22