ST_CASE,VEH_NO,PER_NO,YEAR,P1,P2,P3,P4,P5,P6,P7,P8,P9,P10
131392,1,1,1990,16,16,16,16,16,16,16,16,16,16
131393,1,1,1990,20,0,0,17,0,14,15,31,29,0
131394,1,1,1990,0,0,0,0,0,0,0,0,0,0
131394,2,1,1990,0,0,0,0,0,0,0,0,0,0
131395,1,1,1990,5,5,5,5,5,5,5,5,5,5
131396,0,1,1990,0,0,0,0,0,0,0,0,0,0
131396,1,1,1990,0,0,0,0,0,0,0,0,0,0
131397,1,1,1990,0,0,0,0,0,0,0,0,0,0
131397,2,1,1990,12,12,12,12,12,12,12,12,12,12
131398,1,1,1990,16,16,16,16,16,16,16,16,16,16
131399,1,1,1990,0,0,0,0,0,0,0,0,0,0
131399,2,1,1990,0,0,0,0,0,0,0,0,0,0
131400,1,1,1990,2,2,2,2,2,2,2,2,2,2
131401,1,1,1990,0,0,0,0,0,0,0,0,0,0
131402,1,1,1990,0,0,26,11,0,20,20,0,7,21
131403,1,1,1990,11,11,11,11,11,11,11,11,11,11
131404,1,1,1990,13,13,13,13,13,13,13,13,13,13
131404,2,1,1990,13,13,13,13,13,13,13,13,13,13
131405,0,1,1990,7,7,7,7,7,7,7,7,7,7
131405,0,2,1990,0,0,0,0,0,0,0,24,0,0
131405,1,1,1990,0,0,0,0,0,0,0,0,0,0
131406,1,1,1990,0,0,0,0,0,0,0,0,0,0
131406,2,1,1990,0,0,0,0,0,0,0,0,0,0
131407,1,1,1990,22,22,22,22,22,22,22,22,22,22
131408,1,1,1990,0,0,0,0,0,0,0,0,0,0
131409,0,1,1990,0,0,0,0,0,0,0,0,0,0
131409,0,2,1990,0,0,11,18,0,0,0,0,0,0
131409,0,3,1990,0,0,0,0,0,0,0,0,0,0
131409,0,4,1990,0,0,0,0,0,0,0,0,0,0
131409,0,5,1990,0,0,0,0,0,0,0,0,0,0
131409,0,6,1990,0,0,0,0,0,0,0,0,0,0
131409,0,7,1990,0,0,0,0,0,6,0,17,0,0
131409,0,8,1990,0,0,0,0,0,0,0,0,0,0
131409,1,1,1990,3,3,3,3,3,3,3,3,3,3
131410,0,1,1990,23,23,23,23,23,23,23,23,23,23
131410,1,1,1990,0,10,0,0,23,0,0,0,0,0
131411,1,1,1990,23,23,23,23,23,23,23,23,23,23
131412,1,1,1990,0,0,0,0,0,0,0,0,0,0
131412,2,1,1990,0,0,0,0,0,0,0,26,0,0
131413,1,1,1990,0,0,0,0,0,0,0,0,0,0
131413,2,1,1990,0,0,0,0,0,0,0,0,0,0
131414,0,1,1990,29,29,29,29,29,29,29,29,29,29
131414,1,1,1990,11,1,17,0,0,0,17,9,4,16
131415,1,1,1990,0,0,0,0,0,0,0,0,0,0
131415,2,1,1990,0,0,0,0,0,0,0,0,0,0
131415,3,1,1990,0,0,0,0,0,0,0,7,0,0
131416,1,1,1990,11,11,11,11,11,11,11,11,11,11
131417,0,1,1990,0,0,0,0,0,0,0,0,0,0
131417,0,2,1990,0,15,0,0,0,0,0,0,0,0
131417,1,1,1990,0,0,0,0,0,0,0,0,0,0
131418,1,1,1990,0,0,17,0,0,0,0,0,0,0
131419,1,1,1990,0,0,0,0,0,0,0,0,0,0
131419,2,1,1990,0,0,0,0,6,0,0,0,0,0
131420,1,1,1990,11,11,11,11,11,11,11,11,11,11
131421,1,1,1990,0,0,0,0,0,0,0,0,0,0
131421,2,1,1990,0,0,0,0,0,0,0,0,0,0
131422,0,1,1990,0,0,0,0,0,0,0,0,0,0
131422,0,2,1990,0,0,9,0,21,19,0,24,0,0
131422,1,1,1990,0,0,0,0,0,0,0,0,0,0
131423,1,1,1990,10,14,10,29,13,17,24,28,37,10
131424,1,1,1990,11,11,11,11,11,11,11,11,11,11
131425,0,1,1990,0,0,0,0,0,0,0,0,0,13
131425,1,1,1990,0,0,20,0,0,23,0,0,0,18
131426,1,1,1990,0,0,0,0,0,0,0,0,0,11
131426,2,1,1990,14,0,0,0,0,0,0,0,0,0
150001,0,1,1990,0,0,0,0,0,0,0,0,0,0
150001,1,1,1990,0,0,0,0,0,0,0,0,0,0
150002,0,1,1990,2,2,2,2,2,2,2,2,2,2
150002,0,2,1990,9,9,9,9,9,9,9,9,9,9
150002,0,3,1990,37,37,37,37,37,37,37,37,37,37
150002,1,1,1990,21,21,21,21,21,21,21,21,21,21
150003,1,1,1990,11,11,11,11,11,11,11,11,11,11
150003,2,1,1990,13,13,13,13,13,13,13,13,13,13
150004,0,1,1990,0,0,0,0,0,0,0,0,0,0
150004,1,1,1990,0,0,0,0,0,0,0,0,0,0
150005,1,1,1990,0,0,0,0,0,0,0,0,0,0
150006,1,1,1990,0,0,0,0,0,0,0,0,0,0
150006,2,1,1990,0,0,0,0,0,0,0,0,0,0
150007,1,1,1990,15,15,15,15,15,15,15,15,15,15
150008,1,1,1990,0,0,0,0,0,0,0,0,0,0
150008,2,1,1990,4,4,4,4,4,4,4,4,4,4
150009,1,1,1990,9,9,9,9,9,9,9,9,9,9
150010,0,1,1990,0,0,0,0,0,0,0,0,0,0
150010,1,1,1990,0,0,0,0,0,0,0,0,0,0
150011,0,1,1990,16,16,16,16,16,16,16,16,16,16
150011,1,1,1990,0,0,0,0,0,0,0,0,0,0
150012,1,1,1990,0,0,0,0,0,0,0,0,0,0
150012,2,1,1990,0,0,0,0,0,0,0,0,0,0
150013,1,1,1990,0,0,0,0,0,0,0,0,0,0
150013,2,1,1990,0,0,0,0,0,0,0,0,0,0
150014,1,1,1990,0,0,0,0,0,0,0,0,0,0
150014,2,1,1990,24,0,22,0,11,10,12,8,17,16
150015,1,1,1990,0,0,0,0,0,0,0,0,0,0
150016,1,1,1990,0,0,3,0,0,9,0,0,0,0
150016,2,1,1990,0,0,0,0,0,0,0,0,0,0
150017,0,1,1990,0,0,0,0,0,0,0,0,0,0
150017,1,1,1990,0,1,0,34,0,0,0,8,21,0
150017,2,1,1990,0,0,0,0,0,0,16,0,0,0
150017,3,1,1990,0,0,0,0,0,0,0,0,0,0
150018,1,1,1990,4,4,4,4,4,4,4,4,4,4
150018,2,1,1990,0,0,0,0,0,0,0,0,0,0
150019,1,1,1990,2,2,2,2,2,2,2,2,2,2
150020,1,1,1990,11,11,11,11,11,11,11,11,11,11
150021,0,1,1990,0,0,0,0,0,0,0,0,0,0
150021,1,1,1990,0,0,0,0,0,0,0,0,0,0
150022,0,1,1990,0,0,0,0,0,0,0,0,0,0
150022,1,1,1990,0,0,13,0,0,0,0,0,0,0
150023,1,1,1990,8,8,8,8,8,8,8,8,8,8
150024,1,1,1990,0,14,19,0,14,15,0,16,26,3
150024,2,1,1990,0,0,0,0,0,0,0,0,0,0
150025,0,1,1990,0,0,0,0,0,0,0,0,0,0
150025,1,1,1990,0,0,0,0,0,0,0,0,0,0
150026,1,1,1990,29,29,29,29,29,29,29,29,29,29
150027,1,1,1990,0,0,0,0,0,0,0,0,0,0
150028,1,1,1990,11,11,11,11,11,11,11,11,11,11
150029,1,1,1990,0,0,0,27,0,0,0,10,0,0
150029,2,1,1990,0,0,0,0,0,0,0,0,0,0
150030,1,1,1990,5,5,5,5,5,5,5,5,5,5
150031,1,1,1990,0,0,0,0,0,0,0,0,0,0
150031,2,1,1990,0,0,13,4,0,0,0,0,0,0
150031,3,1,1990,0,0,0,0,10,0,0,6,0,0
150032,0,1,1990,0,0,0,0,0,0,0,0,0,0
150032,1,1,1990,0,0,0,0,0,0,0,0,0,0
150033,0,1,1990,0,0,0,0,0,0,0,0,0,0
150033,1,1,1990,0,0,0,0,0,0,0,0,0,0
150034,0,1,1990,0,0,0,0,0,0,0,0,0,0
150034,1,1,1990,0,0,0,0,0,0,0,0,0,0
150035,0,1,1990,0,0,0,0,0,0,0,0,0,0
150035,1,1,1990,0,0,0,0,0,0,0,0,0,0
150036,1,1,1990,8,8,8,8,8,8,8,8,8,8
150036,2,1,1990,12,12,12,12,12,12,12,12,12,12
150038,1,1,1990,14,14,14,14,14,14,14,14,14,14
150039,1,1,1990,11,14,0,14,0,0,0,0,0,0
150040,1,1,1990,14,14,14,14,14,14,14,14,14,14
150040,2,1,1990,0,0,0,0,0,0,0,0,0,0
150041,1,1,1990,18,18,18,18,18,18,18,18,18,18
150042,1,1,1990,18,18,18,18,18,18,18,18,18,18
150043,1,1,1990,24,24,24,24,24,24,24,24,24,24
150044,1,1,1990,12,0,19,0,0,15,19,0,10,0
150045,1,1,1990,0,0,0,0,0,0,0,0,0,0
150046,1,1,1990,27,27,27,27,27,27,27,27,27,27
150047,1,1,1990,0,0,0,0,0,0,0,0,0,0
150047,2,1,1990,0,0,0,0,0,0,0,0,0,0
150048,1,1,1990,0,0,0,0,0,0,0,0,0,0
150048,2,1,1990,0,0,0,0,0,0,0,0,0,0
150048,3,1,1990,0,0,0,0,0,18,0,0,0,14
150049,1,1,1990,11,11,11,11,11,11,11,11,11,11
150049,2,1,1990,0,0,0,0,0,0,0,0,0,0
150050,1,1,1990,14,14,14,14,14,14,14,14,14,14
150051,1,1,1990,2,2,2,2,2,2,2,2,2,2
150052,0,1,1990,0,0,0,0,0,0,0,0,0,0
150052,1,1,1990,0,0,0,0,0,0,0,0,0,0
150053,1,1,1990,0,0,0,0,0,0,0,0,0,0
150054,1,1,1990,0,0,0,0,0,0,0,0,0,0
150054,2,1,1990,0,0,0,0,0,0,0,0,0,0
150054,3,1,1990,0,0,0,0,0,0,0,0,0,0
150055,0,1,1990,0,0,0,40,0,0,0,0,0,0
150055,1,1,1990,0,0,0,4,0,0,0,0,0,0
150056,1,1,1990,22,22,22,22,22,22,22,22,22,22
150057,1,1,1990,9,9,9,9,9,9,9,9,9,9
150058,1,1,1990,19,19,19,19,19,19,19,19,19,19
150058,2,1,1990,0,0,0,0,0,0,0,6,0,0
150059,0,1,1990,15,15,31,24,49,17,27,13,9,17
150059,0,2,1990,0,16,25,19,0,22,12,28,0,13
150059,1,1,1990,14,14,14,14,14,14,14,14,14,14
150060,0,1,1990,0,0,0,0,0,0,0,0,0,0
150060,1,1,1990,0,0,0,0,0,0,0,0,0,0
150061,1,1,1990,0,0,0,0,0,0,0,0,0,0
150061,2,1,1990,0,0,0,0,0,0,0,0,0,0
150062,1,1,1990,0,0,0,0,0,0,0,0,0,0
150062,2,1,1990,0,0,16,0,0,0,0,0,0,0
150062,3,1,1990,0,0,0,0,0,0,0,0,0,0
150063,1,1,1990,20,8,21,0,18,25,0,17,9,17
150064,1,1,1990,0,0,0,0,0,0,0,0,0,0
150065,1,1,1990,0,0,0,0,0,0,0,0,0,0
150065,2,1,1990,0,0,0,0,0,0,0,0,0,0
150066,1,1,1990,15,15,15,15,15,15,15,15,15,15
150067,1,1,1990,21,21,21,21,21,21,21,21,21,21
150068,1,1,1990,0,0,0,0,0,0,0,0,0,0
150068,2,1,1990,0,0,0,0,0,0,0,0,0,0
150069,1,1,1990,0,0,0,0,0,0,0,0,0,0
150070,0,1,1990,0,0,0,0,0,0,0,0,0,0
150070,1,1,1990,0,0,0,0,0,0,0,0,0,0
150071,1,1,1990,9,9,9,9,9,9,9,9,9,9
150072,1,1,1990,17,17,17,17,17,17,17,17,17,17
150073,0,1,1990,2,2,2,2,2,2,2,2,2,2
150073,1,1,1990,0,0,0,0,0,0,0,0,0,0
150074,0,1,1990,0,0,0,0,0,0,0,0,0,0
150074,1,1,1990,0,0,0,0,0,0,0,0,0,0
150075,1,1,1990,9,9,9,9,9,9,9,9,9,9
150075,2,1,1990,0,0,0,0,0,0,0,0,0,0
150076,0,1,1990,0,0,0,0,0,0,0,0,0,0
150076,1,1,1990,3,3,3,3,3,3,3,3,3,3
150077,1,1,1990,0,14,0,0,0,0,0,0,0,0
150077,2,1,1990,1,1,1,1,1,1,1,1,1,1
150078,0,1,1990,0,0,0,0,0,0,0,0,0,0
150078,1,1,1990,0,0,0,0,0,0,0,0,0,0
150079,1,1,1990,0,0,0,0,0,0,0,0,0,0
150079,2,1,1990,0,0,0,0,0,0,7,0,0,0
150080,1,1,1990,21,21,21,21,21,21,21,21,21,21
150081,1,1,1990,0,0,0,0,0,0,0,0,0,0
150081,2,1,1990,9,23,17,16,0,12,0,16,0,23
150082,1,1,1990,0,0,0,0,0,0,0,0,0,0
150082,2,1,1990,0,0,0,0,0,0,0,0,0,0
150083,1,1,1990,16,28,13,9,15,6,6,18,35,7
150084,1,1,1990,0,0,0,0,0,0,0,0,0,0
150085,1,1,1990,25,25,25,25,25,25,25,25,25,25
150086,1,1,1990,16,16,16,16,16,16,16,16,16,16
150087,1,1,1990,0,0,0,0,0,0,0,0,0,0
150088,1,1,1990,7,7,7,7,7,7,7,7,7,7
150089,1,1,1990,8,8,8,8,8,8,8,8,8,8
150089,2,1,1990,0,0,0,0,0,0,0,0,0,0
150090,1,1,1990,0,5,0,0,0,0,16,0,16,0
150091,1,1,1990,0,0,0,0,0,0,0,0,0,0
150091,2,1,1990,0,0,0,0,0,0,0,0,0,0
150092,1,1,1990,22,22,22,22,22,22,22,22,22,22
150093,0,1,1990,0,0,0,0,0,0,0,0,0,0
150093,1,1,1990,1,1,1,1,1,1,1,1,1,1
150094,1,1,1990,0,0,0,0,0,0,0,0,0,0
150095,1,1,1990,21,21,21,21,21,21,21,21,21,21
150096,1,1,1990,0,0,0,0,0,0,0,0,0,0
150096,2,1,1990,0,0,0,0,0,0,0,0,0,0
150097,1,1,1990,14,14,14,14,14,14,14,14,14,14
150098,1,1,1990,0,0,0,0,0,0,0,0,0,0
150098,2,1,1990,0,0,0,0,0,0,0,0,0,0
150099,1,1,1990,0,0,0,0,0,0,0,0,0,0
150099,2,1,1990,0,0,0,0,0,0,0,0,0,0
150100,1,1,1990,0,0,0,0,0,0,0,0,0,0
150101,1,1,1990,6,6,6,6,6,6,6,6,6,6
150102,1,1,1990,17,17,17,17,17,17,17,17,17,17
150103,0,1,1990,0,17,0,0,0,0,0,0,0,0
150103,1,1,1990,0,0,0,0,0,0,0,0,0,0
150104,1,1,1990,0,0,0,0,0,0,0,0,0,0
150104,2,1,1990,0,0,0,0,0,0,0,0,0,0
150105,1,1,1990,0,0,0,0,0,0,0,0,0,0
150106,1,1,1990,19,19,19,19,19,19,19,19,19,19
150106,2,1,1990,0,0,0,0,0,0,0,0,0,23
150107,1,1,1990,19,19,19,19,19,19,19,19,19,19
150108,1,1,1990,0,0,0,0,0,0,0,0,0,0
150108,2,1,1990,0,0,0,0,0,0,0,0,0,0
150109,1,1,1990,0,0,0,0,0,0,0,0,0,0
150110,1,1,1990,10,10,10,10,10,10,10,10,10,10
150111,1,1,1990,21,21,21,21,21,21,21,21,21,21
150112,1,1,1990,0,0,0,0,0,0,0,0,0,0
150113,1,1,1990,0,0,0,0,0,0,0,0,0,0
150114,1,1,1990,0,0,0,0,0,0,0,0,0,0
150114,2,1,1990,0,0,0,0,0,0,0,0,8,0
150115,0,1,1990,0,0,0,0,0,0,0,0,0,0
150115,1,1,1990,0,0,0,11,18,0,0,0,0,0
150116,0,1,1990,0,0,0,0,0,0,0,0,0,0
150116,1,1,1990,0,0,17,0,0,0,0,30,0,0
150117,1,1,1990,0,0,0,0,0,0,0,0,0,0
150117,2,1,1990,0,0,0,0,0,0,0,0,0,0
150118,1,1,1990,13,13,13,13,13,13,13,13,13,13
150119,1,1,1990,20,20,20,20,20,20,20,20,20,20
150120,1,1,1990,0,0,0,0,0,0,0,0,0,0
150120,2,1,1990,0,0,0,0,0,0,0,0,0,0
150121,0,1,1990,0,14,0,0,12,22,0,0,0,0
150121,0,2,1990,0,0,0,0,0,0,0,0,0,0
150121,0,3,1990,0,0,0,0,0,0,0,0,0,0
150121,0,4,1990,0,0,0,0,0,0,0,0,0,0
150121,1,1,1990,0,0,0,0,0,0,0,0,0,0
150122,1,1,1990,16,16,16,16,16,16,16,16,16,16
150123,0,1,1990,11,11,11,11,11,11,11,11,11,11
150123,1,1,1990,0,0,0,0,0,0,0,0,0,0
150125,0,1,1990,0,0,0,0,0,0,0,0,0,0
150125,1,1,1990,0,0,0,0,0,0,0,0,0,0
150126,0,1,1990,0,0,0,0,0,0,0,0,0,0
150126,0,2,1990,15,15,15,15,15,15,15,15,15,15
150126,1,1,1990,27,0,0,41,0,0,0,0,0,0
150127,1,1,1990,1,1,1,1,1,1,1,1,1,1
150128,0,1,1990,0,0,0,0,0,0,0,0,0,0
150128,1,1,1990,0,0,0,0,0,0,0,0,0,0
150129,0,1,1990,0,0,0,0,0,0,0,0,0,0
150129,0,2,1990,0,0,0,0,0,0,0,0,0,0
150129,1,1,1990,0,0,0,0,0,0,0,0,0,0
150130,0,1,1990,0,0,0,0,0,0,0,0,0,0
150130,1,1,1990,0,0,0,0,0,0,0,0,0,0
150131,1,1,1990,0,0,0,0,0,0,0,0,0,0
150132,0,1,1990,0,0,0,0,0,0,0,0,0,0
150132,1,1,1990,0,0,0,0,0,0,0,0,0,28
150133,1,1,1990,19,19,19,19,19,19,19,19,19,19
150134,1,1,1990,0,0,0,0,0,0,0,0,0,0
150134,2,1,1990,0,0,0,0,0,0,0,0,0,0
150135,1,1,1990,4,4,4,4,4,4,4,4,4,4
150136,1,1,1990,13,13,13,13,13,13,13,13,13,13
150137,1,1,1990,25,25,25,25,25,25,25,25,25,25
150138,1,1,1990,0,0,0,0,0,0,0,0,0,0
150138,2,1,1990,0,0,0,0,0,0,0,0,0,0
150139,1,1,1990,22,22,22,22,22,22,22,22,22,22
150139,2,1,1990,0,0,0,0,0,0,0,0,0,0
150140,1,1,1990,15,15,15,15,15,15,15,15,15,15
150141,1,1,1990,0,0,0,0,0,0,0,0,0,0
150141,2,1,1990,0,0,0,0,0,0,0,0,0,0
150141,3,1,1990,0,0,0,0,0,0,0,0,0,0
150142,1,1,1990,11,11,11,11,11,11,11,11,11,11
150143,1,1,1990,0,0,6,0,0,0,0,0,0,0
150143,2,1,1990,0,0,0,0,0,0,0,0,0,0
150144,1,1,1990,0,0,0,0,0,0,0,0,0,0
150144,2,1,1990,0,0,0,0,0,0,0,0,0,0
150145,1,1,1990,0,14,0,0,0,14,3,0,0,3
150146,1,1,1990,0,0,0,0,0,0,0,0,0,0
150146,2,1,1990,0,0,0,0,0,0,0,0,0,0
150146,3,1,1990,0,0,0,0,0,0,0,0,0,0
150147,1,1,1990,0,0,0,0,0,0,0,0,0,3
150147,2,1,1990,0,0,0,0,0,0,0,15,0,0
150148,1,1,1990,13,13,13,13,13,13,13,13,13,13
150149,1,1,1990,0,18,27,0,0,0,19,0,0,5
150149,2,1,1990,20,20,20,20,20,20,20,20,20,20
150150,1,1,1990,0,15,9,16,0,13,18,18,29,0
150151,1,1,1990,0,0,0,0,0,0,0,0,0,0
150151,2,1,1990,0,0,0,0,0,0,0,0,20,0
150152,1,1,1990,18,18,18,18,18,18,18,18,18,18
150153,1,1,1990,0,14,7,29,13,13,14,29,11,17
150153,2,1,1990,24,20,8,12,11,17,25,24,6,4
150154,1,1,1990,30,26,11,14,10,27,28,30,9,19
150154,2,1,1990,0,0,0,0,0,0,0,0,0,0
150155,1,1,1990,0,6,0,0,0,13,13,10,11,8
150155,2,1,1990,0,0,0,0,0,9,4,0,0,0
150156,1,1,1990,0,0,0,0,0,0,0,0,0,0
150156,2,1,1990,17,17,17,17,17,17,17,17,17,17
150157,1,1,1990,15,15,15,15,15,15,15,15,15,15
160001,1,1,1990,22,22,22,22,22,22,22,22,22,22
160002,1,1,1990,0,0,0,0,0,0,0,0,0,0
160002,2,1,1990,0,0,0,6,0,0,0,0,0,0
160003,1,1,1990,16,16,16,16,16,16,16,16,16,16
160004,1,1,1990,0,16,16,0,28,0,0,0,15,0
160005,1,1,1990,0,0,0,0,0,0,0,0,0,0
160005,2,1,1990,16,0,18,0,22,0,0,0,0,0
160007,1,1,1990,0,0,0,0,17,0,0,0,0,0
160007,2,1,1990,0,0,0,0,0,0,0,0,0,0
160008,1,1,1990,25,25,25,25,25,25,25,25,25,25
160008,2,1,1990,0,0,0,0,0,0,0,0,0,0
160009,1,1,1990,10,0,14,5,0,0,0,7,0,0
160011,1,1,1990,18,16,5,32,6,7,14,25,10,28
160012,1,1,1990,32,12,15,16,21,40,22,24,17,0
160013,1,1,1990,0,0,0,0,0,0,0,0,0,0
160013,2,1,1990,0,7,0,0,0,0,0,0,0,0
160014,1,1,1990,0,0,0,0,0,0,0,0,0,0
160014,2,1,1990,0,0,0,16,0,0,0,0,0,0
160014,3,1,1990,0,0,0,0,0,0,0,0,0,0
160014,4,1,1990,0,0,0,0,0,0,0,0,0,0
160015,0,1,1990,25,25,25,25,25,25,25,25,25,25
160015,1,1,1990,0,9,9,0,9,14,0,4,0,0
160016,1,1,1990,0,0,0,17,0,0,0,0,0,4
160016,2,1,1990,21,21,21,21,21,21,21,21,21,21
160017,1,1,1990,0,0,0,13,0,0,0,0,0,0
160017,2,1,1990,15,0,0,0,0,0,0,0,18,0
160018,1,1,1990,0,0,0,0,0,0,0,0,0,0
160018,2,1,1990,0,0,0,0,0,5,0,0,0,0
160019,1,1,1990,10,14,0,30,0,0,0,13,0,14
160019,2,1,1990,21,4,0,0,0,0,0,25,13,0
160020,1,1,1990,8,8,8,8,8,8,8,8,8,8
160021,1,1,1990,16,8,0,22,16,37,13,34,0,0
160022,1,1,1990,0,0,0,0,0,7,0,0,0,0
160022,2,1,1990,2,2,2,2,2,2,2,2,2,2
160023,1,1,1990,0,0,0,0,0,0,0,0,0,0
160024,1,1,1990,0,5,37,19,21,23,22,35,13,0
160025,1,1,1990,17,0,23,22,29,0,26,0,26,25
160026,1,1,1990,2,2,2,2,2,2,2,2,2,2
160026,2,1,1990,0,0,0,0,0,0,0,0,7,0
160027,1,1,1990,0,0,0,0,0,0,0,0,0,0
160027,2,1,1990,0,15,0,0,0,0,0,0,0,0
160028,1,1,1990,0,0,0,0,0,7,0,0,0,0
160028,2,1,1990,0,0,0,0,0,0,0,0,0,0
160029,1,1,1990,0,0,0,0,0,0,0,0,0,0
160031,1,1,1990,0,0,0,0,0,0,0,0,0,0
160031,2,1,1990,0,0,0,0,0,0,0,0,0,0
160033,0,1,1990,7,33,0,22,0,0,0,0,0,0
160033,0,2,1990,0,0,0,24,0,0,0,0,0,0
160033,1,1,1990,11,0,0,15,24,0,0,0,23,0
160034,1,1,1990,14,14,14,14,14,14,14,14,14,14
160035,1,1,1990,0,0,0,0,14,0,0,0,0,0
160035,2,1,1990,7,7,7,7,7,7,7,7,7,7
160036,1,1,1990,0,0,0,0,0,0,8,0,0,0
160036,2,1,1990,5,5,5,5,5,5,5,5,5,5
160037,1,1,1990,6,6,6,6,6,6,6,6,6,6
160038,1,1,1990,0,0,0,0,0,0,0,13,0,0
160038,2,1,1990,11,0,0,0,9,0,0,0,0,0
160039,1,1,1990,16,16,16,16,16,16,16,16,16,16
160040,1,1,1990,8,8,8,8,8,8,8,8,8,8
160042,1,1,1990,0,14,26,0,0,26,0,0,0,0
160043,1,1,1990,23,21,21,11,23,17,9,21,21,25
160044,1,1,1990,0,0,0,0,0,0,0,0,0,0
160044,2,1,1990,0,0,0,0,16,0,14,0,0,0
160045,0,1,1990,0,0,0,0,0,0,0,0,0,0
160045,1,1,1990,0,20,0,0,6,0,0,0,0,32
160046,1,1,1990,0,0,34,3,0,0,0,0,0,0
160047,1,1,1990,0,0,0,0,0,0,19,0,0,0
160049,1,1,1990,13,13,13,13,13,13,13,13,13,13
160050,1,1,1990,27,27,27,27,27,27,27,27,27,27
160050,2,1,1990,0,0,0,0,0,0,0,0,14,0
160051,1,1,1990,8,13,0,8,24,22,2,4,21,25
160052,1,1,1990,0,0,0,0,0,0,0,0,0,0
160054,1,1,1990,0,0,0,0,0,0,20,0,0,0
160054,2,1,1990,0,0,0,0,0,0,0,0,0,0
160055,1,1,1990,26,26,26,26,26,26,26,26,26,26
160056,1,1,1990,18,18,18,18,18,18,18,18,18,18
160056,2,1,1990,0,0,0,0,0,0,0,0,0,0
160057,1,1,1990,35,11,16,22,15,0,6,6,0,13
160058,0,1,1990,0,0,0,0,0,0,0,0,0,0
160058,1,1,1990,0,0,0,0,10,0,0,0,6,0
160060,1,1,1990,18,27,0,0,0,0,22,14,0,0
160061,1,1,1990,0,0,0,0,0,0,0,0,0,0
160061,2,1,1990,0,0,0,0,19,0,0,0,0,0
160062,1,1,1990,0,0,0,0,0,0,0,0,0,0
160062,2,1,1990,14,0,21,16,27,0,25,0,0,25
160063,1,1,1990,0,27,0,18,0,0,15,0,0,6
160064,1,1,1990,14,0,0,0,0,0,0,21,0,17
160065,1,1,1990,0,0,0,0,0,0,0,0,0,0
160066,1,1,1990,6,21,19,19,14,0,16,8,0,17
160066,2,1,1990,0,0,0,0,0,0,0,0,0,0
160067,1,1,1990,0,0,0,0,0,0,0,0,0,0
160067,2,1,1990,0,0,0,0,0,0,0,0,0,0
160068,1,1,1990,0,0,0,0,0,0,0,14,0,0
160068,2,1,1990,0,5,0,0,0,0,0,0,0,0
160069,1,1,1990,0,14,12,0,0,0,0,0,0,0
160070,1,1,1990,13,13,13,13,13,13,13,13,13,13
160071,1,1,1990,0,0,0,0,0,0,0,0,0,0
160073,0,1,1990,0,0,0,0,0,0,0,0,0,0
160073,1,1,1990,0,0,12,27,15,25,26,0,0,0
160075,1,1,1990,18,0,9,0,0,0,11,6,25,0
160077,1,1,1990,11,11,11,11,11,11,11,11,11,11
160078,1,1,1990,22,21,18,13,15,0,13,29,25,24
160079,1,1,1990,16,0,0,0,0,0,12,20,0,6
160080,1,1,1990,0,0,0,0,0,0,0,7,0,0
160081,1,1,1990,0,0,0,0,0,0,0,0,0,0
160082,1,1,1990,0,9,0,0,0,0,7,6,0,0
160083,1,1,1990,16,16,16,16,16,16,16,16,16,16
160086,0,1,1990,0,0,0,0,0,0,0,0,0,0
160086,1,1,1990,0,0,0,29,0,12,0,15,0,7
160087,1,1,1990,29,29,29,29,29,29,29,29,29,29
160088,1,1,1990,32,32,32,32,32,32,32,32,32,32
160088,2,1,1990,0,20,0,0,14,20,19,33,12,24
160089,1,1,1990,13,13,13,13,13,13,13,13,13,13
160091,1,1,1990,0,0,0,0,0,0,0,0,0,0
160091,2,1,1990,24,24,24,24,24,24,24,24,24,24
160092,1,1,1990,0,0,14,9,0,0,0,0,0,21
160092,2,1,1990,11,11,11,11,11,11,11,11,11,11
160093,1,1,1990,0,0,0,0,0,0,0,0,0,11
160093,2,1,1990,0,0,0,0,5,0,0,0,0,0
160094,1,1,1990,0,0,0,0,0,0,0,0,0,0
160094,2,1,1990,0,0,0,0,26,0,0,0,0,0
160095,1,1,1990,0,0,25,0,8,16,22,15,4,19
160096,1,1,1990,0,0,0,0,0,0,0,0,0,0
160097,1,1,1990,13,13,13,13,13,13,13,13,13,13
160098,1,1,1990,19,19,19,19,19,19,19,19,19,19
160099,1,1,1990,24,20,0,0,0,0,16,0,19,26
160100,0,1,1990,0,22,0,0,0,16,0,0,0,0
160100,1,1,1990,0,0,0,0,0,0,0,0,0,0
160101,1,1,1990,6,9,0,0,0,0,15,21,0,0
160102,1,1,1990,1,1,1,1,1,1,1,1,1,1
160102,2,1,1990,0,0,0,0,0,0,0,0,15,0
160103,1,1,1990,16,16,16,16,16,16,16,16,16,16
160103,2,1,1990,19,19,15,0,11,30,7,21,0,0
160103,3,1,1990,21,13,0,0,0,0,0,0,0,0
160104,1,1,1990,25,0,9,19,0,9,29,6,0,4
160105,1,1,1990,15,15,15,15,15,15,15,15,15,15
160106,1,1,1990,0,0,0,0,0,0,0,0,0,0
160106,2,1,1990,0,0,0,0,0,0,0,0,0,0