ST_CASE,VEH_NO,PER_NO,YEAR,P1,P2,P3,P4,P5,P6,P7,P8,P9,P10
180008,1,1,1990,0,0,0,0,0,0,0,0,0,0
180008,2,1,1990,0,0,0,0,0,0,0,0,0,0
180009,1,1,1990,0,0,0,0,0,0,0,0,0,0
180009,2,1,1990,0,0,0,0,0,0,24,0,0,0
180010,1,1,1990,29,29,29,29,29,29,29,29,29,29
180011,0,1,1990,1,1,1,1,1,1,1,1,1,1
180011,1,1,1990,0,0,0,0,0,0,0,0,0,0
180012,1,1,1990,12,12,12,12,12,12,12,12,12,12
180013,1,1,1990,0,0,0,0,0,0,0,0,0,0
180014,0,1,1990,9,9,9,9,9,9,9,9,9,9
180014,1,1,1990,0,0,0,0,0,0,0,0,0,0
180015,1,1,1990,0,0,0,0,0,0,0,0,0,0
180015,2,1,1990,0,0,0,0,0,0,0,0,0,0
180016,1,1,1990,0,0,0,0,0,0,0,0,0,0
180017,1,1,1990,31,31,31,31,31,31,31,31,31,31
180018,1,1,1990,0,0,0,0,0,0,0,0,0,0
180018,2,1,1990,0,0,15,8,17,0,0,0,0,0
180019,1,1,1990,0,0,0,0,0,0,0,0,0,0
180019,2,1,1990,0,0,0,0,0,0,0,0,0,0
180020,1,1,1990,0,0,0,0,0,0,0,0,0,0
180021,1,1,1990,13,13,13,13,13,13,13,13,13,13
180021,2,1,1990,0,4,0,0,0,0,0,0,0,0
180022,1,1,1990,0,0,0,0,0,0,0,0,0,0
180022,2,1,1990,0,0,0,0,0,0,0,0,0,0
180023,1,1,1990,13,13,13,13,13,13,13,13,13,13
180024,1,1,1990,25,25,25,25,25,25,25,25,25,25
180025,1,1,1990,0,0,0,0,0,0,0,0,0,0
180025,2,1,1990,0,0,0,0,0,0,0,0,0,0
180026,1,1,1990,0,0,0,0,0,0,0,0,0,0
180026,2,1,1990,0,0,0,0,0,0,0,0,0,0
180027,1,1,1990,0,0,0,0,0,0,0,0,0,0
180027,2,1,1990,0,0,0,0,0,0,0,0,0,0
180028,1,1,1990,16,16,16,16,16,16,16,16,16,16
180028,2,1,1990,0,0,0,0,0,0,0,0,0,0
180029,1,1,1990,0,0,0,0,0,0,0,0,0,0
180030,1,1,1990,5,5,5,5,5,5,5,5,5,5
180030,2,1,1990,0,0,0,0,0,0,0,0,0,0
180031,1,1,1990,4,4,4,4,4,4,4,4,4,4
180031,2,1,1990,18,18,18,18,18,18,18,18,18,18
180032,1,1,1990,19,19,19,19,19,19,19,19,19,19
180033,1,1,1990,0,0,0,0,0,0,0,0,0,0
180034,1,1,1990,26,26,26,26,26,26,26,26,26,26
180035,1,1,1990,14,14,14,14,14,14,14,14,14,14
180036,0,1,1990,0,0,0,0,0,0,0,0,0,0
180036,1,1,1990,0,0,0,0,0,0,0,0,0,0
180037,1,1,1990,0,0,0,0,0,0,0,0,0,0
180038,1,1,1990,0,0,0,0,0,0,0,0,0,0
180038,2,1,1990,0,0,0,0,0,0,0,0,0,0
180039,1,1,1990,0,0,0,0,0,0,0,0,0,0
180040,1,1,1990,0,0,0,0,0,0,0,0,0,0
180040,2,1,1990,0,0,0,0,0,0,0,0,0,0
180041,1,1,1990,24,24,24,24,24,24,24,24,24,24
180041,2,1,1990,0,0,0,0,0,4,0,0,0,18
180042,1,1,1990,21,21,21,21,21,21,21,21,21,21
180043,1,1,1990,0,0,0,0,0,0,0,0,0,0
180043,2,1,1990,0,0,0,0,0,0,0,0,0,0
180044,1,1,1990,0,0,0,0,0,0,0,0,0,0
180044,2,1,1990,0,0,0,0,0,0,0,0,0,0
180045,1,1,1990,23,23,23,23,23,23,23,23,23,23
180046,1,1,1990,0,0,0,0,0,0,0,0,0,0
180047,1,1,1990,12,12,12,12,12,12,12,12,12,12
180048,1,1,1990,0,0,0,0,0,0,0,0,0,0
180048,2,1,1990,0,0,0,0,0,0,0,0,0,0
180049,1,1,1990,5,5,5,5,5,5,5,5,5,5
180050,1,1,1990,0,0,0,0,0,0,0,0,0,0
180050,2,1,1990,0,0,0,0,0,0,0,0,0,0
180051,1,1,1990,11,11,11,11,11,11,11,11,11,11
180052,1,1,1990,0,0,0,0,0,0,0,0,0,0
180053,1,1,1990,8,37,18,0,27,11,17,35,27,13
180054,1,1,1990,0,0,0,0,0,0,0,0,0,0
180054,2,1,1990,0,0,0,0,0,0,0,0,0,0
180055,1,1,1990,0,0,0,0,0,0,0,0,0,0
180055,2,1,1990,0,0,0,0,0,0,0,0,0,0
180056,1,1,1990,0,0,0,0,0,0,0,0,0,0
180057,1,1,1990,11,11,11,11,11,11,11,11,11,11
180058,0,1,1990,0,0,0,0,0,0,0,0,0,0
180058,0,2,1990,0,0,0,16,10,15,0,28,0,13
180058,1,1,1990,0,0,0,11,0,0,0,0,0,0
180059,1,1,1990,0,0,0,0,0,0,0,0,0,0
180060,0,1,1990,20,20,20,20,20,20,20,20,20,20
180060,1,1,1990,0,0,0,0,0,0,0,0,0,0
180061,1,1,1990,0,0,0,0,0,0,0,0,0,0
180061,2,1,1990,0,0,0,0,0,0,0,0,0,0
180062,1,1,1990,0,0,11,0,0,16,0,0,0,16
180063,1,1,1990,0,0,0,0,0,0,0,0,0,0
180063,2,1,1990,0,0,0,0,0,0,0,0,0,0
180064,1,1,1990,0,0,0,0,0,0,0,0,0,0
180064,2,1,1990,0,0,0,0,0,0,0,0,0,0
180065,0,1,1990,0,0,0,0,0,0,0,0,0,0
180065,1,1,1990,0,0,0,0,0,0,0,0,0,0
180065,2,1,1990,0,0,0,0,0,0,0,0,0,0
180066,1,1,1990,0,0,0,0,0,0,0,0,0,0
180066,2,1,1990,0,0,0,0,0,0,0,0,0,0
180066,3,1,1990,0,0,0,0,0,0,0,0,0,0
180067,1,1,1990,0,0,0,0,0,0,0,0,0,0
180067,2,1,1990,0,0,0,0,0,0,0,0,0,0
180068,0,1,1990,0,0,0,0,0,0,0,0,0,0
180068,1,1,1990,0,0,0,0,0,0,0,0,0,0
180069,1,1,1990,0,0,0,0,0,0,0,0,0,0
180069,2,1,1990,0,0,0,0,0,0,0,0,0,0
180070,1,1,1990,0,0,0,0,0,0,0,0,0,0
180070,2,1,1990,0,0,0,0,0,0,0,0,0,0
180071,1,1,1990,0,0,0,0,0,0,0,0,0,0
180071,2,1,1990,0,0,0,0,0,0,0,12,0,0
180071,3,1,1990,0,0,0,0,0,0,0,0,0,0
180071,4,1,1990,0,0,0,0,0,0,0,0,4,0
180072,1,1,1990,0,0,0,0,0,0,0,0,0,0
180072,2,1,1990,0,0,0,0,0,0,0,0,0,0
180073,1,1,1990,0,0,0,0,0,0,0,0,0,0
180073,2,1,1990,0,0,0,0,0,0,0,0,0,0
180074,1,1,1990,0,0,0,0,0,2,0,0,0,0
180076,1,1,1990,0,0,0,0,0,0,0,0,0,0
180077,0,1,1990,0,0,0,0,0,0,0,0,0,0
180077,1,1,1990,0,0,0,0,0,0,0,0,0,0
180078,0,1,1990,44,44,44,44,44,44,44,44,44,44
180078,1,1,1990,0,0,0,0,0,0,0,0,0,0
180079,0,1,1990,0,0,0,0,0,0,0,0,0,0
180079,1,1,1990,0,0,0,0,0,0,0,0,0,0
180080,1,1,1990,0,0,0,0,0,0,0,0,0,0
180080,2,1,1990,0,0,0,0,0,0,0,0,0,0
180081,1,1,1990,30,30,30,30,30,30,30,30,30,30
180081,2,1,1990,0,0,0,0,0,0,0,0,0,0
180082,1,1,1990,0,0,0,0,0,0,0,0,0,0
180083,1,1,1990,0,0,0,0,0,0,23,0,0,0
180083,2,1,1990,0,0,0,0,0,0,0,0,0,0
180084,1,1,1990,0,0,0,0,0,0,0,0,0,0
180084,2,1,1990,0,0,0,0,0,0,0,0,0,0
180085,1,1,1990,23,23,23,23,23,23,23,23,23,23
180086,1,1,1990,0,0,0,0,0,0,0,0,0,0
180086,2,1,1990,0,0,0,0,0,0,0,0,0,0
180086,3,1,1990,0,0,0,8,0,0,0,0,0,0
180087,1,1,1990,6,6,6,6,6,6,6,6,6,6
180088,1,1,1990,0,0,0,0,0,0,0,0,0,0
180088,2,1,1990,0,0,0,0,0,0,0,0,0,0
180089,1,1,1990,0,0,0,0,0,0,0,0,0,0
180089,2,1,1990,0,0,0,0,0,0,0,0,0,0
180090,1,1,1990,29,29,29,29,29,29,29,29,29,29
180090,2,1,1990,0,0,0,0,0,0,0,0,0,0
180090,3,1,1990,0,0,0,0,0,0,0,0,0,0
180091,1,1,1990,32,32,32,32,32,32,32,32,32,32
180091,2,1,1990,5,5,5,5,5,5,5,5,5,5
180092,1,1,1990,5,0,0,18,0,0,0,0,0,0
180093,1,1,1990,0,0,0,0,0,0,0,0,0,0
180093,2,1,1990,0,0,0,0,0,0,0,0,0,0
180093,3,1,1990,0,0,0,0,0,0,0,0,0,0
180094,1,1,1990,16,16,16,16,16,16,16,16,16,16
180095,1,1,1990,0,0,0,0,0,0,0,0,0,0
180095,2,1,1990,26,26,26,26,26,26,26,26,26,26
180096,1,1,1990,0,0,0,0,0,0,0,0,0,0
180096,2,1,1990,0,0,0,0,0,0,0,0,0,0
180097,1,1,1990,10,10,10,10,10,10,10,10,10,10
180098,1,1,1990,27,27,27,27,27,27,27,27,27,27
180098,2,1,1990,3,3,3,3,3,3,3,3,3,3
180099,1,1,1990,16,16,16,16,16,16,16,16,16,16
180100,1,1,1990,0,0,0,0,0,0,0,0,0,0
180100,2,1,1990,0,0,0,0,0,0,0,0,0,0
180101,1,1,1990,0,0,0,0,0,0,0,0,0,0
180101,2,1,1990,0,0,0,0,0,0,0,0,0,0
180102,1,1,1990,21,21,21,21,21,21,21,21,21,21
180103,1,1,1990,0,0,0,0,0,0,0,0,0,0
180104,1,1,1990,0,10,0,0,11,0,0,16,0,0
180105,0,1,1990,0,0,0,0,0,0,0,0,0,0
180105,1,1,1990,0,0,0,0,0,0,0,0,0,0
180106,1,1,1990,0,0,0,0,0,0,0,0,0,0
180106,2,1,1990,0,0,0,0,0,0,0,0,0,0
180107,1,1,1990,0,0,0,0,0,0,0,0,0,0
180107,2,1,1990,0,0,0,0,0,0,0,0,0,0
180108,1,1,1990,12,12,12,12,12,12,12,12,12,12
180108,2,1,1990,0,0,0,0,0,0,0,0,0,0
180108,3,1,1990,0,0,0,0,0,0,0,0,0,0
180109,0,1,1990,0,0,0,0,0,0,0,0,0,0
180109,1,1,1990,0,0,0,0,0,0,0,0,0,0
180110,1,1,1990,27,27,27,27,27,27,27,27,27,27
180111,1,1,1990,0,0,0,13,0,0,0,0,0,0
180111,2,1,1990,0,0,0,0,0,0,0,0,0,0
180112,1,1,1990,0,0,0,0,0,0,0,0,0,0
180112,2,1,1990,0,0,0,0,0,0,0,0,0,0
180113,0,1,1990,26,26,26,26,26,26,26,26,26,26
180113,1,1,1990,0,0,0,0,0,0,0,0,0,0
180114,1,1,1990,0,0,0,0,0,0,0,0,0,0
180115,1,1,1990,28,28,28,28,28,28,28,28,28,28
180116,1,2,1990,17,17,17,17,17,17,17,17,17,17
180117,1,1,1990,19,19,19,19,19,19,19,19,19,19
180117,2,1,1990,0,0,0,0,0,0,0,0,0,0
180118,0,1,1990,0,0,0,0,0,0,0,0,0,0
180118,1,1,1990,0,0,0,0,0,0,0,0,0,0
180119,1,1,1990,0,0,0,0,0,0,0,0,0,0
180119,2,1,1990,0,0,0,0,0,0,0,0,0,0
180120,1,1,1990,16,16,16,16,16,16,16,16,16,16
180120,2,1,1990,0,0,0,0,0,0,0,0,0,0
180121,1,1,1990,0,0,0,0,0,0,0,0,0,0
180121,2,1,1990,0,0,0,0,0,0,0,0,0,0
180122,1,1,1990,0,0,0,0,0,0,0,0,0,0
180122,2,1,1990,0,0,0,0,0,0,0,0,0,0
180123,1,1,1990,21,21,21,21,21,21,21,21,21,21
180124,1,1,1990,29,29,29,29,29,29,29,29,29,29
180124,2,1,1990,0,0,0,0,0,0,0,0,0,0
180125,1,1,1990,0,0,0,0,0,0,0,0,0,0
180126,1,1,1990,20,20,20,20,20,20,20,20,20,20
180126,2,1,1990,0,0,0,0,0,0,0,0,0,0
180127,1,1,1990,0,0,0,0,0,0,10,0,0,0
180127,2,1,1990,0,0,0,0,0,0,0,0,0,0
180128,1,1,1990,27,27,27,27,27,27,27,27,27,27
180129,1,1,1990,0,0,0,0,0,0,0,0,0,0
180129,2,1,1990,0,0,0,0,0,0,0,0,0,0
180130,1,1,1990,0,0,0,0,0,0,0,0,0,0
180130,2,1,1990,0,0,0,0,0,0,0,12,18,0
180131,1,1,1990,0,0,0,0,0,0,0,0,0,0
180131,2,1,1990,0,0,0,0,0,0,0,0,0,0
180131,3,1,1990,0,0,0,0,0,0,0,0,0,0
180132,0,1,1990,13,13,13,13,13,13,13,13,13,13
180132,1,1,1990,0,0,0,0,0,0,0,0,0,0
180133,1,1,1990,3,3,3,3,3,3,3,3,3,3
180133,2,1,1990,0,0,0,0,0,0,0,0,0,0
180134,1,1,1990,0,0,0,0,0,0,0,0,0,0
180135,1,1,1990,0,0,0,0,0,0,0,0,0,0
180135,2,1,1990,0,0,0,0,0,0,0,0,0,0
180136,1,1,1990,14,14,14,14,14,14,14,14,14,14
180137,1,1,1990,0,0,0,0,0,0,0,0,0,0
180138,1,1,1990,16,16,16,16,16,16,16,16,16,16
180139,1,1,1990,0,0,0,0,0,0,0,0,0,0
180140,1,1,1990,15,0,0,16,0,7,7,0,12,0
180141,1,1,1990,28,28,28,28,28,28,28,28,28,28
180142,1,1,1990,0,0,0,0,0,0,0,0,0,0
180142,2,1,1990,0,0,0,0,0,0,0,0,0,0
180143,1,1,1990,0,0,0,0,0,0,0,0,0,0
180144,1,1,1990,2,2,2,2,2,2,2,2,2,2
180144,2,1,1990,0,0,0,0,0,0,0,0,0,0
180145,1,1,1990,0,0,0,0,0,0,0,0,0,0
180145,2,1,1990,0,0,0,0,0,0,0,0,0,0
180146,1,1,1990,0,0,0,0,0,0,0,0,0,0
180146,2,1,1990,0,0,0,0,0,0,0,0,0,0
180147,1,1,1990,0,0,0,0,0,0,0,0,0,0
180147,2,1,1990,0,0,0,0,0,0,0,0,0,0
180148,1,1,1990,0,0,0,0,0,0,0,0,0,0
180148,2,1,1990,0,0,0,0,0,0,0,0,0,0
180149,0,1,1990,0,0,0,0,0,0,0,0,0,0
180149,1,1,1990,0,0,0,0,0,0,0,0,0,0
180150,1,1,1990,22,22,22,22,22,22,22,22,22,22
180151,1,1,1990,0,0,6,0,0,0,0,0,0,0
180151,2,1,1990,0,0,0,0,0,0,0,0,0,0
180152,1,1,1990,24,24,24,24,24,24,24,24,24,24
180153,1,1,1990,18,18,18,18,18,18,18,18,18,18
180153,2,1,1990,0,0,0,0,0,0,0,0,0,0
180154,1,1,1990,0,0,0,0,0,0,0,0,0,0
180155,1,1,1990,1,1,1,1,1,1,1,1,1,1
180155,2,1,1990,0,0,0,0,0,0,0,0,0,0
180156,1,1,1990,4,4,4,4,4,4,4,4,4,4
180157,1,1,1990,18,18,18,18,18,18,18,18,18,18
180157,2,1,1990,0,0,0,0,0,0,0,0,0,0
180158,1,1,1990,25,25,25,25,25,25,25,25,25,25
180159,1,1,1990,12,12,12,12,12,12,12,12,12,12
180159,2,1,1990,0,0,0,0,0,0,0,0,0,0
180160,1,1,1990,0,0,0,0,0,0,0,0,0,0
180160,2,1,1990,3,3,3,3,3,3,3,3,3,3
180161,1,1,1990,0,0,0,0,0,0,0,32,0,0
180162,1,1,1990,0,0,0,0,0,0,0,0,0,0
180163,1,1,1990,13,13,13,13,13,13,13,13,13,13
180164,1,1,1990,0,0,0,0,0,0,0,0,0,0
180164,2,1,1990,0,0,0,0,0,0,0,0,0,0
180165,1,1,1990,18,18,18,18,18,18,18,18,18,18
180166,1,1,1990,19,19,19,19,19,19,19,19,19,19
180167,1,1,1990,0,0,0,0,0,0,0,0,0,0
180167,2,1,1990,0,0,0,0,0,0,0,0,0,0
180168,1,1,1990,9,9,9,9,9,9,9,9,9,9
180169,1,1,1990,0,0,0,0,0,0,0,0,0,0
180169,2,1,1990,0,0,0,0,0,0,0,0,0,0
180170,1,1,1990,7,7,7,7,7,7,7,7,7,7
180170,2,1,1990,0,0,0,0,0,0,0,0,0,0
180171,1,1,1990,25,25,25,25,25,25,25,25,25,25
180171,2,1,1990,0,0,0,0,0,0,0,0,0,0
180172,1,1,1990,17,17,17,17,17,17,17,17,17,17
180173,1,1,1990,25,25,25,25,25,25,25,25,25,25
180174,1,1,1990,15,15,15,15,15,15,15,15,15,15
180174,2,1,1990,11,0,0,15,0,0,3,0,0,12
180175,1,1,1990,0,0,0,0,0,0,0,0,0,0
180175,2,1,1990,0,0,0,0,0,0,0,0,0,0
180176,1,1,1990,9,9,9,9,9,9,9,9,9,9
180176,2,1,1990,21,0,0,0,0,0,0,0,0,0
180177,1,1,1990,8,8,8,8,8,8,8,8,8,8
180178,1,1,1990,20,20,20,20,20,20,20,20,20,20
180179,1,1,1990,0,0,0,0,0,0,0,0,0,0
180180,1,1,1990,17,0,14,0,4,0,15,0,0,7
180181,1,1,1990,0,0,0,0,0,0,0,0,0,0
180182,1,1,1990,0,0,0,0,0,0,0,0,0,0
180182,2,1,1990,0,0,0,0,0,0,0,0,0,0
180183,1,1,1990,0,0,0,0,0,0,0,0,0,0
180183,2,1,1990,0,0,0,0,0,0,0,0,0,0
180185,1,1,1990,0,0,0,0,0,0,0,9,0,0
180185,2,1,1990,0,0,0,0,0,0,0,0,0,0
180186,1,1,1990,8,8,8,8,8,8,8,8,8,8
180187,0,1,1990,0,0,0,0,0,0,0,0,0,0
180187,1,1,1990,0,0,0,0,0,0,0,0,0,0
180188,1,1,1990,3,3,3,3,3,3,3,3,3,3
180189,1,1,1990,0,0,0,0,0,0,0,0,0,0
180190,1,1,1990,0,0,0,0,0,0,0,0,0,0
180191,1,1,1990,0,0,0,0,0,0,0,0,0,0
180191,2,1,1990,14,14,14,14,14,14,14,14,14,14
180192,1,1,1990,0,0,0,0,0,0,0,0,0,0
180192,2,1,1990,0,0,0,0,0,0,0,0,0,0
180193,1,1,1990,0,0,0,0,0,0,0,0,0,0
180193,2,1,1990,17,17,17,17,17,17,17,17,17,17
180194,1,1,1990,14,14,14,14,14,14,14,14,14,14
180195,1,1,1990,20,20,20,20,20,20,20,20,20,20
180196,1,1,1990,13,13,13,13,13,13,13,13,13,13
180196,2,1,1990,18,18,18,18,18,18,18,18,18,18
180197,1,1,1990,0,0,0,0,0,0,0,0,0,0
180197,2,1,1990,0,9,0,0,0,0,0,0,0,0
180198,1,1,1990,0,0,0,0,0,0,0,0,0,0
180198,2,1,1990,0,0,0,0,0,0,0,0,0,0
180199,1,1,1990,0,0,0,0,0,0,0,0,0,0
180199,2,1,1990,0,0,0,0,0,0,0,0,0,0
180200,1,1,1990,0,0,0,0,0,0,0,0,0,0
180200,2,1,1990,0,0,0,0,0,0,0,0,0,0
180201,0,1,1990,16,16,16,16,16,16,16,16,16,16
180201,1,1,1990,0,0,0,0,0,0,0,0,0,0
180202,1,1,1990,30,30,30,30,30,30,30,30,30,30
180203,0,1,1990,26,26,26,26,26,26,26,26,26,26
180203,1,1,1990,0,0,0,0,0,0,0,0,0,0
180204,1,1,1990,0,0,0,0,0,0,0,0,0,0
180204,2,1,1990,0,0,0,0,0,0,0,0,0,0
180205,1,1,1990,12,12,12,12,12,12,12,12,12,12
180206,1,1,1990,16,16,16,16,16,16,16,16,16,16
180206,2,1,1990,0,0,0,0,0,0,0,0,0,0
180207,1,1,1990,0,0,0,0,0,0,0,0,0,0
180207,2,1,1990,0,0,0,0,0,0,0,0,0,0
180208,1,1,1990,16,16,16,16,16,16,16,16,16,16
180209,1,1,1990,28,28,28,28,28,28,28,28,28,28
180210,1,1,1990,11,11,11,11,11,11,11,11,11,11
180211,0,1,1990,0,0,0,0,0,0,0,0,0,0
180211,1,1,1990,36,36,36,36,36,36,36,36,36,36
180212,0,1,1990,22,22,22,22,22,22,22,22,22,22
180212,1,1,1990,0,0,0,0,0,0,0,0,0,0
180213,1,1,1990,18,18,18,18,18,18,18,18,18,18
180214,1,1,1990,0,0,0,0,0,0,0,0,0,0
180215,1,1,1990,0,0,0,0,0,0,0,0,0,0
180215,2,1,1990,0,0,0,0,0,0,0,0,0,0
180216,1,1,1990,0,0,0,0,0,0,0,0,0,0
180217,1,1,1990,0,0,0,0,0,0,0,0,0,0
180217,2,1,1990,0,0,0,0,0,0,0,0,0,0
180218,1,1,1990,0,0,0,0,0,0,0,0,0,0
180218,2,1,1990,0,21,0,0,0,0,0,0,0,0
180219,1,1,1990,0,0,0,0,0,0,0,0,0,0
180220,1,1,1990,23,23,23,23,23,23,23,23,23,23
180221,1,1,1990,0,0,0,0,0,0,0,0,0,0
180222,1,1,1990,0,0,0,0,0,0,0,0,0,0
180223,1,1,1990,19,19,19,19,19,19,19,19,19,19
180223,2,1,1990,0,0,0,0,0,0,0,0,0,0
180223,3,1,1990,0,12,0,0,0,0,0,0,0,0
180224,1,1,1990,13,13,13,13,13,13,13,13,13,13
180225,1,1,1990,9,9,9,9,9,9,9,9,9,9
180225,2,1,1990,3,0,0,0,0,5,0,0,0,13
180226,1,1,1990,0,0,0,0,0,0,0,0,0,0
180226,2,1,1990,0,0,0,0,0,0,0,0,0,0
180227,0,1,1990,12,12,12,12,12,12,12,12,12,12
180227,0,2,1990,6,15,0,25,22,37,11,24,20,18
180227,1,1,1990,28,28,28,28,28,28,28,28,28,28
180228,1,1,1990,2,2,2,2,2,2,2,2,2,2
180229,1,1,1990,0,0,0,0,0,0,0,0,0,0
180230,1,1,1990,0,0,0,0,0,0,0,0,0,0
180230,2,1,1990,0,0,0,0,0,0,0,0,0,0
180231,1,1,1990,16,16,16,16,16,16,16,16,16,16
180231,2,1,1990,0,0,0,0,0,0,0,0,0,0
180232,0,1,1990,0,0,0,0,0,0,0,0,0,0
180232,1,1,1990,0,0,0,0,0,0,0,0,0,0
180233,1,1,1990,25,25,25,25,25,25,25,25,25,25
180234,1,1,1990,20,20,20,20,20,20,20,20,20,20
180235,1,1,1990,10,10,10,10,10,10,10,10,10,10
180236,1,1,1990,0,0,0,16,14,0,0,0,0,0
180236,2,1,1990,0,0,0,0,0,0,0,0,0,0
180237,1,1,1990,13,0,0,11,0,0,28,10,0,22
180238,1,1,1990,0,0,0,0,0,0,0,0,0,0
180238,2,1,1990,0,0,0,0,0,0,0,0,0,0
180239,1,1,1990,12,12,12,12,12,12,12,12,12,12
180240,1,1,1990,0,0,0,0,0,0,0,0,0,0
180241,1,1,1990,0,0,0,0,0,0,0,0,0,0
180241,2,1,1990,0,0,0,0,0,0,0,0,0,0
180242,1,1,1990,27,27,27,27,27,27,27,27,27,27
180242,2,1,1990,0,0,0,0,0,0,0,0,0,0
180243,0,1,1990,0,0,0,0,0,0,0,0,0,0
180243,1,1,1990,0,0,0,0,0,0,0,0,0,0
180245,1,1,1990,0,0,0,0,0,0,0,0,0,0
180246,1,1,1990,0,0,0,0,0,0,0,0,0,0
180247,1,1,1990,0,0,0,0,0,0,0,0,0,0
180248,1,1,1990,0,0,0,0,0,0,0,0,0,0
180248,2,1,1990,0,0,0,0,0,0,0,0,0,0
180249,1,1,1990,0,0,0,0,0,0,0,0,0,0
180249,2,1,1990,0,0,0,0,0,0,0,0,0,0
180249,3,1,1990,0,0,0,0,0,0,0,0,0,0
180250,1,1,1990,23,23,23,23,23,23,23,23,23,23
180251,1,1,1990,0,0,0,0,0,0,0,0,0,0
180251,2,1,1990,16,16,16,16,16,16,16,16,16,16
180252,0,1,1990,37,37,37,37,37,37,37,37,37,37
180252,1,1,1990,32,0,0,11,0,0,0,20,0,0
180253,1,1,1990,0,0,0,0,0,0,0,0,0,0
180253,2,1,1990,0,0,0,0,0,0,0,0,0,0
180254,1,1,1990,0,0,0,0,0,0,0,0,0,0
180254,2,1,1990,0,0,0,0,0,0,0,0,0,0
180255,0,1,1990,0,0,0,0,0,0,0,0,0,0
180255,1,1,1990,0,0,0,0,0,0,0,0,0,0
180256,1,1,1990,0,0,0,0,0,0,0,0,0,0
180256,2,1,1990,0,0,0,0,0,0,0,0,0,0
180256,3,1,1990,0,0,0,0,0,0,0,0,0,0
180257,1,1,1990,25,25,25,25,25,25,25,25,25,25
180258,0,1,1990,0,0,0,0,0,0,0,0,0,0
180258,1,1,1990,0,0,0,0,0,0,0,0,0,0
180259,1,1,1990,0,0,0,0,0,0,0,0,0,0
180260,1,1,1990,6,6,6,6,6,6,6,6,6,6
180261,1,1,1990,18,18,18,18,18,18,18,18,18,18
180262,1,1,1990,0,0,0,0,0,0,0,0,0,0
180262,2,1,1990,0,0,0,0,0,0,0,0,0,0
180263,1,1,1990,11,11,11,11,11,11,11,11,11,11
180263,2,1,1990,0,0,0,0,0,0,0,0,0,0
180264,1,1,1990,22,22,22,22,22,22,22,22,22,22
180265,1,1,1990,0,0,0,0,0,0,0,0,0,0
180265,2,1,1990,0,14,0,0,0,0,0,9,19,0
180266,1,1,1990,0,0,0,0,0,0,0,0,0,0
180266,2,1,1990,0,0,0,0,0,0,0,0,0,0
180267,1,1,1990,0,0,0,0,0,0,0,0,0,0
180267,2,1,1990,0,0,0,0,0,0,0,0,0,0
180268,1,1,1990,0,0,0,0,0,0,0,0,0,0
180268,2,1,1990,0,0,0,0,0,0,0,0,0,0
180269,1,1,1990,27,27,27,27,27,27,27,27,27,27
180270,1,1,1990,0,0,0,0,0,0,0,0,0,0
180270,2,1,1990,0,0,0,0,0,0,0,0,0,0
180271,1,1,1990,15,15,15,15,15,15,15,15,15,15
180271,2,1,1990,0,0,0,0,0,0,0,0,0,0
180272,0,1,1990,0,13,11,0,0,0,0,10,0,0
180272,1,1,1990,0,0,0,0,0,0,0,0,0,0
180273,1,1,1990,10,14,0,0,0,0,0,15,10,6
180273,2,1,1990,0,0,0,0,0,0,0,0,0,0
180274,1,1,1990,0,0,0,0,0,0,0,0,0,0
180274,2,1,1990,17,17,17,17,17,17,17,17,17,17
180275,1,1,1990,0,0,0,0,0,0,0,0,0,0
180276,1,1,1990,12,12,12,12,12,12,12,12,12,12
180277,1,1,1990,0,0,0,0,0,0,0,0,0,0
180277,2,1,1990,0,0,0,0,0,0,0,0,0,0
180278,1,1,1990,15,15,15,15,15,15,15,15,15,15
180279,1,1,1990,7,7,7,7,7,7,7,7,7,7
180280,0,1,1990,0,0,0,0,0,0,0,0,0,0
180280,1,1,1990,0,0,0,0,0,0,0,0,0,0
180281,1,1,1990,0,13,0,0,0,0,9,3,0,0
180281,2,1,1990,0,0,0,0,0,0,0,0,0,0
180282,1,1,1990,0,0,0,0,0,0,0,0,0,0
180282,2,1,1990,0,0,0,0,0,0,0,0,0,0
180283,1,1,1990,0,0,0,0,0,0,0,0,0,0
180283,2,1,1990,0,0,0,0,0,7,0,0,0,0
180284,1,1,1990,0,0,0,0,0,0,0,0,0,0
180284,2,1,1990,0,0,0,0,0,0,0,0,0,0
180285,1,1,1990,19,0,0,0,0,0,0,0,0,0
180286,1,1,1990,0,0,0,0,0,0,0,0,0,0
180287,1,1,1990,0,0,0,0,0,0,0,0,0,0
180287,2,1,1990,0,0,0,0,0,0,0,0,0,0
180288,1,1,1990,0,0,0,0,0,0,0,0,0,0
180288,2,1,1990,0,0,0,0,0,0,0,0,0,0
180288,3,1,1990,0,0,0,0,0,0,0,0,0,0
180289,1,1,1990,34,34,34,34,34,34,34,34,34,34
180289,2,1,1990,0,0,0,0,0,0,0,0,0,0
180290,1,1,1990,0,0,0,0,0,0,0,0,0,0
180290,2,1,1990,0,0,0,0,0,0,0,0,0,0
180291,1,1,1990,24,24,24,24,24,24,24,24,24,24
180292,1,1,1990,0,0,0,0,0,0,0,0,0,0
180292,2,1,1990,0,0,0,0,0,0,0,0,0,0