ST_CASE,VEH_NO,PER_NO,YEAR,P1,P2,P3,P4,P5,P6,P7,P8,P9,P10
190185,1,1,1990,22,15,21,16,12,14,26,18,22,28
190186,1,1,1990,15,15,15,15,15,15,15,15,15,15
190186,2,1,1990,0,23,0,0,0,17,0,16,0,0
190187,1,1,1990,0,0,13,0,0,0,0,0,0,5
190187,2,1,1990,15,15,15,15,15,15,15,15,15,15
190188,1,1,1990,1,1,1,1,1,1,1,1,1,1
190188,2,1,1990,0,0,0,0,0,0,0,0,0,0
190189,1,1,1990,0,0,0,7,0,0,0,0,0,0
190189,2,1,1990,0,0,0,0,0,0,0,0,0,0
190190,1,1,1990,4,4,4,4,4,4,4,4,4,4
190191,1,1,1990,25,25,25,25,25,25,25,25,25,25
190192,0,1,1990,0,33,0,0,12,45,27,8,0,15
190192,0,2,1990,0,33,0,0,17,14,0,13,22,0
190192,2,1,1990,0,0,0,0,0,0,0,0,0,0
190193,1,1,1990,7,7,7,7,7,7,7,7,7,7
190193,2,1,1990,0,0,0,0,0,0,0,0,0,0
190194,1,1,1990,24,24,24,24,24,24,24,24,24,24
190195,1,1,1990,24,24,24,24,24,24,24,24,24,24
190195,2,1,1990,1,1,1,1,1,1,1,1,1,1
190196,0,1,1990,0,0,0,0,0,0,0,0,0,0
190196,1,1,1990,0,0,0,0,0,0,0,0,0,0
190197,1,1,1990,24,24,24,24,24,24,24,24,24,24
190198,1,1,1990,0,0,0,0,0,0,0,0,0,0
190198,2,1,1990,0,0,0,0,0,0,0,0,0,0
190199,0,1,1990,0,0,9,0,0,0,0,19,0,5
190199,1,1,1990,22,21,12,9,17,0,0,14,17,15
190200,1,1,1990,0,10,0,0,0,0,0,6,0,0
190201,1,1,1990,27,27,27,27,27,27,27,27,27,27
190202,1,1,1990,0,0,0,0,0,0,0,0,0,0
190202,2,1,1990,0,0,0,0,0,0,0,0,0,0
190203,1,1,1990,22,22,22,22,22,22,22,22,22,22
190204,1,1,1990,0,0,0,0,0,0,0,0,0,0
190205,1,1,1990,0,0,0,0,0,0,0,0,0,0
190205,2,1,1990,0,0,0,0,15,0,0,0,0,0
190206,1,1,1990,4,4,4,4,4,4,4,4,4,4
190206,2,1,1990,0,0,0,0,0,0,0,0,0,0
190207,1,1,1990,0,0,0,0,0,0,0,0,0,0
190207,2,1,1990,0,0,0,0,0,0,0,0,0,0
190208,1,1,1990,16,16,16,16,16,16,16,16,16,16
190209,1,1,1990,19,19,19,19,19,19,19,19,19,19
190210,1,1,1990,0,0,0,0,0,0,0,0,0,0
190211,1,1,1990,13,13,13,13,13,13,13,13,13,13
190212,1,1,1990,0,0,0,0,0,0,0,0,0,0
190212,2,1,1990,12,12,12,12,12,12,12,12,12,12
190213,1,1,1990,25,25,25,25,25,25,25,25,25,25
190214,1,1,1990,0,0,0,0,0,0,0,0,0,0
190215,1,1,1990,28,28,28,28,28,28,28,28,28,28
190216,1,1,1990,0,0,0,0,0,0,10,0,0,0
190216,2,1,1990,0,0,0,0,0,0,0,0,0,0
190217,1,1,1990,0,0,0,0,0,0,0,0,0,0
190218,1,1,1990,0,0,0,0,0,0,0,0,0,0
190218,2,1,1990,0,0,0,0,0,0,0,0,0,0
190219,0,1,1990,0,0,0,0,0,0,11,0,5,25
190219,0,2,1990,36,0,17,21,14,30,17,11,23,21
190219,1,1,1990,0,0,0,0,0,0,0,16,0,0
190220,1,1,1990,23,23,23,23,23,23,23,23,23,23
190221,1,1,1990,0,0,0,0,0,0,0,0,0,0
190222,0,1,1990,16,16,16,16,16,16,16,16,16,16
190222,1,1,1990,0,0,0,0,0,0,0,0,0,0
190223,1,1,1990,0,0,0,0,0,0,0,0,0,0
190223,2,1,1990,0,0,0,0,0,0,0,0,0,0
190224,1,1,1990,0,0,0,0,0,0,0,0,0,0
190224,2,1,1990,3,0,0,0,0,0,0,0,0,5
190225,1,1,1990,9,9,9,9,9,9,9,9,9,9
190226,1,1,1990,16,18,0,0,0,0,7,0,24,0
190227,1,1,1990,0,0,0,0,0,0,0,0,0,0
190227,2,1,1990,0,0,0,0,0,0,0,0,0,0
190228,1,1,1990,17,17,17,17,17,17,17,17,17,17
190228,2,1,1990,0,0,0,0,0,0,0,0,0,0
190229,1,1,1990,19,19,19,19,19,19,19,19,19,19
190230,1,1,1990,0,0,0,0,0,0,0,0,0,0
190230,2,1,1990,0,0,0,0,0,0,0,0,0,0
190231,1,1,1990,24,24,24,24,24,24,24,24,24,24
190232,1,1,1990,12,12,12,12,12,12,12,12,12,12
190233,1,1,1990,0,0,0,0,0,0,0,0,0,0
190233,2,1,1990,21,21,21,21,21,21,21,21,21,21
190234,1,1,1990,0,0,0,0,0,0,0,0,0,0
190235,0,1,1990,0,0,0,0,0,0,0,0,0,0
190235,1,1,1990,0,0,0,0,0,0,0,0,0,0
190236,1,1,1990,0,0,0,6,0,0,0,0,0,0
190236,2,1,1990,0,0,0,0,0,0,0,0,0,0
190237,1,1,1990,0,0,0,0,0,0,0,0,0,0
190238,1,1,1990,0,0,0,0,0,0,0,0,0,0
190238,2,1,1990,0,0,0,0,0,0,0,0,0,0
190239,1,1,1990,7,7,7,7,7,7,7,7,7,7
190240,1,1,1990,29,29,29,29,29,29,29,29,29,29
190241,1,1,1990,13,13,13,13,13,13,13,13,13,13
190241,2,1,1990,19,0,0,0,0,0,0,0,0,0
190242,1,1,1990,6,6,6,6,6,6,6,6,6,6
190242,2,1,1990,0,0,0,0,0,0,0,0,0,0
190243,1,1,1990,0,0,0,0,0,0,0,0,0,0
190244,1,1,1990,16,16,16,16,16,16,16,16,16,16
190245,1,1,1990,0,0,0,0,0,0,0,0,0,0
190246,1,1,1990,0,0,0,0,0,0,0,0,0,0
190246,2,1,1990,0,0,0,0,0,0,0,0,0,0
190247,1,1,1990,0,0,0,0,18,0,0,0,9,0
190247,2,1,1990,0,0,0,0,0,0,0,0,0,0
190248,1,1,1990,0,0,0,0,0,0,0,0,0,0
190249,1,1,1990,0,0,0,0,0,0,0,0,0,0
190249,2,1,1990,0,0,0,0,0,0,0,0,0,0
190250,1,1,1990,0,0,0,0,0,0,0,0,0,0
190250,2,1,1990,14,14,14,14,14,14,14,14,14,14
190251,1,1,1990,0,0,0,0,0,0,0,0,0,0
190251,2,1,1990,0,0,0,0,0,0,0,0,0,0
190252,1,1,1990,24,24,24,24,24,24,24,24,24,24
190253,1,1,1990,0,0,0,0,0,0,0,0,0,0
190253,2,1,1990,0,0,0,0,0,0,0,0,0,0
190254,1,1,1990,0,0,0,0,0,0,0,0,0,0
190254,2,1,1990,0,0,0,0,0,0,0,0,0,0
190255,1,1,1990,26,26,26,26,26,26,26,26,26,26
190256,1,1,1990,14,14,14,14,14,14,14,14,14,14
190257,1,1,1990,13,0,0,0,0,0,0,0,0,0
190257,2,1,1990,0,0,0,0,0,0,0,0,0,0
190257,3,1,1990,0,0,0,0,0,0,10,0,0,0
190258,1,1,1990,0,0,0,0,0,0,0,0,0,0
190259,0,1,1990,0,0,0,0,0,0,0,0,0,0
190259,1,1,1990,0,0,0,0,0,0,0,0,0,0
190260,1,1,1990,0,0,0,0,0,0,0,0,0,0
190260,2,1,1990,0,0,0,0,0,0,0,0,0,0
190261,1,1,1990,31,31,31,31,31,31,31,31,31,31
190262,1,1,1990,0,0,0,0,0,0,0,0,0,0
190262,2,1,1990,15,15,15,15,15,15,15,15,15,15
190263,1,1,1990,25,25,25,25,25,25,25,25,25,25
190264,1,1,1990,0,0,0,0,0,0,0,0,0,0
190264,2,1,1990,0,0,0,0,0,0,0,0,0,0
190265,1,1,1990,0,0,0,0,0,0,0,0,16,0
190266,1,1,1990,0,0,0,0,0,0,0,0,0,0
190267,1,1,1990,0,0,0,0,0,0,0,0,0,0
190268,1,1,1990,0,0,0,0,0,0,0,0,0,0
190268,2,1,1990,0,0,0,0,0,0,0,0,0,0
190269,1,1,1990,0,0,0,0,0,0,0,0,0,0
190270,1,1,1990,0,0,0,0,0,0,0,0,0,0
190270,2,1,1990,0,0,0,0,0,0,0,0,0,0
190271,1,1,1990,25,25,25,25,25,25,25,25,25,25
190272,1,1,1990,0,0,0,0,0,0,0,0,0,0
190272,2,1,1990,0,0,0,0,0,0,0,0,0,0
190273,1,1,1990,0,0,0,0,0,0,0,0,0,2
190273,2,1,1990,10,10,10,10,10,10,10,10,10,10
190274,1,1,1990,27,27,27,27,27,27,27,27,27,27
190275,1,1,1990,0,0,0,0,0,35,0,18,14,32
190276,1,1,1990,21,21,21,21,21,21,21,21,21,21
190277,1,1,1990,28,28,28,28,28,28,28,28,28,28
190278,1,1,1990,0,0,0,0,0,0,0,0,0,0
190278,2,1,1990,0,0,0,0,0,0,0,0,0,0
190279,0,1,1990,0,0,0,0,0,0,0,0,0,0
190279,1,1,1990,0,0,0,0,0,0,0,0,0,0
190280,1,1,1990,17,17,17,17,17,17,17,17,17,17
190281,1,1,1990,28,28,28,28,28,28,28,28,28,28
190282,1,1,1990,0,0,0,0,0,0,0,0,0,0
190282,2,1,1990,0,0,0,0,0,0,0,0,0,0
190283,1,1,1990,11,11,11,11,11,11,11,11,11,11
190284,1,1,1990,0,0,0,0,0,0,0,0,0,0
190284,2,1,1990,0,0,0,0,0,0,0,0,0,0
190284,3,1,1990,0,0,0,0,0,0,0,5,0,0
190284,4,1,1990,0,0,0,0,0,0,0,0,0,0
190285,1,1,1990,0,0,0,0,0,0,0,0,0,0
190285,2,1,1990,0,0,0,0,0,0,0,0,0,0
190286,1,1,1990,0,0,0,0,0,0,0,0,0,0
190287,1,1,1990,20,15,15,24,17,33,7,15,20,17
190288,1,1,1990,24,24,24,24,24,24,24,24,24,24
190289,1,1,1990,0,0,0,0,0,0,0,0,0,0
190290,1,1,1990,25,25,25,25,25,25,25,25,25,25
190291,1,1,1990,14,14,14,14,14,14,14,14,14,14
190292,1,1,1990,0,0,0,0,0,0,0,0,0,0
190293,0,1,1990,3,3,3,3,3,3,3,3,3,3
190293,0,2,1990,19,19,19,19,19,19,19,19,19,19
190293,1,1,1990,8,21,17,14,4,12,0,20,16,26
190294,0,1,1990,0,0,0,0,0,0,0,0,0,0
190294,1,1,1990,0,0,0,0,0,0,0,0,0,0
190295,1,1,1990,12,12,12,12,12,12,12,12,12,12
190296,1,1,1990,0,0,0,0,0,0,0,12,0,0
190296,2,1,1990,15,15,15,15,15,15,15,15,15,15
190297,1,1,1990,0,0,0,0,0,0,0,0,0,0
190298,1,1,1990,0,0,0,0,0,0,0,0,0,0
190298,2,1,1990,0,0,0,0,0,0,0,0,0,0
190298,3,1,1990,0,0,0,0,0,0,0,0,0,0
190299,1,1,1990,0,0,0,0,0,0,0,0,0,0
190299,2,1,1990,0,0,0,0,0,0,0,0,0,0
190300,1,1,1990,28,28,28,28,28,28,28,28,28,28
190301,1,1,1990,20,20,20,20,20,20,20,20,20,20
190302,1,1,1990,0,0,0,0,0,0,0,0,0,0
190302,2,1,1990,0,0,0,0,0,0,0,0,0,0
190303,1,1,1990,0,0,0,0,0,0,0,0,0,0
190304,1,1,1990,4,4,4,4,4,4,4,4,4,4
190305,1,1,1990,0,0,0,0,0,0,0,0,0,0
190306,1,1,1990,0,20,0,0,16,0,0,21,0,0
190306,2,1,1990,0,11,0,0,0,0,0,0,0,0
190307,1,1,1990,16,16,16,16,16,16,16,16,16,16
190308,1,1,1990,0,10,0,0,0,0,0,0,7,0
190308,2,1,1990,0,0,0,0,0,0,0,0,0,9
190308,3,1,1990,0,0,0,0,0,0,0,0,0,0
190309,1,1,1990,0,0,0,25,13,0,0,0,0,0
190310,1,1,1990,16,16,16,16,16,16,16,16,16,16
190311,0,1,1990,0,0,0,0,0,0,0,0,0,0
190311,1,1,1990,0,0,0,0,0,0,0,0,0,0
190312,1,1,1990,14,14,14,14,14,14,14,14,14,14
190312,2,1,1990,0,0,0,0,0,0,0,0,0,0
190313,1,1,1990,0,0,0,0,0,0,0,0,0,0
190313,2,1,1990,0,0,0,0,0,0,0,0,0,0
190314,1,1,1990,0,0,0,0,0,0,0,0,0,0
190314,2,1,1990,0,0,0,0,0,0,0,0,0,0
190315,1,1,1990,0,0,19,0,0,0,0,10,0,0
190315,2,1,1990,1,1,1,1,1,1,1,1,1,1
190316,1,1,1990,0,0,0,0,0,0,0,0,0,0
190316,2,1,1990,0,0,0,0,0,0,0,0,0,0
190317,1,1,1990,0,0,0,0,0,0,0,0,0,0
190317,2,1,1990,0,0,0,0,0,0,0,0,0,0
190317,3,1,1990,0,0,0,0,0,0,0,0,0,0
190317,4,1,1990,0,0,0,0,0,0,0,0,0,0
190318,1,1,1990,0,0,0,0,0,0,0,0,0,0
190318,2,1,1990,0,0,0,0,0,0,0,0,0,0
190319,1,1,1990,0,0,0,0,0,0,0,0,0,0
190319,2,1,1990,0,0,0,0,0,0,0,0,0,0
190320,1,1,1990,23,23,23,23,23,23,23,23,23,23
190321,1,1,1990,2,2,2,2,2,2,2,2,2,2
190322,0,1,1990,0,0,0,0,0,19,0,0,0,0
190322,1,1,1990,0,0,0,0,0,0,0,0,0,0
190323,1,1,1990,0,0,0,0,0,0,0,0,0,0
190323,2,1,1990,0,0,0,0,0,0,0,0,0,0
190324,1,1,1990,21,21,21,21,21,21,21,21,21,21
190325,1,1,1990,0,0,0,0,0,0,0,0,0,0
190325,2,1,1990,0,0,0,0,0,0,0,0,0,0
190326,1,1,1990,0,0,0,0,0,0,0,0,0,0
190327,1,1,1990,15,15,15,15,15,15,15,15,15,15
190328,1,1,1990,0,0,0,0,0,0,0,0,0,0
190328,2,1,1990,0,0,0,0,0,0,0,0,0,0
190329,1,1,1990,0,0,0,0,0,15,0,0,0,0
190329,2,1,1990,0,0,0,0,0,0,0,0,0,0
190330,1,1,1990,0,0,0,5,0,0,0,0,0,0
190330,2,1,1990,0,0,0,8,0,7,18,0,0,9
190331,1,1,1990,0,0,0,0,0,0,0,12,0,0
190331,2,1,1990,0,0,0,0,12,10,0,33,0,0
190332,1,1,1990,10,10,10,10,10,10,10,10,10,10
190332,2,1,1990,15,15,15,15,15,15,15,15,15,15
190333,1,1,1990,0,0,0,26,0,0,0,0,0,0
190333,2,1,1990,0,0,0,0,0,0,0,0,11,0
190334,1,1,1990,0,0,0,0,0,0,0,0,0,0
190335,0,1,1990,28,28,28,28,28,28,28,28,28,28
190335,1,1,1990,0,0,0,0,0,0,0,0,0,0
190336,1,1,1990,0,0,0,0,0,0,0,0,0,0
190336,2,1,1990,0,0,0,0,0,0,0,0,0,0
190337,1,1,1990,0,0,0,0,0,0,0,0,0,0
190337,2,1,1990,0,0,0,0,0,0,0,0,0,0
190338,1,1,1990,0,0,0,0,0,0,0,0,0,0
190339,1,1,1990,36,36,36,36,36,36,36,36,36,36
190339,2,1,1990,4,4,4,4,4,4,4,4,4,4
190340,0,1,1990,0,0,0,0,0,0,0,14,0,0
190340,1,1,1990,0,0,0,0,0,0,0,0,0,0
190341,1,1,1990,0,0,0,0,0,0,0,0,0,0
190341,2,1,1990,0,0,0,0,0,0,0,0,0,0
190342,1,1,1990,20,20,20,20,20,20,20,20,20,20
190343,1,1,1990,0,0,0,0,0,0,0,0,0,0
190343,2,1,1990,0,0,0,0,0,0,0,0,0,0
190344,1,1,1990,24,24,24,24,24,24,24,24,24,24
190345,1,1,1990,17,17,17,17,17,17,17,17,17,17
190345,2,1,1990,14,14,14,14,14,14,14,14,14,14
190346,2,1,1990,0,0,0,0,0,0,0,0,0,0
190347,1,1,1990,32,32,32,32,32,32,32,32,32,32
190348,0,1,1990,0,0,0,0,0,0,0,0,0,0
190348,1,1,1990,0,0,0,0,0,0,0,0,0,0
190349,1,1,1990,0,0,0,0,0,0,0,19,25,0
190350,1,1,1990,4,4,4,4,4,4,4,4,4,4
190351,1,1,1990,0,0,0,0,0,0,0,0,0,0
190351,2,1,1990,0,0,0,0,0,0,0,0,0,0
190352,1,1,1990,20,20,20,20,20,20,20,20,20,20
190353,1,1,1990,27,27,27,27,27,27,27,27,27,27
190354,1,1,1990,0,29,0,14,18,10,0,21,0,0
190355,1,1,1990,13,13,13,13,13,13,13,13,13,13
190355,2,1,1990,3,3,3,3,3,3,3,3,3,3
190356,1,1,1990,17,17,17,17,17,17,17,17,17,17
190357,1,1,1990,9,9,9,9,9,9,9,9,9,9
190358,1,1,1990,33,33,33,33,33,33,33,33,33,33
190359,1,1,1990,12,12,12,12,12,12,12,12,12,12
190360,1,1,1990,37,37,37,37,37,37,37,37,37,37
190361,1,1,1990,32,32,32,32,32,32,32,32,32,32
190362,1,1,1990,18,18,18,18,18,18,18,18,18,18
190363,1,1,1990,15,15,15,15,15,15,15,15,15,15
190364,1,1,1990,10,0,0,0,0,0,0,0,13,0
190365,1,1,1990,0,0,0,0,0,0,0,0,0,0
190366,1,1,1990,0,0,0,0,0,0,0,0,0,0
190366,2,1,1990,0,0,0,0,0,0,0,0,0,0
190367,1,1,1990,0,0,0,0,0,0,0,0,0,0
190367,2,1,1990,24,24,24,24,24,24,24,24,24,24
190368,1,1,1990,0,13,7,0,0,0,10,0,21,15
190369,1,1,1990,0,0,0,0,0,0,0,0,0,0
190369,2,1,1990,0,0,0,0,4,0,0,0,0,0
190370,1,1,1990,0,0,0,0,0,14,0,0,0,0
190370,2,1,1990,0,0,0,0,0,0,0,0,0,0
190371,1,1,1990,0,0,0,0,0,0,0,0,0,15
190371,2,1,1990,0,0,0,0,0,0,0,0,0,0
190372,1,1,1990,0,0,0,0,0,0,5,0,0,0
190372,2,1,1990,0,0,0,0,0,0,0,0,0,0
190373,0,1,1990,0,0,0,0,0,0,0,0,0,0
190373,1,1,1990,0,0,0,0,0,0,0,0,0,3
190374,0,1,1990,0,0,0,0,0,0,0,0,0,0
190374,1,1,1990,0,0,0,0,0,0,0,0,0,0
190375,2,1,1990,0,0,0,0,0,0,0,0,0,0
190376,1,1,1990,0,0,9,0,0,0,0,0,0,0
190376,2,1,1990,0,0,0,0,0,0,0,0,0,0
190377,1,1,1990,0,15,0,0,0,27,0,0,0,0
190378,1,1,1990,0,0,0,0,0,0,0,0,0,0
190379,1,1,1990,0,0,0,0,0,0,0,0,0,0
190379,2,1,1990,0,0,0,0,10,0,0,0,0,0
190380,1,1,1990,24,24,24,24,24,24,24,24,24,24
190380,2,1,1990,0,0,0,0,0,0,0,0,0,0
190381,1,1,1990,13,13,13,13,13,13,13,13,13,13
190381,2,1,1990,0,0,0,0,0,0,0,0,0,0
190381,3,1,1990,0,0,0,0,0,19,0,0,0,11
190382,1,1,1990,0,0,0,0,0,0,0,0,0,0
190382,2,1,1990,15,15,15,15,15,15,15,15,15,15
190383,1,1,1990,19,19,19,19,19,19,19,19,19,19
190384,1,1,1990,26,0,0,0,0,0,0,0,0,0
190384,2,1,1990,0,0,0,0,0,0,0,0,0,0
190385,1,1,1990,12,12,12,12,12,12,12,12,12,12
190386,1,1,1990,0,0,0,0,0,0,0,0,0,0
190386,2,1,1990,0,0,0,0,0,0,7,0,0,0
190387,1,1,1990,37,37,37,37,37,37,37,37,37,37
190388,0,1,1990,0,0,0,24,0,0,0,0,0,0
190388,1,1,1990,0,0,0,0,0,0,15,0,0,0
190389,1,1,1990,0,0,0,0,0,0,0,0,0,0
190389,2,1,1990,0,0,0,0,0,0,0,0,0,0
190390,1,1,1990,22,22,22,22,22,22,22,22,22,22
190391,1,1,1990,0,0,0,0,0,0,0,0,0,0
190391,2,1,1990,0,0,0,0,0,0,0,0,0,0
190392,1,1,1990,0,0,0,0,0,0,0,0,0,0
190393,0,1,1990,0,20,0,0,0,0,0,0,0,0
190393,1,1,1990,0,0,0,0,0,0,0,0,0,0
190394,1,1,1990,28,28,28,28,28,28,28,28,28,28
190395,1,1,1990,0,0,0,0,0,0,0,18,0,0
190395,2,1,1990,8,0,0,0,11,0,0,0,0,0
190395,3,1,1990,0,0,0,0,0,0,0,0,0,15
190395,4,1,1990,0,0,0,0,0,0,0,0,0,0
190395,5,1,1990,0,0,0,0,0,0,0,0,0,0
190396,1,1,1990,0,0,0,6,0,0,0,0,0,0
190396,2,1,1990,0,0,0,0,0,0,0,0,0,0
190397,1,1,1990,5,5,5,5,5,5,5,5,5,5
190398,1,1,1990,19,19,19,19,19,19,19,19,19,19
190399,1,1,1990,16,16,16,16,16,16,16,16,16,16
190400,1,1,1990,0,0,0,0,0,0,0,0,0,0
190400,2,1,1990,27,27,27,27,27,27,27,27,27,27
190401,1,1,1990,0,0,0,0,0,0,0,0,0,0
190401,2,1,1990,0,0,0,0,0,0,0,0,0,0
190402,1,1,1990,0,0,0,8,0,0,0,0,0,0
190402,2,1,1990,0,0,0,0,0,0,0,0,0,0
190403,0,1,1990,0,0,0,0,0,15,0,0,0,0
190403,0,2,1990,0,7,0,0,0,0,0,0,0,0
190403,1,1,1990,0,0,0,0,0,0,0,0,0,0
190404,1,1,1990,17,17,17,17,17,17,17,17,17,17
190405,0,1,1990,0,0,0,0,0,0,0,0,0,0
190405,1,1,1990,0,0,0,0,0,0,0,0,0,0
200001,1,1,1990,15,15,15,15,15,15,15,15,15,15
200002,1,1,1990,14,14,14,14,14,14,14,14,14,14
200002,2,1,1990,0,0,0,0,0,0,0,0,0,0
200003,1,1,1990,0,0,0,11,0,0,0,0,0,0
200004,1,1,1990,0,0,0,0,0,0,0,0,0,0
200004,2,1,1990,0,0,0,0,0,0,0,0,0,0
200005,0,1,1990,0,0,0,0,0,0,0,0,0,0
200005,1,1,1990,0,0,0,0,0,0,0,0,0,0
200006,1,1,1990,0,0,0,0,0,0,0,0,0,0
200006,2,1,1990,0,0,0,0,0,0,0,0,0,0
200007,1,1,1990,0,0,0,0,0,0,0,0,0,0
200007,2,1,1990,0,0,0,0,0,0,0,0,0,0
200008,1,1,1990,0,0,0,0,0,0,0,0,0,0
200009,1,1,1990,10,10,10,10,10,10,10,10,10,10
200010,1,1,1990,0,0,0,0,0,0,0,0,0,0
200010,2,1,1990,0,0,0,0,0,0,0,0,0,0
200011,1,1,1990,0,0,0,0,0,0,0,0,0,0
200012,1,1,1990,0,0,0,0,0,0,0,0,0,0
200012,2,1,1990,0,0,0,0,0,0,0,0,0,0
200013,1,1,1990,0,0,0,0,0,0,0,0,0,0
200013,2,1,1990,0,0,0,0,0,0,0,15,0,0
200014,1,1,1990,20,20,20,20,20,20,20,20,20,20
200015,1,1,1990,17,17,17,17,17,17,17,17,17,17
200015,2,1,1990,0,0,0,0,0,0,0,0,0,0
200016,0,1,1990,26,26,26,26,26,26,26,26,26,26
200016,1,1,1990,0,0,0,0,0,0,0,0,0,0
200017,1,1,1990,26,26,26,26,26,26,26,26,26,26
200018,1,1,1990,28,28,28,28,28,28,28,28,28,28
200019,1,1,1990,0,0,0,18,0,0,0,0,0,0
200019,2,1,1990,0,0,0,0,0,0,0,0,0,0
200020,1,1,1990,0,0,0,0,0,0,0,0,0,0
200021,1,1,1990,11,11,11,11,11,11,11,11,11,11
200022,0,1,1990,0,0,0,0,0,0,0,0,0,0
200023,0,1,1990,0,0,0,0,0,0,0,0,0,0
200023,1,1,1990,0,0,0,0,0,0,0,0,0,0
200024,0,1,1990,33,33,33,33,33,33,33,33,33,33
200024,1,1,1990,0,0,0,0,0,0,0,0,0,0
200026,1,1,1990,15,0,24,13,15,0,21,0,12,19
200026,2,1,1990,0,3,0,6,0,0,8,0,0,0
200027,1,1,1990,0,0,0,0,0,0,0,0,0,0
200027,2,1,1990,0,0,0,0,0,0,0,0,0,0
200028,1,1,1990,0,0,0,0,0,0,0,0,0,0
200028,2,1,1990,0,0,0,0,0,0,0,0,0,0
200029,1,1,1990,0,0,13,26,0,15,0,0,6,7
200029,2,1,1990,0,0,0,8,0,18,0,0,0,0
200030,1,1,1990,0,0,0,0,0,0,0,0,0,0
200030,2,1,1990,0,0,0,0,0,0,0,0,0,0
200030,3,1,1990,0,0,9,0,0,0,0,0,0,0
200031,1,1,1990,0,0,0,0,0,0,0,0,0,0
200031,2,1,1990,0,13,0,16,0,0,0,0,0,15
200032,1,1,1990,0,0,0,0,0,0,0,0,0,0
200032,2,1,1990,0,0,0,0,0,0,0,0,0,0
200035,1,1,1990,0,0,0,0,0,0,0,0,5,0
200035,2,1,1990,0,0,0,0,0,0,0,0,0,0
200036,1,1,1990,0,0,0,0,0,0,0,0,0,0
200036,2,1,1990,0,0,0,0,0,5,0,0,0,0
200037,1,1,1990,0,0,0,4,0,0,0,0,0,0
200037,2,1,1990,0,0,0,0,0,0,0,0,0,0
200038,0,1,1990,30,15,31,21,0,12,4,19,0,30
200038,1,1,1990,13,13,13,13,13,13,13,13,13,13
200039,0,1,1990,11,11,11,11,11,11,11,11,11,11
200039,1,1,1990,0,0,0,0,23,0,13,0,0,0
200040,1,1,1990,6,6,6,6,6,6,6,6,6,6
200040,2,1,1990,0,0,0,0,0,28,0,0,0,0
200041,1,1,1990,18,18,18,18,18,18,18,18,18,18
200042,1,1,1990,23,23,23,23,23,23,23,23,23,23
200043,1,1,1990,0,0,0,0,0,0,0,0,0,0
200043,2,1,1990,0,0,0,0,0,0,0,0,0,0
200044,1,1,1990,21,21,21,21,21,21,21,21,21,21
200044,2,1,1990,15,9,0,0,10,0,8,0,19,0
200045,1,1,1990,18,18,18,18,18,18,18,18,18,18
200046,1,1,1990,0,0,0,0,0,0,0,17,0,0
200046,2,1,1990,0,0,0,14,0,0,0,0,0,0
200047,1,1,1990,17,17,17,17,17,17,17,17,17,17
200049,1,1,1990,8,19,0,0,12,8,0,0,0,0
200049,2,1,1990,0,0,0,0,0,0,0,0,0,0
200051,1,1,1990,15,15,0,31,0,0,20,19,0,22
200052,1,1,1990,0,0,0,0,0,0,0,0,0,0
200052,2,1,1990,0,13,0,0,0,0,22,0,0,0
200053,1,1,1990,0,0,0,0,0,0,0,0,0,0
200053,2,1,1990,0,0,0,0,0,0,0,0,0,0
200053,3,1,1990,0,0,0,0,0,0,0,0,0,0
200054,1,1,1990,24,34,17,27,20,17,13,22,41,27
200055,1,1,1990,6,0,0,0,0,0,0,0,0,0
200055,2,1,1990,0,0,0,0,0,0,0,0,0,0
200056,1,1,1990,0,0,0,0,0,0,0,0,0,0
200056,2,1,1990,0,0,0,0,0,0,0,0,0,0
200057,1,1,1990,23,23,23,23,23,23,23,23,23,23
200057,2,1,1990,0,0,0,0,0,0,0,0,0,0
200058,1,1,1990,10,10,10,10,10,10,10,10,10,10
200059,1,1,1990,0,0,0,0,0,0,0,0,0,6
200059,2,1,1990,0,0,0,0,0,0,0,0,0,0
200060,1,1,1990,0,0,0,0,16,0,0,0,0,0
200060,2,1,1990,0,0,0,0,0,0,0,0,0,0
200061,1,1,1990,13,0,0,0,0,0,0,0,0,0
200061,2,1,1990,0,0,0,0,0,0,0,0,0,0
200062,1,1,1990,10,10,10,10,10,10,10,10,10,10
200063,1,1,1990,0,0,0,0,0,0,0,0,0,0
200064,1,1,1990,0,0,0,0,0,0,0,0,0,0
200064,2,1,1990,0,0,0,0,0,0,0,0,0,0
200065,1,1,1990,0,0,0,0,16,0,0,0,0,0
200065,2,1,1990,0,0,0,0,0,0,0,0,20,0
200066,0,1,1990,12,12,12,12,12,12,12,12,12,12
200066,1,1,1990,0,11,0,0,0,18,0,11,0,0
200067,1,1,1990,0,0,0,0,0,0,0,0,0,0
200068,1,1,1990,0,0,0,0,0,0,0,0,0,0
200069,1,1,1990,29,29,29,29,29,29,29,29,29,29
200069,2,1,1990,10,0,0,0,0,0,0,8,0,0
200070,1,1,1990,0,0,0,0,0,0,0,0,0,0