ST_CASE,VEH_NO,PER_NO,YEAR,P1,P2,P3,P4,P5,P6,P7,P8,P9,P10
200373,1,1,1990,0,0,0,0,0,0,0,0,0,0
200374,1,1,1990,23,23,23,23,23,23,23,23,23,23
200375,1,1,1990,15,33,32,23,27,17,6,11,33,14
200376,1,1,1990,11,0,0,0,0,7,0,0,19,10
200376,2,1,1990,0,0,0,29,0,19,14,0,0,0
200377,1,1,1990,0,0,0,0,0,0,0,0,0,0
200377,2,1,1990,0,0,0,0,0,0,0,9,3,0
200378,1,1,1990,0,0,15,0,0,0,0,0,0,0
200379,1,1,1990,0,0,0,0,0,0,0,0,0,0
200380,0,1,1990,27,0,0,20,12,0,0,18,0,11
200380,1,1,1990,14,20,8,19,14,20,16,9,13,28
200381,1,1,1990,12,36,11,13,13,14,16,8,0,9
200382,1,1,1990,0,0,0,0,0,0,0,0,0,0
200382,2,1,1990,0,0,0,0,0,0,0,0,0,0
200383,1,1,1990,28,28,28,28,28,28,28,28,28,28
200384,1,1,1990,0,0,0,0,0,15,5,0,0,0
200385,1,1,1990,0,0,14,0,0,0,0,0,0,0
200385,2,1,1990,0,0,0,0,0,0,0,0,0,0
200386,1,1,1990,0,0,0,0,0,0,0,0,0,0
200386,2,1,1990,21,17,17,0,32,9,9,11,20,15
200387,0,1,1990,0,0,0,0,0,0,0,0,0,0
200387,1,1,1990,0,0,0,0,0,0,0,0,0,0
200388,1,1,1990,0,0,0,0,0,0,0,0,0,0
200389,0,1,1990,0,0,0,0,0,17,0,0,0,0
200389,0,2,1990,12,30,0,22,15,12,0,0,0,0
200389,1,1,1990,0,0,0,9,0,0,0,0,0,0
200389,2,1,1990,0,0,0,0,0,0,0,0,0,0
200389,3,1,1990,0,0,0,0,0,2,0,16,0,0
200390,1,1,1990,7,0,0,0,0,0,0,0,0,0
200390,2,1,1990,0,0,0,0,0,0,0,0,0,0
200391,1,1,1990,0,0,0,0,0,0,15,0,15,0
200391,2,1,1990,0,0,0,0,0,5,0,0,4,0
200392,1,1,1990,0,0,0,0,0,0,0,0,0,0
200392,2,1,1990,0,0,0,0,0,0,0,0,0,0
200393,1,1,1990,0,0,0,0,24,0,0,0,0,0
200393,2,1,1990,28,18,19,16,0,0,0,0,21,16
200394,1,1,1990,25,25,25,25,25,25,25,25,25,25
200395,1,1,1990,21,21,21,21,21,21,21,21,21,21
200396,1,1,1990,0,0,0,0,0,0,0,0,0,0
200397,1,1,1990,15,15,15,15,15,15,15,15,15,15
200398,1,1,1990,14,14,14,14,14,14,14,14,14,14
200399,1,1,1990,0,0,0,0,0,0,0,0,0,0
200399,2,1,1990,0,0,0,0,0,0,0,0,0,0
200400,1,1,1990,0,12,0,0,0,0,0,0,0,0
200400,2,1,1990,0,11,0,0,0,0,0,0,0,0
200401,1,1,1990,0,0,0,0,0,0,0,0,0,0
200401,2,1,1990,0,0,0,0,10,0,0,17,0,0
200402,1,1,1990,28,28,28,28,28,28,28,28,28,28
200403,1,1,1990,7,7,7,7,7,7,7,7,7,7
200404,1,1,1990,0,0,0,0,0,0,0,0,0,0
200404,2,1,1990,0,0,0,0,0,0,0,0,0,0
200405,1,1,1990,0,0,0,0,0,0,0,0,0,0
200406,1,1,1990,0,0,0,0,0,0,0,0,0,0
200406,2,1,1990,14,14,14,14,14,14,14,14,14,14
200406,3,1,1990,0,0,0,0,0,0,4,8,0,0
200407,1,1,1990,19,19,19,19,19,19,19,19,19,19
200408,1,1,1990,0,0,0,0,0,0,0,0,0,0
210001,1,1,1990,0,0,0,0,0,0,0,23,0,0
210001,2,1,1990,0,0,0,0,0,0,0,0,0,0
210002,1,1,1990,15,0,0,0,0,0,0,0,0,16
210003,1,1,1990,9,9,9,9,9,9,9,9,9,9
210004,1,1,1990,15,15,15,15,15,15,15,15,15,15
210005,1,1,1990,0,0,0,0,0,0,0,0,0,0
210006,1,1,1990,0,0,0,0,0,0,0,0,0,0
210006,2,1,1990,0,0,0,0,0,0,0,0,0,0
210006,3,1,1990,0,0,0,0,0,0,0,0,0,0
210007,1,1,1990,0,0,0,0,0,0,0,0,0,0
210008,1,1,1990,15,15,15,15,15,15,15,15,15,15
210009,0,1,1990,0,0,0,0,0,0,0,0,0,0
210009,1,1,1990,0,0,0,0,0,0,0,0,0,0
210010,1,1,1990,26,0,0,0,0,0,0,0,0,14
210011,0,1,1990,0,0,0,0,0,0,0,0,0,0
210011,1,1,1990,0,0,0,0,0,0,0,0,0,0
210012,1,1,1990,0,0,0,0,0,0,0,0,0,0
210012,2,1,1990,0,0,0,0,0,0,0,0,0,0
210013,1,1,1990,0,0,0,0,0,0,0,0,0,0
210013,2,1,1990,0,0,0,0,0,0,0,0,0,0
210014,1,1,1990,0,0,0,0,0,0,0,0,0,0
210015,0,1,1990,0,0,0,0,0,0,0,0,0,0
210015,1,1,1990,0,35,0,0,0,0,0,0,0,0
210016,0,1,1990,0,0,0,0,0,0,0,0,0,0
210016,1,1,1990,0,0,0,0,23,0,0,0,14,0
210017,1,1,1990,0,0,0,0,0,0,0,0,0,0
210017,2,1,1990,0,0,0,0,0,0,0,0,0,0
210018,1,1,1990,0,0,0,0,0,0,0,0,0,0
210019,1,1,1990,12,12,12,12,12,12,12,12,12,12
210019,2,1,1990,0,0,0,0,9,0,0,0,0,0
210020,1,1,1990,33,33,33,33,33,33,33,33,33,33
210021,1,1,1990,0,0,0,0,0,0,0,0,0,0
210021,2,1,1990,0,0,0,0,14,0,0,0,0,16
210022,1,1,1990,0,0,0,0,0,0,0,0,0,0
210023,1,2,1990,0,0,20,0,0,0,0,0,0,0
210024,1,1,1990,0,0,0,0,0,0,0,13,0,15
210025,0,1,1990,0,0,0,0,0,0,0,0,0,0
210025,1,1,1990,0,0,0,8,0,0,0,0,0,0
210026,1,1,1990,0,0,0,0,0,0,0,0,0,0
210026,2,1,1990,21,21,21,21,21,21,21,21,21,21
210027,1,1,1990,11,12,0,0,17,16,11,7,0,10
210028,1,1,1990,0,0,0,0,0,0,0,0,0,0
210028,2,1,1990,0,0,0,0,0,0,0,0,0,0
210029,1,1,1990,0,0,0,0,0,0,0,0,0,0
210029,2,1,1990,0,0,0,0,18,0,0,0,0,0
210029,3,1,1990,0,0,0,0,0,0,0,0,0,0
210030,1,1,1990,0,14,14,12,24,20,0,7,8,8
210031,1,1,1990,0,0,0,0,0,0,0,0,0,0
210031,2,1,1990,0,0,0,0,0,0,0,0,0,0
210032,1,1,1990,0,0,16,0,0,0,0,0,0,0
210032,2,1,1990,0,0,0,0,0,0,0,0,0,6
210033,1,1,1990,0,0,0,0,0,0,0,0,0,0
210033,2,1,1990,0,0,0,0,0,0,0,0,0,0
210034,1,1,1990,0,0,0,0,0,0,0,0,0,0
210034,2,1,1990,0,0,0,0,0,0,0,0,0,0
210034,3,1,1990,0,0,0,0,0,0,4,0,7,0
210035,1,1,1990,0,0,0,0,0,0,0,0,0,0
210035,2,1,1990,0,0,0,0,0,0,0,0,0,0
210036,1,1,1990,0,0,0,0,0,0,0,0,0,0
210037,1,1,1990,17,17,17,17,17,17,17,17,17,17
210038,1,1,1990,0,0,0,0,0,0,0,0,0,0
210039,1,1,1990,8,8,8,8,8,8,8,8,8,8
210040,1,1,1990,27,27,27,27,27,27,27,27,27,27
210041,1,1,1990,20,20,20,20,20,20,20,20,20,20
210042,1,1,1990,0,0,0,0,0,0,0,0,0,0
210042,2,1,1990,13,0,0,0,0,0,0,0,0,0
210042,3,1,1990,0,0,0,0,0,0,0,0,0,0
210042,4,1,1990,0,0,0,0,0,0,0,0,0,0
210043,1,1,1990,23,23,23,23,23,23,23,23,23,23
210044,1,1,1990,0,0,0,0,0,0,0,0,0,0
210045,1,1,1990,0,0,0,0,0,0,0,0,0,0
210045,2,1,1990,0,0,0,0,0,0,9,0,0,0
210046,1,1,1990,0,0,0,0,0,0,0,0,0,0
210046,2,1,1990,0,0,0,0,10,0,0,0,0,0
210047,0,1,1990,18,18,18,18,18,18,18,18,18,18
210047,1,1,1990,0,0,0,0,0,0,0,0,0,0
210048,1,1,1990,0,0,0,0,0,0,0,0,0,0
210049,0,1,1990,11,11,11,11,11,11,11,11,11,11
210049,1,1,1990,0,0,0,0,0,0,0,0,15,8
210050,1,1,1990,0,0,0,0,0,0,0,0,0,19
210050,2,1,1990,0,0,0,0,0,0,0,0,0,0
210051,1,1,1990,21,21,21,21,21,21,21,21,21,21
210052,0,1,1990,0,0,0,0,0,0,0,0,0,0
210052,1,1,1990,0,0,0,0,0,0,0,0,0,0
210053,1,1,1990,0,0,0,15,0,0,0,0,0,0
210053,2,1,1990,0,0,0,0,0,0,0,0,0,0
210054,1,1,1990,0,0,0,0,0,0,0,0,0,0
210054,2,1,1990,0,0,0,0,0,0,0,0,0,0
210055,1,1,1990,0,16,0,0,0,0,0,0,4,0
210056,1,1,1990,14,14,14,14,14,14,14,14,14,14
210057,1,1,1990,0,0,0,0,0,0,0,0,0,0
210057,2,1,1990,0,0,0,0,0,0,0,0,0,0
210057,3,1,1990,0,0,0,0,0,0,0,0,0,0
210058,1,1,1990,0,0,0,0,0,0,0,0,0,0
210059,1,1,1990,0,0,0,0,0,0,0,0,0,0
210060,1,1,1990,0,0,9,0,0,0,0,0,0,7
210061,1,1,1990,31,31,31,31,31,31,31,31,31,31
210062,1,1,1990,1,1,1,1,1,1,1,1,1,1
210062,2,1,1990,0,0,0,0,0,0,0,0,0,0
210063,1,1,1990,21,21,21,21,21,21,21,21,21,21
210064,1,1,1990,0,0,0,0,0,0,0,0,0,0
210064,2,1,1990,0,0,0,0,0,0,0,0,0,0
210064,3,1,1990,0,0,0,0,0,0,0,0,0,0
210065,1,1,1990,21,21,21,21,21,21,21,21,21,21
210066,1,1,1990,0,0,0,0,0,0,0,0,0,0
210066,2,1,1990,0,0,0,0,0,0,0,0,0,0
210067,1,1,1990,0,0,0,0,0,0,0,0,0,0
210067,2,1,1990,0,0,0,0,0,0,0,0,0,0
210068,1,1,1990,12,12,12,12,12,12,12,12,12,12
210069,1,1,1990,2,2,2,2,2,2,2,2,2,2
210069,2,1,1990,0,0,0,0,0,0,0,0,0,0
210070,1,1,1990,15,15,15,15,15,15,15,15,15,15
210071,1,1,1990,17,17,17,17,17,17,17,17,17,17
210071,2,1,1990,0,0,0,0,0,0,0,0,13,0
210072,1,1,1990,0,0,0,0,0,0,0,0,0,0
210072,2,1,1990,2,2,2,2,2,2,2,2,2,2
210073,1,1,1990,0,0,0,0,0,0,0,0,0,0
210073,2,1,1990,0,0,0,0,0,12,0,0,0,0
210074,1,1,1990,1,1,1,1,1,1,1,1,1,1
210075,1,1,1990,0,0,0,0,0,0,0,0,0,0
210076,1,1,1990,0,0,0,0,0,0,0,0,0,0
210076,2,1,1990,0,0,0,0,0,0,0,0,0,0
210078,1,1,1990,0,0,0,0,0,0,0,0,0,16
210078,2,1,1990,0,0,0,0,0,0,0,0,0,0
210079,1,1,1990,4,4,4,4,4,4,4,4,4,4
210080,1,1,1990,14,14,14,14,14,14,14,14,14,14
210080,2,1,1990,0,0,0,0,0,0,0,0,0,0
210081,1,1,1990,0,0,0,0,0,0,0,0,0,0
210081,2,1,1990,0,0,0,0,0,0,0,0,0,0
210082,1,1,1990,20,20,20,20,20,20,20,20,20,20
210083,1,1,1990,21,21,21,21,21,21,21,21,21,21
210083,2,1,1990,0,0,0,0,0,0,0,0,0,0
210084,1,1,1990,23,23,23,23,23,23,23,23,23,23
210085,1,1,1990,0,0,0,0,0,0,0,0,0,0
210086,1,1,1990,0,0,0,0,0,0,0,0,0,0
210087,1,1,1990,0,0,0,0,0,0,0,0,0,0
210087,2,1,1990,0,0,0,0,0,0,0,0,0,0
210088,1,1,1990,0,0,0,0,0,13,0,0,0,0
210088,2,1,1990,0,0,0,0,0,0,0,0,0,0
210090,1,1,1990,0,0,0,0,0,0,0,0,0,0
210090,2,1,1990,0,0,0,17,0,0,0,0,0,0
210090,3,1,1990,0,0,0,0,0,0,0,0,0,0
210091,0,1,1990,0,0,0,0,0,0,0,18,0,28
210091,1,1,1990,0,0,0,0,0,0,0,0,0,0
210092,1,1,1990,0,0,0,0,0,0,0,0,0,0
210092,2,1,1990,0,0,0,15,0,0,0,19,0,0
210092,3,1,1990,0,0,0,0,0,0,0,0,0,0
210093,0,1,1990,0,0,0,0,0,0,0,0,0,0
210093,1,1,1990,0,5,0,0,0,0,0,0,0,0
210094,1,1,1990,0,7,22,0,0,0,23,15,0,0
210095,1,1,1990,7,16,27,26,12,26,17,16,33,6
210096,1,1,1990,36,36,36,36,36,36,36,36,36,36
210096,2,1,1990,0,0,0,0,0,0,0,0,0,0
210097,1,1,1990,11,11,11,11,11,11,11,11,11,11
210098,1,1,1990,0,0,0,0,0,0,0,0,0,0
210098,2,1,1990,0,0,0,0,0,0,0,0,0,0
210099,1,1,1990,15,15,15,15,15,15,15,15,15,15
210099,2,1,1990,0,0,0,0,0,0,0,0,0,0
210100,1,1,1990,0,0,0,0,0,0,0,9,0,0
210100,2,1,1990,0,0,0,0,0,0,0,0,0,0
210101,1,1,1990,0,0,0,0,0,0,0,0,0,0
210102,0,1,1990,29,29,29,29,29,29,29,29,29,29
210102,1,1,1990,24,14,0,0,0,18,0,11,9,0
210103,1,1,1990,26,26,26,26,26,26,26,26,26,26
210104,1,1,1990,0,0,0,0,0,0,0,0,0,0
210104,2,1,1990,0,0,0,0,21,0,0,0,0,19
210105,1,1,1990,0,0,0,0,0,0,0,0,0,0
210106,0,1,1990,0,0,0,0,0,0,0,0,0,0
210106,1,1,1990,0,0,0,0,0,0,0,0,0,0
210107,1,1,1990,22,22,22,22,22,22,22,22,22,22
210107,2,1,1990,0,0,0,0,0,0,0,0,0,0
210108,1,1,1990,0,0,0,0,0,0,0,0,0,0
210108,2,1,1990,13,0,0,0,0,0,0,0,0,0
210109,1,1,1990,0,0,0,0,0,0,0,0,0,0
210110,1,1,1990,0,0,0,0,0,0,0,0,0,0
210110,2,1,1990,4,4,4,4,4,4,4,4,4,4
210111,1,1,1990,0,0,0,0,0,0,0,0,0,0
210111,2,1,1990,0,0,0,0,0,0,0,0,0,0
210112,1,1,1990,0,0,0,0,0,0,0,0,0,0
210113,1,1,1990,15,15,15,15,15,15,15,15,15,15
210113,2,1,1990,0,0,0,0,0,0,0,0,0,0
210114,1,1,1990,0,0,0,0,0,0,0,0,0,0
210114,2,1,1990,9,9,9,9,9,9,9,9,9,9
210115,1,1,1990,0,0,0,0,0,0,0,0,0,0
210115,2,1,1990,0,0,0,0,0,0,0,0,0,0
210116,1,1,1990,19,19,19,19,19,19,19,19,19,19
210117,0,1,1990,0,0,0,0,0,0,0,0,0,0
210117,1,1,1990,0,0,0,0,0,0,0,0,0,0
210118,1,1,1990,0,0,0,0,0,0,0,0,0,0
210118,2,1,1990,0,0,0,0,0,0,0,0,9,23
210119,1,1,1990,31,31,31,31,31,31,31,31,31,31
210119,2,1,1990,0,0,0,0,0,0,0,0,0,0
210120,1,1,1990,0,0,0,0,0,0,0,0,0,0
210121,0,1,1990,0,0,0,0,0,0,0,0,0,0
210121,1,1,1990,0,0,17,0,0,0,0,0,0,0
210122,1,1,1990,5,5,5,5,5,5,5,5,5,5
210123,1,1,1990,0,0,0,0,0,0,0,0,0,0
210124,1,1,1990,19,19,19,19,19,19,19,19,19,19
210125,0,1,1990,13,13,13,13,13,13,13,13,13,13
210125,1,1,1990,0,0,0,0,0,0,0,0,0,0
210125,2,1,1990,0,4,0,0,44,0,0,0,0,0
210125,3,1,1990,0,16,0,15,0,16,4,0,0,19
210126,1,1,1990,0,0,0,0,0,0,0,0,0,0
210127,0,1,1990,0,0,0,0,0,0,0,0,0,0
210127,1,1,1990,0,0,0,0,0,0,0,0,0,0
210129,1,1,1990,12,12,12,12,12,12,12,12,12,12
210130,0,1,1990,0,0,0,0,0,0,0,0,0,0
210130,1,1,1990,0,0,0,0,0,0,0,0,0,0
210131,1,1,1990,0,0,0,0,0,0,0,0,0,0
210131,2,1,1990,0,0,0,0,0,0,0,0,0,0
210132,1,1,1990,0,0,0,0,0,0,0,0,0,0
210132,2,1,1990,0,0,0,0,0,0,0,0,0,0
210133,1,1,1990,0,0,0,0,0,0,0,0,0,0
210133,2,1,1990,0,0,0,0,0,0,0,0,0,0
210133,3,1,1990,0,0,0,0,0,23,0,0,0,20
210134,0,1,1990,0,0,0,0,0,0,0,0,0,0
210134,1,1,1990,0,0,0,0,0,0,0,16,0,0
210135,1,1,1990,0,0,0,0,0,0,0,0,0,0
210135,2,1,1990,0,0,0,0,0,0,0,0,0,0
210136,1,1,1990,0,0,0,0,0,0,0,0,0,0
210136,2,1,1990,0,0,0,0,0,0,0,0,0,0
210137,1,1,1990,0,0,0,0,0,0,0,0,0,0
210137,2,1,1990,0,0,0,0,4,0,0,0,0,0
210138,1,1,1990,0,0,0,0,0,0,0,0,0,0
210139,1,1,1990,0,0,0,0,0,0,11,0,0,0
210141,0,1,1990,0,0,0,0,0,0,0,0,0,0
210141,1,1,1990,0,0,0,0,0,10,0,0,0,0
210142,1,1,1990,0,0,0,0,0,0,0,0,0,0
210142,2,1,1990,0,0,0,0,0,0,0,0,0,0
210143,0,1,1990,0,0,0,0,0,0,0,0,0,0
210143,1,1,1990,0,0,0,0,0,0,0,0,0,0
210144,1,1,1990,0,0,0,0,0,0,0,0,0,0
210145,1,1,1990,0,0,0,0,0,0,0,0,0,0
210146,1,1,1990,0,0,0,0,0,0,0,0,0,0
210147,1,1,1990,0,0,0,5,0,0,0,0,0,0
210147,2,1,1990,0,9,0,0,0,0,0,0,0,0
210148,1,1,1990,0,0,0,0,0,0,0,0,0,0
210149,1,1,1990,0,0,0,0,0,0,0,0,0,0
210150,1,1,1990,21,21,21,21,21,21,21,21,21,21
210151,1,1,1990,15,15,15,15,15,15,15,15,15,15
210152,0,1,1990,0,0,0,0,0,0,0,0,0,0
210152,1,1,1990,1,1,1,1,1,1,1,1,1,1
210152,2,1,1990,0,0,0,0,23,0,0,0,0,0
210153,0,1,1990,13,13,13,13,13,13,13,13,13,13
210153,1,1,1990,0,0,0,0,0,0,0,0,0,0
210154,0,1,1990,0,0,0,0,0,0,0,0,0,0
210154,1,1,1990,0,0,0,0,0,0,34,0,0,0
210155,1,1,1990,0,0,0,0,0,0,0,0,0,0
210155,2,1,1990,0,0,0,0,0,0,0,0,0,0
210156,0,1,1990,11,0,0,20,0,28,19,27,3,0
210156,1,1,1990,0,0,0,0,0,0,0,0,0,0
210157,1,1,1990,0,0,0,0,0,0,0,0,0,0
210157,2,1,1990,0,0,0,0,0,0,0,0,0,0
210158,1,1,1990,0,0,0,0,0,0,0,0,0,0
210158,2,1,1990,0,0,0,0,0,0,0,0,0,0
210158,3,1,1990,0,0,0,0,0,0,0,0,0,0
210159,1,1,1990,5,5,5,5,5,5,5,5,5,5
210160,0,1,1990,22,0,0,11,0,0,27,0,15,0
210160,1,1,1990,0,0,0,0,0,0,0,0,0,0
210161,1,1,1990,31,31,31,31,31,31,31,31,31,31
210162,1,1,1990,17,17,17,17,17,17,17,17,17,17
210164,1,1,1990,11,11,11,11,11,11,11,11,11,11
210165,1,1,1990,0,0,0,0,0,0,0,0,0,0
210166,1,1,1990,6,6,6,6,6,6,6,6,6,6
210167,0,1,1990,0,0,0,29,11,0,4,0,0,0
210167,1,1,1990,0,0,0,0,0,0,0,0,0,0
210168,1,1,1990,0,13,20,16,18,14,29,17,16,25
210169,1,1,1990,20,20,20,20,20,20,20,20,20,20
210170,1,1,1990,0,0,0,0,0,0,0,0,0,0
210170,2,1,1990,10,10,10,10,10,10,10,10,10,10
210171,1,1,1990,0,0,0,0,0,0,0,0,0,0
210171,2,1,1990,0,0,0,0,0,0,0,0,0,0
210172,1,1,1990,0,0,0,0,0,0,0,0,0,0
210173,1,1,1990,0,0,0,0,0,0,0,0,0,0
210174,1,1,1990,8,8,8,8,8,8,8,8,8,8
210174,2,1,1990,0,0,0,0,0,0,0,0,0,0
210175,0,1,1990,0,0,0,0,0,0,0,0,0,0
210175,0,2,1990,0,30,0,0,0,0,0,0,0,0
210175,1,1,1990,0,0,0,0,0,0,0,0,0,0
210176,1,1,1990,34,34,34,34,34,34,34,34,34,34
210177,1,1,1990,0,0,0,0,0,23,0,0,0,0
210177,2,1,1990,0,0,0,0,0,0,0,0,0,0
210177,3,1,1990,0,0,0,0,0,0,0,0,0,0
210177,4,1,1990,0,0,0,0,0,0,0,0,0,0
210178,1,1,1990,2,30,21,6,14,17,9,0,18,18
210179,1,1,1990,0,0,0,0,0,0,0,0,0,0
210179,2,1,1990,0,0,0,0,0,0,0,0,0,0
210180,1,1,1990,0,0,0,0,0,0,0,0,0,0
210181,1,1,1990,9,9,9,9,9,9,9,9,9,9
210182,1,1,1990,21,21,21,21,21,21,21,21,21,21
210183,1,1,1990,11,11,11,11,11,11,11,11,11,11
210184,1,1,1990,0,0,0,0,0,0,0,0,0,0
210184,2,1,1990,0,0,0,0,0,0,0,0,0,0
210185,1,1,1990,14,14,14,14,14,14,14,14,14,14
210185,2,1,1990,0,0,0,14,0,0,0,0,0,0
210186,1,1,1990,0,0,0,24,0,10,15,0,0,0
210187,1,1,1990,0,0,0,0,0,0,0,0,0,0
210188,1,1,1990,0,0,0,0,0,0,0,0,0,0
210188,2,1,1990,0,0,0,0,0,0,0,0,0,0
210189,1,1,1990,0,0,0,0,0,0,0,0,0,0
210190,1,1,1990,18,18,18,18,18,18,18,18,18,18
210190,2,1,1990,0,0,0,0,0,0,0,0,0,0
210191,1,1,1990,0,4,0,0,0,0,0,0,4,0
210191,2,1,1990,0,0,0,0,0,0,0,0,0,0
210192,1,1,1990,7,0,16,0,0,2,0,0,3,0
210193,0,1,1990,26,26,26,26,26,26,26,26,26,26
210193,1,1,1990,0,0,0,0,11,0,0,0,14,0
210194,1,1,1990,0,0,0,0,0,0,0,0,0,0
210195,0,1,1990,0,0,0,0,0,0,0,0,0,0
210195,1,1,1990,0,0,0,0,0,0,0,0,0,0
210196,1,1,1990,0,0,0,0,0,0,0,0,0,0
210197,1,1,1990,4,4,4,4,4,4,4,4,4,4
210198,1,1,1990,16,16,16,16,16,16,16,16,16,16
210199,1,1,1990,16,16,16,16,16,16,16,16,16,16
210200,1,1,1990,9,9,9,9,9,9,9,9,9,9
210201,1,1,1990,0,0,0,0,0,15,10,0,11,0
210202,1,1,1990,3,3,3,3,3,3,3,3,3,3
210202,2,1,1990,0,0,0,0,0,0,0,0,0,0
210203,1,1,1990,0,0,0,0,0,0,0,0,0,0
210203,2,1,1990,0,16,29,0,0,13,3,17,10,15
210203,3,1,1990,0,0,0,0,0,0,0,0,0,0
210204,1,1,1990,0,0,0,0,0,0,0,0,0,0
210204,2,1,1990,0,0,0,0,0,0,0,0,0,0
210205,1,1,1990,0,0,0,0,0,0,28,0,0,0
210206,1,1,1990,7,14,11,13,22,26,15,15,19,19
210206,2,1,1990,16,0,0,0,0,0,0,0,0,0
210207,1,1,1990,0,0,0,0,0,0,0,0,0,0
210208,1,1,1990,0,0,0,0,0,0,0,0,0,0
210209,1,1,1990,11,11,11,11,11,11,11,11,11,11
210209,2,1,1990,0,0,0,0,0,0,0,0,0,0
210210,1,1,1990,0,0,0,0,0,0,0,0,0,0
210210,2,1,1990,0,0,0,0,0,0,0,0,0,0
210211,1,1,1990,24,24,24,24,24,24,24,24,24,24
210211,2,1,1990,0,0,0,0,6,0,0,0,0,0
210212,1,1,1990,12,12,12,12,12,12,12,12,12,12
210213,1,1,1990,0,0,0,0,0,0,0,0,0,0
210214,1,1,1990,20,20,20,20,20,20,20,20,20,20
210214,2,1,1990,0,0,0,0,0,0,0,0,0,0
210214,3,1,1990,0,0,0,0,0,0,0,8,0,0
210214,4,1,1990,0,0,0,0,0,0,0,0,0,0
210215,1,1,1990,2,2,2,2,2,2,2,2,2,2
210216,1,1,1990,0,0,0,0,0,0,0,0,0,0
210217,0,1,1990,0,0,0,0,0,0,0,0,0,0
210217,1,1,1990,0,0,0,0,0,0,0,0,0,0
210218,1,1,1990,0,16,0,0,0,0,0,0,17,0
210218,2,1,1990,0,0,0,0,0,0,0,0,0,0
210219,1,1,1990,0,8,14,0,0,0,0,0,0,0
210219,2,1,1990,0,0,0,0,0,0,0,0,0,0
210220,0,1,1990,20,15,29,21,30,46,42,16,28,21
210220,1,1,1990,0,0,0,0,0,0,0,0,0,0
210221,1,1,1990,18,18,18,18,18,18,18,18,18,18
210222,1,1,1990,0,0,0,0,0,0,0,0,0,0
210223,1,1,1990,0,0,0,0,0,0,0,0,0,0
210223,2,1,1990,0,0,0,0,0,0,0,0,0,0
210224,0,1,1990,0,0,0,0,0,0,0,0,0,0
210224,1,1,1990,0,0,0,0,0,0,0,0,0,0
210225,1,1,1990,19,19,19,19,19,19,19,19,19,19
210226,1,1,1990,0,0,0,0,0,0,0,0,0,0
210227,1,1,1990,27,27,27,27,27,27,27,27,27,27
210227,2,1,1990,0,0,0,0,0,0,0,0,0,0
210228,1,1,1990,21,21,21,21,21,21,21,21,21,21
210229,1,1,1990,0,0,0,0,0,0,0,0,0,0
210229,2,1,1990,11,15,26,27,21,21,9,0,8,20
210230,1,1,1990,19,0,10,0,0,0,0,0,0,0
210231,1,1,1990,40,40,40,40,40,40,40,40,40,40
210232,1,1,1990,0,0,0,0,0,0,0,0,0,0
210233,1,1,1990,0,0,0,0,0,0,0,0,0,0
210234,1,1,1990,0,0,0,0,0,0,0,0,0,0
210234,2,1,1990,0,0,0,0,0,0,0,0,0,0
210236,1,1,1990,0,0,0,0,0,0,0,0,0,0
210236,2,1,1990,0,0,0,0,0,0,0,0,0,0
210237,1,1,1990,0,0,0,0,0,0,0,0,0,0
210239,1,1,1990,0,0,0,0,0,0,0,0,0,0
210239,2,1,1990,10,7,0,0,0,21,21,5,0,0
210239,3,1,1990,0,0,0,0,0,0,0,0,0,0
210239,3,5,1990,40,19,0,0,0,0,13,27,0,0
210240,1,1,1990,0,0,0,0,0,0,0,0,0,0
210240,2,1,1990,20,0,0,0,0,0,0,0,0,0
210241,1,1,1990,0,0,0,10,0,0,0,0,0,0
210242,1,1,1990,0,0,0,0,0,0,0,0,0,0
210243,0,1,1990,0,0,0,0,0,0,0,0,0,0
210243,1,1,1990,0,0,0,0,0,0,0,0,0,0
210244,1,1,1990,0,0,0,0,0,0,0,0,0,0
210244,2,1,1990,0,0,0,0,0,0,0,0,0,0
210245,0,1,1990,24,24,24,24,24,24,24,24,24,24
210245,1,1,1990,6,12,0,0,0,3,5,0,29,19
210246,1,1,1990,0,0,0,0,0,0,0,0,0,0
210247,1,1,1990,0,0,0,0,0,0,0,0,0,0
210248,1,1,1990,0,0,0,0,0,0,0,0,0,0
210248,2,1,1990,6,0,0,0,0,0,0,0,14,0
210249,1,1,1990,0,0,0,0,0,0,0,0,0,0
210249,2,1,1990,0,0,0,0,0,0,0,0,0,0
210250,1,1,1990,0,0,0,0,0,0,0,0,0,0
210250,2,1,1990,0,0,0,0,0,0,0,0,0,0
210251,1,1,1990,0,0,0,0,0,0,0,0,0,0
210252,1,1,1990,11,22,13,0,18,14,5,17,9,12
210252,2,1,1990,0,24,0,0,0,0,0,0,5,0
210253,0,1,1990,0,0,0,0,0,0,0,0,0,0
210253,1,1,1990,0,0,0,0,0,0,0,0,0,0
210254,1,1,1990,36,36,36,36,36,36,36,36,36,36
210254,2,1,1990,0,0,0,0,0,0,0,0,0,0
210255,1,1,1990,0,0,0,0,0,0,0,0,0,0
210256,1,1,1990,2,20,15,31,9,15,27,23,12,26
210257,1,1,1990,0,0,0,0,0,0,0,0,0,0
210257,2,1,1990,0,0,0,0,0,0,0,0,0,0
210258,1,1,1990,0,0,0,0,0,0,0,0,0,0
210259,1,1,1990,12,12,12,12,12,12,12,12,12,12
210260,1,1,1990,0,0,0,0,0,0,0,0,0,0
210260,2,1,1990,0,0,0,0,0,0,0,0,0,0
210261,1,1,1990,9,9,9,9,9,9,9,9,9,9