ST_CASE,VEH_NO,PER_NO,YEAR,P1,P2,P3,P4,P5,P6,P7,P8,P9,P10
220659,1,1,1990,0,0,0,0,0,0,0,0,0,0
220660,1,1,1990,10,10,10,10,10,10,10,10,10,10
220661,1,1,1990,30,30,30,30,30,30,30,30,30,30
220662,1,1,1990,0,0,0,0,13,0,0,13,17,0
220663,0,1,1990,0,0,0,0,0,0,0,0,0,0
220663,1,1,1990,16,16,16,16,16,16,16,16,16,16
220664,0,1,1990,0,0,0,0,0,0,0,0,0,0
220664,1,1,1990,0,0,0,0,0,0,0,0,0,0
220665,1,1,1990,0,0,0,0,0,0,0,0,0,0
220666,1,1,1990,0,0,0,0,0,21,0,20,22,0
220666,2,1,1990,0,0,0,0,0,0,0,0,0,0
220668,1,1,1990,9,9,9,9,9,9,9,9,9,9
220668,2,1,1990,0,0,0,0,0,0,0,0,0,0
220669,1,1,1990,16,16,16,16,16,16,16,16,16,16
220670,1,1,1990,0,0,0,0,0,0,0,0,0,0
220670,2,1,1990,0,0,0,0,0,0,0,0,0,0
220671,0,1,1990,0,0,0,0,0,0,0,0,0,0
220671,1,1,1990,0,0,0,0,0,0,0,0,0,0
220672,1,1,1990,0,0,0,0,0,0,0,0,0,0
220673,1,1,1990,0,0,0,0,12,0,0,0,0,6
220674,1,1,1990,20,20,20,20,20,20,20,20,20,20
220675,1,1,1990,0,0,11,23,0,0,9,0,0,0
220675,2,1,1990,0,0,0,0,20,0,0,0,0,0
220675,3,1,1990,0,0,0,0,0,0,0,0,0,0
220676,1,1,1990,17,17,17,17,17,17,17,17,17,17
220677,1,1,1990,17,3,18,10,0,0,26,8,17,14
220678,0,1,1990,4,0,0,0,0,0,11,18,21,18
220678,1,1,1990,0,0,0,0,0,0,0,0,0,0
220679,1,1,1990,21,21,21,21,21,21,21,21,21,21
220679,2,1,1990,0,0,0,0,0,0,0,0,0,0
220680,1,1,1990,15,15,15,15,15,15,15,15,15,15
220681,0,1,1990,0,0,7,15,10,7,18,9,17,11
220681,1,1,1990,0,0,0,0,0,0,0,0,0,0
220682,1,1,1990,12,26,28,11,28,16,23,15,29,16
220683,1,1,1990,19,19,19,19,19,19,19,19,19,19
220684,1,1,1990,16,19,0,0,10,0,9,19,0,28
220684,2,1,1990,0,0,0,0,0,0,0,0,0,0
220684,3,1,1990,0,0,0,0,0,0,0,0,0,0
220685,1,1,1990,4,0,0,8,0,5,14,10,0,0
220685,2,1,1990,0,0,0,0,0,0,0,0,0,0
220686,1,1,1990,7,7,7,7,7,7,7,7,7,7
220687,1,1,1990,0,0,0,0,0,0,0,0,0,0
220688,1,1,1990,0,24,0,0,0,10,0,12,18,19
220688,2,1,1990,0,0,0,0,0,0,0,0,0,0
220689,1,1,1990,7,7,7,7,7,7,7,7,7,7
220690,0,1,1990,0,0,0,0,0,0,0,0,0,0
220690,1,1,1990,1,1,1,1,1,1,1,1,1,1
220691,1,1,1990,0,0,0,0,0,0,0,0,0,0
220691,2,1,1990,0,0,0,0,0,0,0,0,0,0
220692,1,1,1990,0,0,0,0,0,0,0,0,0,0
220692,2,1,1990,0,0,0,0,0,0,0,0,0,0
220693,1,1,1990,20,20,20,20,20,20,20,20,20,20
220694,1,1,1990,0,0,0,10,21,0,0,0,0,0
220695,1,1,1990,0,0,0,0,0,0,0,0,0,0
220695,2,1,1990,0,0,0,0,0,0,0,0,0,0
220696,1,1,1990,0,0,0,0,0,0,0,0,0,0
220696,2,1,1990,26,0,0,0,0,0,0,0,0,0
220697,1,1,1990,29,29,29,29,29,29,29,29,29,29
220697,2,1,1990,0,0,0,0,0,0,0,0,0,0
220698,1,1,1990,26,26,26,26,26,26,26,26,26,26
220698,2,1,1990,14,14,14,14,14,14,14,14,14,14
220699,1,1,1990,0,24,0,6,12,0,5,9,0,0
220699,2,1,1990,0,0,0,0,0,0,0,0,0,0
220700,1,1,1990,11,14,26,28,11,10,23,8,16,24
220701,1,1,1990,11,11,11,11,11,11,11,11,11,11
220701,2,1,1990,0,0,0,0,0,0,0,0,0,0
220702,1,1,1990,11,11,11,11,11,11,11,11,11,11
220703,1,1,1990,0,0,0,0,8,0,15,0,0,0
220703,2,1,1990,0,0,0,0,0,10,0,0,0,0
220703,3,1,1990,0,0,0,0,0,0,0,0,0,0
220704,1,1,1990,25,0,10,17,19,7,23,26,26,25
220705,1,1,1990,0,0,0,14,0,0,0,0,0,0
220706,1,1,1990,0,0,16,0,0,0,33,0,0,0
220706,2,1,1990,0,0,0,0,0,0,0,0,0,0
220706,3,1,1990,10,0,0,0,0,0,0,0,0,0
220707,1,1,1990,0,0,0,0,0,0,0,0,0,0
220707,2,1,1990,12,12,12,12,12,12,12,12,12,12
220708,1,1,1990,15,15,15,15,15,15,15,15,15,15
220709,1,1,1990,24,31,14,35,22,18,21,18,25,21
220710,1,1,1990,41,41,41,41,41,41,41,41,41,41
220710,2,1,1990,0,0,0,0,0,0,0,0,0,0
220711,1,1,1990,0,0,0,0,0,0,0,0,0,0
220711,2,1,1990,0,0,0,0,0,0,0,0,0,0
220712,1,1,1990,28,28,28,28,28,28,28,28,28,28
220713,1,1,1990,23,23,23,23,23,23,23,23,23,23
220714,1,1,1990,0,0,0,0,0,0,0,0,0,0
220714,2,1,1990,0,0,0,0,0,0,0,0,0,0
220715,1,1,1990,19,19,19,19,19,19,19,19,19,19
220715,2,1,1990,0,0,0,0,0,0,18,0,0,0
220716,1,1,1990,9,9,9,9,9,9,9,9,9,9
220716,2,1,1990,0,0,0,0,0,0,0,0,0,0
220717,1,1,1990,21,21,21,21,21,21,21,21,21,21
220717,2,1,1990,10,10,10,10,10,10,10,10,10,10
220718,1,1,1990,21,18,23,17,19,24,19,15,22,20
220719,1,1,1990,13,13,13,13,13,13,13,13,13,13
220719,2,1,1990,0,12,19,14,0,0,0,0,0,0
220720,1,1,1990,17,17,17,17,17,17,17,17,17,17
220721,1,1,1990,11,11,11,11,11,11,11,11,11,11
220722,1,1,1990,0,0,0,0,0,0,17,0,0,0
220722,2,1,1990,0,0,0,0,0,0,0,0,0,0
220723,1,1,1990,0,0,0,0,0,0,0,0,0,0
220724,1,1,1990,3,3,3,3,3,3,3,3,3,3
220725,1,1,1990,0,0,0,0,0,0,0,0,0,0
220725,2,1,1990,24,41,28,11,21,26,19,19,19,20
220726,1,1,1990,0,0,0,0,0,0,0,0,0,0
220726,2,1,1990,0,0,0,0,0,0,0,0,0,0
220727,1,1,1990,0,0,0,0,0,0,0,0,0,0
220727,2,1,1990,0,0,0,0,0,0,0,0,0,0
220728,1,1,1990,0,0,0,0,0,0,0,0,0,0
220728,2,1,1990,0,0,0,0,0,0,0,0,0,0
220729,1,1,1990,0,0,0,0,0,0,0,0,0,0
220730,1,1,1990,0,0,22,15,45,10,0,33,11,0
220730,2,1,1990,0,0,0,0,0,0,0,0,0,0
220731,1,1,1990,0,0,0,27,14,0,20,17,0,0
220731,2,1,1990,0,0,0,0,0,0,0,0,0,0
220731,3,1,1990,0,0,0,0,0,0,0,0,0,0
220732,1,1,1990,3,14,8,0,0,0,8,13,7,5
220733,1,1,1990,0,0,0,8,27,16,0,16,4,12
220733,2,1,1990,11,11,11,11,11,11,11,11,11,11
220734,1,1,1990,8,8,8,8,8,8,8,8,8,8
220735,1,1,1990,37,37,37,37,37,37,37,37,37,37
220735,2,1,1990,0,0,0,0,0,0,0,0,0,0
220736,1,1,1990,12,12,12,12,12,12,12,12,12,12
220737,1,1,1990,0,0,0,0,0,0,0,0,0,0
220738,1,1,1990,0,0,0,0,0,0,0,0,0,0
220738,2,1,1990,0,0,0,0,0,0,0,0,0,0
220739,1,1,1990,22,22,22,22,22,22,22,22,22,22
220740,1,1,1990,0,0,0,0,0,0,0,0,0,0
220740,2,1,1990,0,0,0,0,0,0,0,0,0,0
220741,1,1,1990,0,0,0,0,0,0,0,0,0,0
220741,2,1,1990,0,0,0,0,14,17,13,0,11,0
220743,1,1,1990,0,0,0,0,0,0,0,0,0,0
220743,2,1,1990,0,0,0,0,0,0,0,0,0,0
220744,1,1,1990,0,0,13,23,0,10,0,13,8,0
220745,1,1,1990,4,4,4,4,4,4,4,4,4,4
220746,1,1,1990,23,23,23,23,23,23,23,23,23,23
220747,1,1,1990,0,0,0,18,0,0,0,15,0,7
220748,0,1,1990,28,0,0,50,5,13,0,0,3,10
220748,1,1,1990,28,14,15,14,17,32,16,28,32,22
220749,1,1,1990,0,0,22,0,24,0,0,0,0,0
220750,0,1,1990,20,20,20,20,20,20,20,20,20,20
220750,1,1,1990,0,0,0,0,0,0,0,0,0,0
220751,1,1,1990,0,0,0,0,0,0,0,0,0,0
220751,2,1,1990,0,0,0,0,0,0,0,0,0,0
220751,3,1,1990,0,0,0,0,0,0,0,0,0,0
220752,1,1,1990,0,0,0,0,0,0,0,0,0,0
220753,1,1,1990,22,22,22,22,22,22,22,22,22,22
220754,0,1,1990,0,18,13,18,12,17,16,14,17,14
220754,1,1,1990,12,0,0,0,0,0,0,0,0,0
220755,0,1,1990,5,12,14,22,0,11,24,24,13,39
220755,1,1,1990,9,0,0,0,0,0,0,30,0,0
220756,1,1,1990,0,0,0,0,0,0,0,0,0,0
220756,2,1,1990,0,0,0,0,0,0,0,0,0,0
220756,3,1,1990,0,0,0,0,0,0,0,0,0,0
220757,1,1,1990,21,0,15,41,0,2,17,27,0,11
220758,1,1,1990,0,0,0,0,0,0,0,0,0,0
220759,1,1,1990,18,18,18,18,18,18,18,18,18,18
220760,1,1,1990,0,0,0,0,0,0,0,0,0,0
220760,2,1,1990,0,0,18,9,0,30,17,0,17,0
220761,0,1,1990,27,0,14,31,21,39,16,4,51,19
220761,1,1,1990,12,12,12,12,12,12,12,12,12,12
220762,1,1,1990,24,24,24,24,24,24,24,24,24,24
220763,1,1,1990,9,15,12,24,19,10,14,18,12,12
220764,1,1,1990,0,0,28,23,0,0,0,0,0,0
220765,0,1,1990,26,26,26,26,26,26,26,26,26,26
220765,1,1,1990,0,0,0,0,0,0,0,0,0,0
220766,1,1,1990,11,27,15,29,17,4,4,6,5,22
220766,2,1,1990,0,0,0,0,0,0,0,0,0,0
220767,1,1,1990,0,4,14,3,0,0,0,0,0,10
220767,2,1,1990,9,9,9,9,9,9,9,9,9,9
220768,1,1,1990,27,27,27,27,27,27,27,27,27,27
220769,0,1,1990,0,0,0,0,0,0,0,0,0,0
220769,1,1,1990,0,0,0,0,24,0,0,0,0,0
220770,1,1,1990,0,0,0,0,0,0,0,0,0,0
220770,2,1,1990,0,0,0,0,0,0,0,0,0,0
220771,1,1,1990,25,14,9,11,30,21,15,17,22,20
220771,2,1,1990,14,13,7,17,10,24,0,11,9,23
220772,0,1,1990,0,0,0,0,0,0,0,0,0,0
220772,1,1,1990,0,0,0,0,0,0,0,0,0,0
220773,0,1,1990,0,0,0,0,0,20,0,0,0,0
220773,1,1,1990,0,0,0,0,0,0,0,0,22,10
220774,1,1,1990,0,0,0,0,0,0,0,0,0,0
220775,0,1,1990,9,0,0,0,0,0,0,0,0,0
220775,1,1,1990,0,0,0,0,0,0,0,0,0,0
220777,0,1,1990,0,13,0,0,0,0,0,0,0,0
220777,1,1,1990,25,25,25,25,25,25,25,25,25,25
220778,1,1,1990,0,0,0,0,0,0,0,0,0,0
220778,2,1,1990,0,0,0,0,0,0,0,0,0,0
220779,0,1,1990,24,30,3,35,29,18,25,21,10,37
220779,1,1,1990,8,0,0,0,0,0,0,0,0,0
220780,0,1,1990,0,0,0,0,0,0,0,0,0,0
220780,1,1,1990,0,0,0,0,0,0,0,6,0,0
220781,1,1,1990,0,6,8,12,3,17,21,33,22,13
220782,1,1,1990,0,0,0,0,12,0,0,0,0,0
220782,2,1,1990,0,0,0,0,0,0,0,0,0,0
220783,1,1,1990,5,0,0,0,0,8,0,0,0,0
220784,0,1,1990,20,20,20,20,20,20,20,20,20,20
220784,1,1,1990,0,0,0,0,0,0,0,0,0,0
220785,0,1,1990,0,0,0,0,0,0,0,0,0,0
220785,1,1,1990,0,0,0,0,0,0,0,0,0,0
220786,0,1,1990,0,0,0,0,0,0,0,0,0,0
220786,1,1,1990,0,0,0,0,0,0,0,0,0,0
220787,1,1,1990,15,15,15,15,15,15,15,15,15,15
220788,1,1,1990,0,0,0,0,0,0,0,0,0,0
220788,2,1,1990,9,0,0,0,0,0,0,0,0,0
220789,1,1,1990,0,0,0,0,0,0,0,0,0,0
220789,2,1,1990,0,0,0,0,0,0,0,0,0,0
220790,1,1,1990,23,23,23,23,23,23,23,23,23,23
220791,1,1,1990,0,0,0,0,0,0,0,0,0,0
220792,0,1,1990,7,7,7,7,7,7,7,7,7,7
220792,0,2,1990,0,0,0,0,0,0,0,0,0,0
220792,1,1,1990,0,0,0,0,0,0,0,0,0,0
220793,1,1,1990,0,0,0,0,0,0,0,0,0,0
220793,2,1,1990,0,0,0,0,0,0,0,0,0,0
220794,0,1,1990,0,0,0,0,0,0,0,0,0,14
220794,0,2,1990,0,0,0,13,0,0,25,0,0,0
220794,1,1,1990,0,0,0,0,0,0,0,0,0,0
220795,0,1,1990,20,20,20,20,20,20,20,20,20,20
220795,1,1,1990,0,0,0,0,0,0,31,0,0,19
220796,1,1,1990,15,0,0,0,0,0,0,0,0,0
220797,1,1,1990,16,16,16,16,16,16,16,16,16,16
220797,2,1,1990,0,0,0,0,0,0,0,0,0,0
220798,0,1,1990,13,13,13,13,13,13,13,13,13,13
220798,1,1,1990,0,0,0,0,0,0,0,0,0,0
220799,0,1,1990,0,0,0,0,0,0,0,0,0,0
220799,1,1,1990,0,0,0,0,0,0,0,0,0,0
220800,1,1,1990,13,13,13,13,13,13,13,13,13,13
220801,1,1,1990,26,26,26,26,26,26,26,26,26,26
220802,0,1,1990,10,10,10,10,10,10,10,10,10,10
220802,1,1,1990,4,4,4,4,4,4,4,4,4,4
220803,1,1,1990,0,0,0,0,0,15,0,0,0,0
220803,2,1,1990,0,0,0,0,0,0,0,0,0,0
220804,1,1,1990,0,0,0,0,0,0,0,0,0,0
220804,2,1,1990,0,0,0,0,21,0,0,0,0,0
220805,1,1,1990,0,9,19,13,16,24,23,20,5,7
220806,1,1,1990,0,0,0,0,0,0,0,0,0,0
220806,2,1,1990,0,0,0,0,0,19,0,0,0,0
220807,1,1,1990,0,0,0,0,0,0,0,0,0,0
220807,2,1,1990,0,0,0,0,0,0,0,0,0,0
220808,1,1,1990,0,0,0,0,0,0,0,0,0,10
220809,0,1,1990,9,0,16,0,0,0,0,0,22,0
220809,0,2,1990,0,0,0,0,0,0,0,0,0,0
220809,1,1,1990,0,0,0,0,0,0,0,0,0,0
220810,0,1,1990,19,12,9,0,0,23,37,0,0,0
220810,1,1,1990,0,0,0,0,15,21,0,0,0,0
220811,0,1,1990,6,0,16,0,9,35,28,9,14,0
220811,1,1,1990,0,0,0,0,0,0,0,0,0,0
220812,1,1,1990,0,0,0,0,0,0,0,0,0,0
220812,2,1,1990,0,0,0,0,0,0,0,0,0,0
220813,1,1,1990,0,0,0,0,0,0,0,0,0,0
220813,2,1,1990,0,0,0,0,0,0,0,0,0,0
220813,3,1,1990,0,0,0,0,0,10,0,0,0,0
220814,1,1,1990,0,0,0,0,0,0,0,10,0,0
220815,1,1,1990,0,0,21,11,0,28,0,33,19,5
220816,1,1,1990,0,0,0,0,0,0,0,0,0,0
220816,2,1,1990,0,0,0,0,0,24,0,0,0,0
220817,1,1,1990,19,22,14,27,21,13,12,14,0,20
220818,0,1,1990,0,0,0,0,0,11,0,0,0,0
220818,1,1,1990,0,0,0,0,0,0,0,0,0,0
220820,0,1,1990,0,37,22,0,14,0,2,17,21,20
220820,1,1,1990,0,0,0,0,0,0,0,0,0,0
220821,1,1,1990,0,7,12,0,0,0,0,0,0,0
220822,1,1,1990,0,0,28,5,0,0,17,0,0,0
220822,2,1,1990,4,4,4,4,4,4,4,4,4,4
220823,1,1,1990,0,17,18,15,9,2,8,9,18,0
220824,1,1,1990,0,0,0,0,0,12,0,0,0,0
220824,2,1,1990,0,0,0,0,0,0,0,0,0,21
220825,1,1,1990,0,0,0,0,0,0,0,0,0,0
220825,2,1,1990,0,0,0,0,0,0,0,0,0,0
220826,1,1,1990,0,0,0,0,0,0,0,0,0,0
220826,2,1,1990,0,0,0,0,0,0,0,0,0,0
220827,1,1,1990,0,0,0,0,0,17,0,0,0,0
220827,2,1,1990,0,0,0,0,0,0,0,0,0,0
220829,0,1,1990,17,29,13,27,26,24,23,21,15,11
220829,1,1,1990,0,0,0,0,0,0,0,0,0,0
220830,1,1,1990,0,0,0,0,0,0,0,12,0,0
220830,2,1,1990,0,0,0,0,0,0,0,0,0,0
220831,0,1,1990,13,13,13,13,13,13,13,13,13,13
220831,0,2,1990,17,26,0,22,0,16,12,21,24,22
220831,0,3,1990,31,15,0,10,43,0,10,15,31,19
220831,1,1,1990,6,6,6,6,6,6,6,6,6,6
220832,0,1,1990,0,0,10,13,0,0,23,11,0,13
220832,1,1,1990,22,22,22,22,22,22,22,22,22,22
220833,1,1,1990,0,0,0,0,0,0,0,0,0,0
220833,2,1,1990,13,14,21,16,27,26,16,15,15,30
220834,1,1,1990,16,16,16,16,16,16,16,16,16,16
220835,1,1,1990,0,0,0,14,0,0,0,0,0,0
220835,2,1,1990,0,0,0,0,0,11,0,0,0,0
220836,1,1,1990,14,14,14,14,14,14,14,14,14,14
220836,2,1,1990,0,0,0,0,0,0,0,0,0,0
220837,1,1,1990,13,13,13,13,13,13,13,13,13,13
220838,0,1,1990,24,24,24,24,24,24,24,24,24,24
220838,1,1,1990,26,0,0,0,18,0,0,35,10,0
220840,0,1,1990,20,0,0,23,0,0,8,0,4,19
220840,1,1,1990,0,0,0,0,0,0,0,0,0,0
220842,1,1,1990,0,0,0,0,0,0,0,0,0,0
220842,2,1,1990,0,6,0,0,0,0,0,0,0,0
220844,1,1,1990,0,0,0,0,0,0,0,0,17,0
220844,2,1,1990,0,0,0,0,0,0,0,0,0,0
220845,1,1,1990,22,22,22,22,22,22,22,22,22,22
220846,0,1,1990,0,0,0,0,16,0,0,0,0,0
220846,1,1,1990,28,28,28,28,28,28,28,28,28,28
220847,1,1,1990,11,0,19,17,0,27,2,18,16,13
220848,0,1,1990,0,0,12,0,0,0,0,0,0,0
220848,1,1,1990,0,2,0,0,0,0,0,0,0,0
220849,0,1,1990,0,27,13,27,21,25,24,0,11,30
220849,1,1,1990,16,0,0,0,20,0,0,0,0,7
220850,0,1,1990,0,0,0,0,0,0,0,0,0,0
220850,1,1,1990,12,12,18,0,0,13,0,9,0,5
220852,0,1,1990,0,0,0,0,0,0,0,0,0,17
220852,1,1,1990,0,0,0,0,0,0,0,0,0,0
220853,0,1,1990,0,0,0,0,0,0,0,0,0,0
230001,0,1,1990,0,0,0,0,0,0,0,0,0,0
230001,1,1,1990,0,0,0,0,0,0,0,0,20,0
230002,1,1,1990,0,0,0,0,0,0,0,0,0,0
230003,1,1,1990,0,0,0,0,0,0,0,0,0,0
230003,2,1,1990,0,0,13,0,0,0,0,0,0,0
230004,1,1,1990,0,0,0,0,0,0,0,0,0,0
230004,2,1,1990,12,12,12,12,12,12,12,12,12,12
230004,3,1,1990,0,0,0,0,0,0,0,0,0,0
230004,4,1,1990,0,0,0,0,0,0,0,0,0,0
230005,1,1,1990,0,0,0,0,0,0,0,0,0,0
230005,2,1,1990,2,2,2,2,2,2,2,2,2,2
230006,1,1,1990,17,17,17,17,17,17,17,17,17,17
230007,1,1,1990,0,0,0,0,0,0,0,0,0,0
230007,2,1,1990,0,0,0,0,0,0,0,0,0,0
230008,0,1,1990,0,0,0,0,0,0,0,0,0,0
230008,1,1,1990,0,0,0,0,0,0,8,0,0,0
230010,1,1,1990,0,0,0,0,0,0,0,0,0,0
230010,2,1,1990,0,0,0,0,0,0,0,0,0,0
230010,3,1,1990,0,0,0,0,0,0,0,0,0,0
230011,0,1,1990,0,0,0,0,0,0,0,0,0,0
230011,0,2,1990,0,2,0,0,11,37,0,29,0,0
230011,1,1,1990,20,20,20,20,20,20,20,20,20,20
230012,1,1,1990,0,0,0,0,0,0,0,0,0,0
230012,2,1,1990,0,0,0,0,0,0,0,0,0,0
230013,1,1,1990,0,0,0,0,0,0,0,0,0,0
230013,2,1,1990,0,0,0,0,0,0,0,0,0,0
230014,1,1,1990,7,7,7,7,7,7,7,7,7,7
230015,1,1,1990,0,0,0,0,0,0,0,0,0,0
230015,2,1,1990,0,0,0,0,0,0,0,0,0,0
230016,0,1,1990,0,0,0,0,0,0,0,0,0,0
230016,1,1,1990,0,0,0,0,0,0,0,0,0,0
230017,1,1,1990,0,0,0,0,0,0,0,0,0,0
230017,2,1,1990,0,0,0,0,0,0,0,0,0,0
230018,1,1,1990,0,0,0,0,0,0,0,0,0,0
230018,2,1,1990,0,0,0,0,0,0,0,0,0,0
230018,3,1,1990,0,0,0,0,0,0,0,0,0,0
230019,0,1,1990,0,0,0,0,0,0,0,0,0,8
230019,1,1,1990,0,0,0,0,0,0,0,0,0,0
230020,1,1,1990,13,13,13,13,13,13,13,13,13,13
230021,1,1,1990,17,17,17,17,17,17,17,17,17,17
230022,1,1,1990,0,0,0,0,0,0,0,0,0,0
230022,2,1,1990,0,0,0,0,0,0,0,0,0,0
230023,1,1,1990,0,0,0,0,0,0,0,0,0,0
230023,2,1,1990,0,0,0,0,0,0,0,0,0,0
230024,0,1,1990,0,0,0,0,0,0,0,0,0,0
230024,1,1,1990,0,0,0,0,0,0,0,0,0,0
230025,1,1,1990,7,0,0,0,0,0,0,0,0,0
230025,2,1,1990,0,0,0,0,0,0,0,0,0,0
230026,1,1,1990,0,0,0,0,0,0,0,0,0,0
230026,2,1,1990,0,0,0,0,0,0,0,0,0,0
230027,1,1,1990,0,0,0,0,0,0,0,0,0,0
230028,1,1,1990,0,0,0,0,0,0,0,0,0,0
230029,1,1,1990,0,0,0,0,0,0,0,0,0,0
230030,1,1,1990,7,7,7,7,7,7,7,7,7,7
230031,1,1,1990,0,0,0,0,0,0,0,0,0,0
230031,2,1,1990,0,0,0,0,0,0,0,0,0,0
230032,1,1,1990,13,13,13,13,13,13,13,13,13,13
230033,1,1,1990,18,18,18,18,18,18,18,18,18,18
230033,2,1,1990,0,0,0,0,0,0,0,0,0,0
230034,1,1,1990,16,16,16,16,16,16,16,16,16,16
230035,1,1,1990,14,14,14,14,14,14,14,14,14,14
230036,1,1,1990,0,0,0,0,0,0,7,0,0,0
230037,1,1,1990,0,0,0,0,0,0,0,0,0,0
230037,2,1,1990,1,1,1,1,1,1,1,1,1,1
230038,1,1,1990,0,0,0,0,0,0,0,0,0,0
230038,2,1,1990,28,28,28,28,28,28,28,28,28,28
230039,1,1,1990,0,0,0,0,0,0,0,0,0,0
230039,2,1,1990,0,0,0,0,0,0,0,0,0,0
230040,1,1,1990,0,0,0,0,0,0,0,0,0,0
230040,2,1,1990,0,0,0,7,0,0,0,0,0,0
230041,1,1,1990,4,4,4,4,4,4,4,4,4,4
230041,2,1,1990,0,0,0,0,0,0,0,0,0,0
230042,1,1,1990,14,14,14,14,14,14,14,14,14,14
230043,1,1,1990,21,21,21,21,21,21,21,21,21,21
230044,1,1,1990,0,0,0,0,0,0,0,0,0,0
230045,1,1,1990,0,0,0,0,0,0,0,0,0,0
230045,2,1,1990,0,0,0,0,0,0,0,0,0,0
230046,1,1,1990,10,10,10,10,10,10,10,10,10,10
230047,1,1,1990,14,14,14,14,14,14,14,14,14,14
230048,1,1,1990,16,14,22,9,0,10,0,11,11,22
230048,2,1,1990,14,10,22,9,5,15,25,20,18,0
230050,1,1,1990,22,22,22,22,22,22,22,22,22,22
230051,1,1,1990,0,0,0,0,0,0,0,0,0,0
230052,1,1,1990,0,0,0,0,0,0,0,0,0,0
230053,1,1,1990,0,0,0,0,0,0,0,0,0,0
230053,2,1,1990,0,0,0,0,0,0,0,0,0,0
230055,1,1,1990,12,12,12,12,12,12,12,12,12,12
230056,1,1,1990,0,0,8,0,0,0,0,0,0,0
230056,2,1,1990,0,0,17,0,14,0,0,0,28,0
230057,1,1,1990,19,11,19,28,17,26,17,11,0,16
230058,0,1,1990,16,12,10,24,26,47,17,26,30,4
230058,1,1,1990,1,1,1,1,1,1,1,1,1,1
230059,1,1,1990,15,15,15,15,15,15,15,15,15,15
230059,2,1,1990,0,0,0,0,0,0,0,0,0,0
230060,1,1,1990,10,4,8,0,17,11,16,0,14,11
230060,2,1,1990,0,0,0,0,0,0,0,0,0,0
230060,3,1,1990,0,0,0,0,0,0,0,0,0,0
230061,1,1,1990,0,0,0,0,0,0,0,0,0,0
230061,2,1,1990,0,0,5,0,0,0,0,0,0,0
230062,0,1,1990,5,0,0,0,0,0,0,0,0,0
230062,1,1,1990,0,0,0,0,0,0,0,0,0,0
230063,1,1,1990,19,19,19,19,19,19,19,19,19,19
230064,1,1,1990,7,7,7,7,7,7,7,7,7,7
230065,1,1,1990,0,0,0,0,0,0,0,0,0,0
230066,1,1,1990,17,17,17,17,17,17,17,17,17,17
230066,2,1,1990,0,12,32,24,15,14,0,34,23,30
230067,1,1,1990,18,18,18,18,18,18,18,18,18,18
230068,1,1,1990,0,0,0,0,0,0,0,0,0,0
230068,2,1,1990,0,0,0,0,0,0,0,0,0,0
230069,1,1,1990,0,0,0,0,0,0,0,0,0,0
230069,2,1,1990,0,0,15,0,0,0,0,0,0,0
230070,1,1,1990,23,23,23,23,23,23,23,23,23,23
230071,1,1,1990,12,12,12,12,12,12,12,12,12,12
230072,1,1,1990,4,4,4,4,4,4,4,4,4,4
230072,2,1,1990,0,0,0,0,0,0,0,18,0,0
230073,1,1,1990,8,8,8,8,8,8,8,8,8,8
230074,1,1,1990,0,0,0,0,0,0,0,0,0,0
230074,2,1,1990,0,0,0,0,0,0,0,0,0,0
230075,1,1,1990,0,0,0,0,0,0,0,0,0,0
230075,2,1,1990,0,0,0,0,0,0,0,0,0,0
230076,1,1,1990,18,18,18,18,18,18,18,18,18,18
230077,0,1,1990,0,0,0,0,0,0,0,0,0,14
230077,1,1,1990,0,0,0,0,0,0,0,0,0,0
230078,1,1,1990,13,13,13,13,13,13,13,13,13,13
230079,1,1,1990,0,0,0,0,0,0,0,0,0,0
230080,1,1,1990,0,0,0,0,0,0,0,0,0,0
230082,1,1,1990,0,0,0,0,0,0,0,0,0,0
230082,2,1,1990,0,0,0,0,0,0,0,0,0,0
230083,1,1,1990,12,0,0,0,0,0,0,0,0,3
230084,1,1,1990,0,0,0,0,0,0,0,0,0,0
230085,1,1,1990,0,12,0,0,6,0,15,0,0,7
230086,1,1,1990,7,7,7,7,7,7,7,7,7,7
230087,0,1,1990,0,0,0,0,0,0,0,0,0,0
230087,1,1,1990,0,0,0,0,0,0,0,0,0,0
230088,1,1,1990,0,0,0,0,0,0,0,0,0,0
230089,1,1,1990,15,15,15,15,15,15,15,15,15,15
230090,1,1,1990,0,0,0,0,0,0,0,0,0,0
230090,2,1,1990,0,0,0,0,0,0,0,0,0,0
230091,1,1,1990,0,0,0,0,0,0,0,0,0,0
230091,2,1,1990,0,0,0,0,0,0,0,0,0,0
230092,1,1,1990,20,20,20,20,20,20,20,20,20,20
230093,1,1,1990,0,0,0,0,0,0,0,0,0,0
230093,2,1,1990,0,0,0,0,0,0,0,0,0,0
230094,1,1,1990,0,0,0,0,0,0,0,0,0,0
230094,2,1,1990,0,0,0,0,0,0,0,0,0,0
230095,1,1,1990,15,15,15,15,15,15,15,15,15,15