ST_CASE,VEH_NO,PER_NO,YEAR,P1,P2,P3,P4,P5,P6,P7,P8,P9,P10
230096,1,1,1990,6,6,6,6,6,6,6,6,6,6
230097,1,1,1990,0,0,0,0,0,0,0,0,0,0
230097,2,1,1990,0,0,0,0,0,0,0,0,0,0
230098,1,1,1990,0,0,0,0,0,0,0,0,0,0
230098,2,1,1990,0,0,0,0,0,0,0,0,0,0
230099,1,1,1990,8,8,8,8,8,8,8,8,8,8
230100,0,1,1990,0,0,0,0,0,0,0,0,0,0
230100,1,1,1990,0,23,15,22,6,0,0,0,12,27
230102,1,1,1990,19,19,19,19,19,19,19,19,19,19
230102,2,1,1990,0,0,0,0,0,0,0,0,0,0
230102,3,1,1990,0,0,0,0,0,0,0,0,0,0
230102,4,1,1990,0,0,0,0,0,0,0,0,0,0
230103,0,1,1990,0,0,0,0,0,0,0,0,0,0
230103,1,1,1990,0,0,0,0,0,0,0,0,0,0
230104,1,1,1990,0,0,0,0,0,0,0,0,0,0
230105,1,1,1990,0,0,0,0,0,0,0,0,0,0
230106,1,1,1990,4,4,4,4,4,4,4,4,4,4
230106,2,1,1990,0,0,0,0,0,0,0,0,0,0
230107,1,1,1990,0,0,0,0,0,0,0,0,0,0
230108,1,1,1990,0,0,0,0,0,0,0,0,0,0
230108,2,1,1990,16,16,16,16,16,16,16,16,16,16
230109,0,1,1990,0,20,0,0,0,0,22,0,0,0
230109,0,2,1990,0,0,0,0,0,0,0,0,0,0
230109,1,1,1990,0,0,0,0,0,0,0,0,0,0
230110,1,1,1990,13,13,13,13,13,13,13,13,13,13
230111,1,1,1990,0,0,0,0,0,0,0,0,0,0
230111,2,1,1990,0,0,0,0,0,0,0,0,0,0
230112,1,1,1990,0,0,0,0,0,0,0,0,0,0
230112,2,1,1990,0,0,0,0,0,0,0,0,0,0
230113,1,1,1990,12,12,12,12,12,12,12,12,12,12
230114,1,1,1990,0,0,0,0,0,0,0,0,0,0
230115,0,1,1990,0,0,0,0,0,0,0,0,0,0
230115,1,1,1990,0,0,0,0,0,19,0,0,0,0
230116,1,1,1990,19,19,19,19,19,19,19,19,19,19
230116,2,1,1990,0,0,0,0,0,0,0,0,0,0
230117,1,1,1990,12,12,12,12,12,12,12,12,12,12
230118,1,1,1990,14,14,14,14,14,14,14,14,14,14
230119,0,1,1990,0,0,0,0,0,0,0,0,0,0
230119,1,1,1990,0,0,0,0,0,0,0,0,0,0
230120,1,1,1990,22,22,22,22,22,22,22,22,22,22
230121,1,1,1990,0,0,0,0,0,0,0,0,0,0
230121,2,1,1990,0,0,0,0,0,0,0,0,0,0
230122,1,1,1990,11,11,11,11,11,11,11,11,11,11
230123,0,1,1990,29,29,29,29,29,29,29,29,29,29
230123,1,1,1990,2,2,2,2,2,2,2,2,2,2
230124,1,1,1990,0,0,0,0,0,0,0,0,0,0
230125,1,1,1990,31,31,31,31,31,31,31,31,31,31
230126,1,1,1990,0,0,0,0,0,0,0,0,0,0
230126,2,1,1990,0,0,0,0,0,0,0,0,0,0
230127,1,1,1990,22,22,22,22,22,22,22,22,22,22
230128,1,1,1990,0,0,0,0,0,0,0,0,0,0
230128,2,1,1990,0,0,0,0,0,0,0,0,0,0
230129,1,1,1990,9,9,9,9,9,9,9,9,9,9
230129,2,1,1990,0,0,0,0,0,0,0,0,0,0
230130,1,1,1990,0,0,0,0,0,0,0,0,0,0
230131,1,1,1990,0,0,0,0,0,0,0,0,0,0
230131,2,1,1990,0,0,0,0,0,0,0,0,0,0
230132,0,1,1990,0,0,0,0,0,0,0,0,0,0
230132,1,1,1990,0,0,0,0,0,0,0,0,0,0
230133,1,1,1990,22,22,22,22,22,22,22,22,22,22
230133,2,1,1990,0,0,0,0,0,0,0,0,0,0
230134,1,1,1990,0,0,0,0,0,0,0,0,0,0
230134,2,1,1990,0,0,0,0,0,0,0,0,0,0
230135,1,1,1990,21,21,21,21,21,21,21,21,21,21
230136,1,1,1990,29,29,29,29,29,29,29,29,29,29
230137,1,1,1990,26,0,13,0,0,13,0,0,0,9
230138,1,1,1990,0,0,0,0,0,0,0,0,0,0
230139,0,1,1990,0,0,0,0,0,0,0,0,0,0
230139,0,2,1990,0,0,0,0,0,0,0,0,0,0
230139,1,1,1990,0,0,0,0,0,0,0,0,0,0
230140,1,1,1990,0,0,0,0,0,0,0,0,0,0
230140,2,1,1990,14,14,14,14,14,14,14,14,14,14
230141,1,1,1990,7,7,7,7,7,7,7,7,7,7
230141,2,1,1990,0,0,0,0,0,0,0,0,0,0
230142,1,1,1990,14,14,14,14,14,14,14,14,14,14
230143,1,1,1990,8,8,8,8,8,8,8,8,8,8
230144,1,1,1990,0,0,0,0,0,0,0,0,0,0
230144,2,1,1990,21,21,21,21,21,21,21,21,21,21
230145,1,1,1990,0,0,0,0,0,0,0,0,0,0
230146,1,1,1990,0,0,0,0,0,0,0,0,0,0
230147,1,1,1990,9,9,9,9,9,9,9,9,9,9
230148,1,1,1990,16,16,16,16,16,16,16,16,16,16
230149,1,1,1990,0,0,0,0,0,0,0,0,0,0
230149,2,1,1990,0,0,0,0,0,0,0,0,0,0
230149,3,1,1990,0,0,0,0,0,0,0,0,0,0
230151,0,1,1990,0,0,0,0,0,0,0,0,0,0
230151,1,1,1990,0,0,0,0,0,0,0,0,0,0
230152,1,1,1990,0,0,0,0,0,0,0,0,0,0
230153,1,1,1990,0,0,0,0,0,0,0,0,0,0
230153,2,1,1990,0,0,0,0,0,0,0,0,0,0
230154,1,1,1990,25,25,25,25,25,25,25,25,25,25
230154,2,1,1990,0,0,0,0,0,0,0,0,0,0
230155,1,1,1990,10,10,10,10,10,10,10,10,10,10
230156,1,1,1990,35,35,35,35,35,35,35,35,35,35
230157,1,1,1990,0,0,0,0,0,0,0,0,0,0
230158,1,1,1990,0,0,0,0,0,0,0,0,0,0
230159,1,1,1990,0,0,0,0,0,0,0,0,0,0
230159,2,1,1990,0,0,0,0,0,0,0,0,0,0
230160,1,1,1990,0,0,0,0,0,0,0,0,0,0
230160,2,1,1990,0,0,0,0,0,0,0,0,0,0
230160,3,1,1990,0,0,0,0,0,0,0,0,0,0
230161,0,1,1990,0,0,0,0,0,0,0,0,0,0
230161,1,1,1990,0,0,0,0,0,0,0,0,0,0
230162,1,1,1990,0,0,0,0,0,0,0,0,0,0
230162,2,1,1990,0,0,0,0,0,0,0,0,0,0
230163,0,1,1990,0,0,0,14,0,0,0,0,0,0
230163,1,1,1990,0,0,0,0,0,0,0,0,0,0
230165,1,1,1990,0,0,11,0,0,0,0,0,0,0
230165,2,1,1990,0,0,0,0,0,0,0,0,0,0
230166,1,1,1990,0,0,0,0,0,0,0,0,0,0
230166,2,1,1990,0,0,0,0,0,0,0,0,0,0
230167,1,1,1990,0,0,0,0,0,0,0,0,0,0
230168,1,1,1990,11,11,11,11,11,11,11,11,11,11
230169,1,1,1990,0,0,0,0,0,0,0,0,0,0
230170,1,1,1990,0,0,0,0,0,0,0,0,0,0
230171,1,1,1990,0,0,0,0,0,0,0,0,0,0
230172,1,1,1990,0,0,0,0,0,0,0,0,0,0
230173,1,1,1990,0,0,0,0,0,0,0,0,0,0
230174,1,1,1990,1,1,1,1,1,1,1,1,1,1
230175,1,1,1990,0,0,0,0,0,0,0,0,0,0
230176,1,1,1990,0,0,0,0,0,0,0,0,0,0
230177,1,1,1990,16,16,16,16,16,16,16,16,16,16
230178,1,1,1990,21,21,21,21,21,21,21,21,21,21
230179,1,1,1990,1,1,1,1,1,1,1,1,1,1
230180,0,1,1990,0,0,0,0,0,0,0,0,0,0
230180,1,1,1990,0,0,0,0,0,0,0,0,0,0
230181,0,1,1990,0,0,0,0,0,0,0,0,0,0
230181,1,1,1990,0,0,0,0,0,0,0,0,0,0
230182,0,1,1990,23,23,23,23,23,23,23,23,23,23
230182,1,1,1990,0,0,0,0,0,0,0,0,0,0
230183,1,1,1990,24,24,24,24,24,24,24,24,24,24
230184,1,1,1990,3,3,3,3,3,3,3,3,3,3
230184,2,1,1990,0,0,0,0,0,0,0,0,0,0
230185,1,1,1990,0,0,0,0,0,0,0,0,0,0
230185,2,1,1990,0,0,0,0,0,0,0,0,0,0
230186,0,1,1990,0,0,0,0,0,0,0,0,0,0
230186,1,1,1990,0,0,0,0,0,0,0,0,0,0
230187,1,1,1990,0,0,0,0,11,0,0,0,0,0
230187,2,1,1990,0,0,0,0,0,0,0,0,0,0
230188,1,1,1990,21,21,21,21,21,21,21,21,21,21
230189,1,1,1990,0,0,0,0,0,0,0,0,0,0
230189,2,1,1990,7,7,7,7,7,7,7,7,7,7
230190,1,1,1990,0,0,0,0,0,0,0,0,0,0
230190,2,1,1990,0,0,0,0,0,0,0,0,0,0
230191,1,1,1990,20,20,20,20,20,20,20,20,20,20
230192,1,1,1990,16,16,16,16,16,16,16,16,16,16
230192,2,1,1990,23,23,23,23,23,23,23,23,23,23
230193,1,1,1990,0,0,0,0,0,0,0,0,0,0
230193,2,1,1990,0,0,0,0,0,0,0,0,0,0
230194,1,1,1990,14,14,14,14,14,14,14,14,14,14
230195,1,1,1990,0,0,0,0,0,0,0,0,0,0
230196,1,1,1990,17,17,17,17,17,17,17,17,17,17
230197,1,1,1990,7,7,7,7,7,7,7,7,7,7
230198,1,1,1990,0,0,0,0,0,0,0,0,0,0
230198,2,1,1990,0,0,0,0,0,0,0,0,0,0
230198,3,1,1990,0,0,0,0,0,0,0,0,0,0
230199,1,1,1990,0,0,0,0,0,0,0,0,0,0
230199,2,1,1990,0,0,4,0,0,0,0,0,0,0
230200,1,1,1990,16,16,16,16,16,16,16,16,16,16
230201,1,1,1990,0,0,0,0,0,0,0,0,0,0
230202,1,1,1990,0,0,0,0,0,0,0,0,0,0
230203,1,1,1990,0,0,0,0,0,0,0,0,0,0
240002,1,1,1990,0,0,0,0,0,0,0,0,0,0
240002,2,1,1990,0,0,0,0,0,0,0,0,0,0
240003,1,1,1990,0,0,0,0,0,0,0,0,0,0
240003,2,1,1990,0,0,0,0,0,0,0,0,12,0
240004,1,1,1990,0,0,0,0,0,0,0,0,0,0
240004,2,1,1990,0,0,0,0,0,0,0,0,0,0
240005,1,1,1990,0,0,0,0,0,0,0,0,0,0
240005,2,1,1990,0,0,0,0,0,0,0,0,0,0
240006,1,1,1990,18,18,18,18,18,18,18,18,18,18
240007,0,1,1990,17,17,17,17,17,17,17,17,17,17
240007,1,1,1990,0,0,0,0,0,0,0,0,0,0
240007,2,1,1990,0,0,0,0,0,0,0,0,0,0
240008,1,1,1990,0,0,0,0,0,0,0,0,0,0
240008,2,1,1990,0,0,0,12,0,25,0,0,0,0
240009,1,1,1990,0,0,0,0,0,0,0,0,0,0
240010,0,1,1990,20,20,20,20,20,20,20,20,20,20
240010,1,1,1990,0,0,0,0,0,0,0,12,0,0
240011,1,1,1990,15,15,15,15,15,15,15,15,15,15
240012,1,1,1990,12,12,12,12,12,12,12,12,12,12
240013,1,1,1990,0,0,0,0,0,0,0,0,0,0
240013,2,1,1990,0,0,0,0,0,14,0,0,0,0
240014,1,1,1990,14,14,14,14,14,14,14,14,14,14
240015,1,1,1990,0,0,0,0,0,0,0,0,0,0
240015,2,1,1990,19,0,0,0,0,0,0,0,0,0
240016,1,1,1990,0,0,0,0,0,0,8,0,0,0
240017,1,1,1990,0,0,0,0,0,0,0,0,0,0
240017,2,1,1990,0,0,0,0,0,0,0,0,0,0
240018,0,1,1990,5,5,5,5,5,5,5,5,5,5
240018,1,1,1990,0,0,0,0,4,0,0,0,0,0
240018,2,1,1990,0,0,0,0,0,0,0,0,0,0
240019,1,1,1990,17,17,17,17,17,17,17,17,17,17
240020,0,1,1990,32,32,32,32,32,32,32,32,32,32
240020,1,1,1990,0,0,0,15,0,0,0,0,0,0
240021,1,1,1990,28,28,28,28,28,28,28,28,28,28
240022,1,1,1990,0,0,0,0,0,0,0,0,0,0
240022,2,1,1990,0,0,0,0,0,0,0,0,0,0
240023,1,1,1990,41,41,41,41,41,41,41,41,41,41
240023,2,1,1990,0,0,0,0,0,0,0,0,0,0
240024,1,1,1990,0,0,0,0,0,0,0,0,0,13
240024,2,1,1990,0,0,0,0,0,0,0,0,0,0
240026,0,1,1990,0,0,0,0,0,0,0,0,0,0
240026,1,1,1990,0,0,0,0,0,0,0,0,0,0
240027,1,1,1990,22,22,22,22,22,22,22,22,22,22
240027,2,1,1990,0,0,0,0,0,0,0,0,0,0
240028,0,1,1990,0,0,0,0,0,0,0,0,0,0
240028,1,1,1990,0,8,0,0,0,0,0,0,0,0
240029,1,1,1990,20,20,20,20,20,20,20,20,20,20
240030,1,1,1990,0,0,0,0,0,0,0,0,0,0
240031,1,1,1990,0,11,0,0,0,0,7,0,0,0
240032,0,1,1990,0,0,0,0,0,0,0,0,0,0
240032,1,1,1990,0,0,0,0,0,0,0,0,0,0
240033,1,1,1990,20,20,20,20,20,20,20,20,20,20
240034,1,1,1990,0,0,0,0,0,0,0,0,0,0
240035,1,1,1990,0,0,0,0,0,0,0,0,0,0
240035,2,1,1990,0,0,0,0,0,0,0,0,0,0
240036,0,1,1990,0,0,0,0,0,0,0,0,0,0
240036,1,1,1990,0,0,0,0,0,0,0,0,0,0
240037,1,1,1990,0,0,0,0,0,0,0,0,0,0
240037,2,1,1990,0,0,0,0,0,0,0,0,0,0
240038,1,1,1990,0,0,0,0,0,0,0,0,0,0
240039,1,1,1990,0,0,0,0,0,0,0,0,0,0
240039,2,1,1990,0,0,0,0,0,0,0,0,0,0
240039,3,1,1990,0,0,0,0,0,0,0,0,0,0
240040,1,1,1990,0,0,0,0,0,0,0,0,0,0
240040,2,1,1990,0,0,0,0,0,0,0,0,0,0
240041,0,1,1990,25,25,25,25,25,25,25,25,25,25
240041,1,1,1990,0,0,0,0,0,0,0,0,0,0
240042,0,1,1990,0,0,0,0,0,0,0,0,0,0
240042,1,1,1990,0,15,0,23,16,12,7,5,0,7
240043,1,1,1990,22,22,22,22,22,22,22,22,22,22
240043,2,1,1990,0,0,0,0,0,0,0,0,0,0
240044,1,1,1990,6,6,6,6,6,6,6,6,6,6
240045,1,1,1990,0,0,0,0,0,0,0,0,0,0
240045,2,1,1990,0,0,0,0,0,0,0,0,0,0
240046,1,1,1990,0,0,0,0,0,0,0,0,0,0
240046,2,1,1990,0,0,0,0,0,0,0,0,0,0
240047,0,1,1990,15,15,15,15,15,15,15,15,15,15
240047,1,1,1990,0,0,0,0,0,0,0,0,0,0
240048,1,1,1990,8,8,8,8,8,8,8,8,8,8
240048,2,1,1990,0,0,0,0,0,0,0,0,0,0
240049,0,1,1990,25,25,25,25,25,25,25,25,25,25
240049,1,1,1990,13,5,15,6,0,13,19,20,9,8
240050,0,1,1990,0,0,0,0,0,0,0,0,0,0
240050,1,1,1990,0,0,3,0,0,0,0,0,0,0
240051,1,1,1990,0,0,0,0,0,0,0,0,0,0
240051,2,1,1990,0,0,0,0,0,0,0,0,0,0
240052,1,1,1990,0,19,32,17,23,12,22,20,19,20
240053,0,1,1990,31,0,39,27,32,52,11,26,0,37
240053,1,1,1990,0,0,0,0,0,0,0,0,0,0
240054,1,1,1990,0,0,0,0,0,0,0,0,0,0
240054,2,1,1990,0,0,0,0,0,0,0,0,0,0
240055,1,1,1990,0,0,0,0,0,0,0,0,0,0
240055,2,1,1990,0,0,0,0,0,0,0,0,0,0
240056,1,1,1990,20,0,0,0,0,0,0,0,0,0
240056,2,1,1990,0,0,0,0,0,0,0,0,0,0
240056,3,1,1990,0,0,0,0,0,0,0,0,0,0
240057,1,1,1990,0,0,0,0,0,0,0,0,0,0
240057,2,1,1990,12,12,12,12,12,12,12,12,12,12
240058,0,1,1990,28,28,28,28,28,28,28,28,28,28
240058,1,1,1990,10,0,0,0,0,0,0,0,0,0
240059,0,1,1990,0,0,0,0,0,0,0,0,0,0
240059,1,1,1990,0,0,0,0,0,0,0,0,0,0
240060,1,1,1990,11,11,11,11,11,11,11,11,11,11
240061,1,1,1990,0,0,0,0,0,0,0,0,0,0
240061,2,1,1990,0,0,0,0,0,0,0,0,0,0
240062,1,1,1990,0,0,0,0,0,0,0,0,0,0
240062,2,1,1990,14,0,0,0,0,0,16,0,22,0
240063,0,1,1990,0,0,0,0,0,0,0,0,0,0
240063,1,1,1990,0,0,0,0,0,0,0,0,0,0
240065,0,1,1990,5,5,5,5,5,5,5,5,5,5
240065,1,1,1990,0,9,0,0,0,16,0,0,16,0
240066,1,1,1990,0,0,0,0,0,0,0,0,0,0
240067,1,1,1990,0,0,0,0,0,0,0,0,0,0
240067,2,1,1990,0,0,0,0,0,0,0,0,0,0
240068,1,1,1990,0,0,0,0,0,0,0,0,0,0
240069,0,1,1990,0,0,0,0,0,0,0,0,0,0
240069,1,1,1990,0,0,0,0,0,0,0,0,0,0
240070,0,1,1990,22,22,22,22,22,22,22,22,22,22
240070,1,1,1990,0,4,0,0,17,0,0,0,0,0
240071,0,1,1990,1,1,1,1,1,1,1,1,1,1
240071,1,1,1990,21,21,21,21,21,21,21,21,21,21
240072,1,1,1990,0,0,0,0,0,10,0,0,9,0
240072,2,1,1990,0,15,0,0,3,7,0,0,0,0
240072,3,1,1990,26,17,9,18,24,13,16,13,16,14
240072,4,1,1990,0,17,15,13,0,0,0,0,0,0
240073,0,1,1990,12,12,12,12,12,12,12,12,12,12
240073,1,1,1990,12,12,12,12,12,12,12,12,12,12
240074,1,1,1990,0,15,0,0,8,0,10,0,19,0
240075,1,1,1990,15,15,15,15,15,15,15,15,15,15
240076,1,1,1990,0,0,0,0,0,0,0,0,0,0
240076,2,1,1990,0,0,0,0,0,0,0,0,0,0
240076,3,1,1990,0,0,0,0,0,0,0,0,0,0
240077,1,1,1990,25,19,38,21,0,24,0,14,0,15
240077,2,1,1990,0,0,0,0,0,0,0,0,0,0
240078,0,1,1990,0,0,0,0,0,0,0,0,0,0
240078,1,1,1990,0,0,0,12,0,0,0,0,0,0
240079,0,1,1990,29,29,29,29,29,29,29,29,29,29
240079,1,1,1990,0,0,0,0,0,0,0,0,0,0
240080,1,1,1990,0,0,0,0,0,0,0,0,0,0
240080,2,1,1990,0,0,0,0,28,0,0,0,0,0
240081,1,1,1990,3,3,3,3,3,3,3,3,3,3
240081,2,1,1990,0,0,13,0,0,0,0,0,0,0
240082,1,1,1990,0,0,0,0,0,0,0,0,0,0
240082,2,1,1990,0,0,0,0,0,0,0,0,0,0
240083,1,1,1990,0,0,0,0,0,0,0,0,0,0
240083,2,1,1990,0,0,0,0,0,0,0,0,0,0
240084,1,1,1990,0,0,0,0,0,0,0,0,0,0
240085,1,1,1990,15,15,15,15,15,15,15,15,15,15
240087,1,1,1990,0,0,0,0,0,0,0,0,0,0
240087,2,1,1990,0,0,0,0,0,0,0,0,0,0
240088,1,1,1990,24,24,24,24,24,24,24,24,24,24
240088,2,1,1990,15,15,15,15,15,15,15,15,15,15
240089,0,1,1990,10,10,10,10,10,10,10,10,10,10
240089,1,1,1990,0,0,0,0,0,0,0,0,0,0
240090,0,1,1990,0,0,0,0,0,0,0,0,0,0
240090,1,1,1990,0,0,0,0,0,0,0,0,0,0
240090,2,1,1990,0,0,0,0,0,0,0,0,0,0
240091,1,1,1990,0,0,0,0,0,0,0,0,0,0
240091,2,1,1990,0,0,0,0,0,0,0,0,0,0
240091,3,1,1990,0,0,0,0,0,0,0,0,0,0
240092,1,1,1990,0,0,0,0,0,0,0,0,0,0
240092,2,1,1990,0,0,0,0,0,0,0,0,0,0
240093,1,1,1990,0,0,0,0,0,0,0,0,0,0
240094,1,1,1990,0,0,0,0,0,0,0,0,0,0
240094,2,1,1990,0,0,0,0,0,0,0,0,0,0
240095,1,1,1990,23,23,22,0,6,15,5,5,20,9
240095,2,1,1990,0,0,0,0,0,8,0,8,15,0
240096,1,1,1990,14,14,14,14,14,14,14,14,14,14
240097,0,1,1990,0,0,0,0,0,0,0,0,0,0
240097,1,1,1990,0,0,0,0,0,0,0,0,0,0
240098,1,1,1990,0,0,0,0,0,0,0,0,0,0
240098,2,1,1990,0,0,0,0,0,0,0,0,0,0
240099,0,1,1990,0,0,0,0,0,0,0,0,0,0
240099,1,1,1990,0,0,0,0,0,0,0,0,0,0
240100,1,1,1990,15,15,15,15,15,15,15,15,15,15
240100,2,1,1990,0,0,0,0,0,0,0,0,0,0
240101,1,1,1990,0,0,0,0,0,0,0,0,0,0
240101,2,1,1990,0,0,0,0,0,0,0,0,0,0
240101,3,1,1990,0,0,0,0,0,0,0,0,0,0
240102,1,1,1990,0,0,0,0,0,0,0,0,0,0
240102,2,1,1990,0,0,0,0,0,0,0,0,0,0
240103,1,1,1990,0,0,0,9,0,0,0,0,0,0
240103,2,1,1990,0,0,0,0,0,0,0,0,0,0
240104,0,1,1990,3,3,3,3,3,3,3,3,3,3
240104,1,1,1990,0,7,0,0,0,0,0,0,0,0
240105,1,1,1990,25,25,25,25,25,25,25,25,25,25
240106,1,1,1990,0,0,0,0,0,0,0,0,0,0
240106,2,1,1990,0,0,0,0,0,0,0,0,0,0
240107,1,1,1990,0,0,0,0,0,0,0,0,0,0
240107,2,1,1990,0,0,0,0,0,13,0,21,0,0
240108,1,1,1990,0,0,0,0,0,0,0,0,0,0
240108,2,1,1990,0,17,0,0,0,0,0,0,0,0
240109,0,1,1990,0,0,0,0,0,0,0,0,0,0
240109,1,1,1990,0,0,0,0,0,0,0,0,0,0
240110,1,1,1990,17,6,0,22,4,0,10,3,6,15
240110,2,1,1990,0,19,15,15,8,29,0,0,11,11
240111,0,1,1990,0,0,0,0,0,0,0,0,0,0
240111,1,1,1990,23,24,6,12,0,13,0,0,33,0
240113,1,1,1990,0,0,0,0,0,0,0,0,0,0
240113,2,1,1990,0,0,0,0,0,0,0,0,0,0
240113,3,1,1990,0,0,16,0,0,0,0,0,0,0
240114,1,1,1990,0,0,0,0,0,0,0,0,0,0
240114,2,1,1990,0,0,0,0,0,0,0,0,0,0
240115,1,1,1990,0,0,0,0,0,0,0,0,0,0
240117,0,1,1990,0,0,0,0,0,0,0,0,0,0
240117,1,1,1990,0,0,0,0,0,0,0,0,0,0
240118,0,1,1990,0,0,0,0,0,0,0,0,0,0
240118,1,1,1990,0,0,0,0,0,0,0,0,0,0
240119,1,1,1990,0,0,0,0,0,0,0,0,0,0
240120,0,1,1990,0,16,11,0,0,0,0,0,0,0
240120,1,1,1990,0,0,0,0,0,0,0,0,0,0
240120,2,1,1990,0,0,0,0,0,0,0,16,0,15
240120,3,1,1990,0,0,0,0,0,0,0,0,0,0
240120,4,1,1990,0,0,0,0,0,0,0,0,0,0
240121,1,1,1990,0,0,0,0,0,0,0,0,0,0
240121,2,1,1990,0,0,0,0,0,0,0,0,0,0
240122,1,1,1990,0,0,0,0,0,0,12,0,0,0
240122,2,1,1990,0,0,0,0,0,0,0,0,0,0
240122,3,1,1990,0,16,0,0,0,0,0,0,0,0
240123,1,1,1990,0,0,0,0,0,0,0,0,0,0
240123,2,1,1990,0,0,0,0,0,0,0,0,0,0
240124,1,1,1990,0,0,0,0,0,0,0,0,0,0
240125,0,1,1990,0,0,0,0,0,0,0,0,0,0
240125,1,1,1990,0,0,0,0,0,0,0,0,0,0
240126,1,1,1990,3,3,3,3,3,3,3,3,3,3
240127,1,1,1990,21,18,16,19,15,5,0,5,21,8
240127,2,1,1990,7,7,7,7,7,7,7,7,7,7
240128,1,1,1990,0,0,0,0,0,0,0,0,0,0
240128,2,1,1990,0,0,0,0,0,0,0,0,0,0
240129,1,1,1990,0,0,17,0,0,0,0,0,0,0
240129,2,1,1990,0,0,0,0,0,0,0,0,0,0
240130,0,1,1990,0,0,0,0,0,0,0,0,0,0
240130,1,1,1990,0,0,0,0,0,0,0,0,0,0
240131,0,1,1990,2,2,2,2,2,2,2,2,2,2
240131,1,1,1990,0,0,0,0,0,0,0,0,0,0
240131,2,1,1990,0,0,0,0,0,0,0,0,0,0
240132,1,1,1990,0,0,0,0,0,0,0,0,0,0
240132,2,1,1990,0,0,0,0,0,0,0,0,0,0
240133,1,1,1990,0,0,0,0,0,0,0,0,0,0
240133,2,1,1990,0,17,6,12,16,0,0,8,0,0
240135,1,1,1990,5,5,5,5,5,5,5,5,5,5
240135,2,1,1990,0,0,0,0,15,0,0,0,0,0
240136,1,1,1990,0,0,0,0,0,0,0,0,0,0
240136,2,1,1990,0,0,0,0,0,0,0,0,0,0
240137,1,1,1990,0,0,0,0,0,0,0,0,0,0
240137,2,1,1990,0,0,0,0,0,0,0,0,0,0
240137,3,1,1990,0,0,0,0,0,0,0,0,0,0
240138,1,1,1990,0,0,0,0,0,0,0,0,0,0
240139,1,1,1990,0,0,0,0,0,0,0,0,0,0
240139,2,1,1990,0,0,0,0,0,0,0,0,0,0
240140,1,1,1990,15,15,15,15,15,15,15,15,15,15
240141,0,1,1990,31,31,31,31,31,31,31,31,31,31
240141,1,1,1990,0,0,0,0,0,0,0,0,0,0
240142,1,1,1990,0,0,11,0,0,0,0,0,0,0
240143,1,1,1990,22,22,22,22,22,22,22,22,22,22
240144,1,1,1990,4,16,10,9,21,7,4,32,18,12
240145,0,1,1990,0,0,0,0,0,0,0,0,0,0
240145,1,1,1990,0,0,21,0,6,0,0,0,0,0
240145,2,1,1990,0,0,0,7,0,0,4,0,0,0
240146,1,1,1990,0,0,0,0,0,0,0,0,0,0
240146,2,1,1990,0,0,0,0,0,0,0,0,0,0
240147,1,1,1990,22,36,3,28,22,11,28,18,18,16
240147,2,1,1990,0,0,0,0,0,0,0,0,0,0
240148,1,1,1990,26,26,26,26,26,26,26,26,26,26
240149,1,1,1990,0,0,0,0,0,0,0,0,0,0
240150,1,1,1990,14,14,14,14,14,14,14,14,14,14
240150,2,1,1990,0,0,0,0,0,0,0,0,0,0
240151,1,1,1990,24,24,24,24,24,24,24,24,24,24
240152,0,1,1990,0,0,0,0,0,0,0,0,0,0
240152,1,1,1990,0,0,0,0,0,0,0,0,0,0
240153,1,1,1990,15,15,15,15,15,15,15,15,15,15
240154,1,1,1990,12,12,12,12,12,12,12,12,12,12
240154,2,1,1990,0,0,0,0,0,0,9,0,0,0
240155,1,1,1990,0,0,0,0,0,0,0,0,0,0
240155,2,1,1990,0,0,2,0,0,0,0,0,0,0
240155,3,1,1990,0,0,0,0,0,0,0,0,0,0
240156,1,1,1990,26,26,26,26,26,26,26,26,26,26
240157,1,1,1990,0,0,0,0,0,0,0,0,0,0
240157,2,1,1990,0,16,11,11,14,14,9,13,15,14
240157,3,1,1990,0,0,0,0,0,0,0,0,0,0
240158,1,1,1990,13,13,13,13,13,13,13,13,13,13
240159,1,1,1990,12,12,12,12,12,12,12,12,12,12
240160,1,1,1990,14,14,14,14,14,14,14,14,14,14
240161,0,1,1990,0,0,0,0,0,0,0,0,0,0
240161,1,1,1990,0,0,0,0,0,0,0,0,15,0
240162,1,1,1990,24,24,24,24,24,24,24,24,24,24
240162,2,1,1990,0,0,0,17,0,0,0,0,0,0
240162,3,1,1990,0,0,0,0,0,0,0,11,0,0
240162,4,1,1990,0,0,0,0,0,0,0,0,0,0
240163,1,1,1990,11,17,16,6,14,29,26,38,6,27
240164,1,1,1990,0,0,0,0,0,0,0,0,0,0
240164,2,1,1990,0,0,0,0,0,0,0,0,0,0
240165,1,1,1990,30,30,30,30,30,30,30,30,30,30
240165,2,1,1990,0,0,0,0,10,0,0,0,0,0
240166,1,1,1990,26,26,26,26,26,26,26,26,26,26
240167,1,1,1990,26,15,22,0,0,19,0,0,0,16
240168,1,1,1990,0,0,0,0,0,0,0,0,0,0
240168,2,1,1990,0,0,0,0,0,0,0,0,0,0
240169,1,1,1990,0,0,0,0,0,0,0,0,0,0
240169,2,1,1990,0,0,0,0,0,0,0,0,0,0
240171,1,1,1990,3,10,18,18,15,15,9,20,10,18
240171,2,1,1990,32,17,19,0,17,15,27,3,20,22
240172,1,1,1990,0,0,0,0,0,0,0,0,0,0