ST_CASE,VEH_NO,PER_NO,YEAR,P1,P2,P3,P4,P5,P6,P7,P8,P9,P10
240174,1,1,1990,0,0,0,0,6,0,0,0,0,0
240175,1,1,1990,14,17,20,0,0,0,16,14,0,0
240176,1,1,1990,0,0,0,0,0,0,0,0,0,0
240176,2,1,1990,0,0,0,0,0,0,0,0,0,0
240177,1,1,1990,0,0,0,0,0,0,0,0,0,0
240178,1,1,1990,0,0,0,0,0,0,0,0,0,0
240179,1,1,1990,0,0,0,0,19,0,12,0,0,0
240179,2,1,1990,0,0,0,0,0,0,0,0,0,0
240180,1,1,1990,0,0,0,0,0,0,0,0,0,0
240180,2,1,1990,0,0,0,0,0,0,0,0,0,0
240181,1,1,1990,0,0,0,0,0,0,0,0,0,0
240182,1,1,1990,0,0,0,0,0,0,0,0,0,0
240182,2,1,1990,0,0,0,0,0,0,0,0,0,0
240182,3,1,1990,0,0,0,0,0,0,0,0,0,0
240183,0,1,1990,0,0,0,0,0,0,0,0,0,0
240183,1,1,1990,0,0,11,0,0,0,0,0,0,0
240184,1,1,1990,0,0,0,0,0,0,0,0,0,0
240184,2,1,1990,0,0,0,0,0,0,0,0,0,0
240184,3,1,1990,0,0,0,0,0,0,0,0,0,0
240185,1,1,1990,11,11,11,11,11,11,11,11,11,11
240186,1,1,1990,0,0,0,0,0,0,0,0,0,0
240186,2,1,1990,0,0,0,0,0,0,0,0,0,20
240187,1,1,1990,18,18,18,18,18,18,18,18,18,18
240188,1,1,1990,0,0,0,0,0,0,0,0,0,0
240188,2,1,1990,7,7,7,7,7,7,7,7,7,7
240189,1,1,1990,22,22,22,22,22,22,22,22,22,22
240189,2,1,1990,0,0,0,0,0,0,0,0,0,0
240190,1,1,1990,0,0,0,0,0,0,0,0,0,0
240191,1,1,1990,0,0,0,0,0,0,0,0,0,0
240191,2,1,1990,0,0,0,0,0,0,0,0,0,0
240192,1,1,1990,6,6,6,6,6,6,6,6,6,6
240192,2,1,1990,0,0,0,0,0,0,0,0,0,0
240193,0,1,1990,0,0,0,0,0,0,0,0,0,0
240193,1,1,1990,0,0,0,0,0,30,14,0,0,0
240193,2,1,1990,0,0,0,0,0,0,0,0,0,0
240194,1,1,1990,6,6,6,6,6,6,6,6,6,6
240195,1,1,1990,13,0,21,0,7,0,14,0,0,0
240195,2,1,1990,9,11,0,0,0,0,0,0,0,0
240196,1,1,1990,0,0,0,0,0,0,0,0,0,0
240197,1,1,1990,0,0,6,0,10,0,13,8,0,0
240198,1,1,1990,17,17,17,17,17,17,17,17,17,17
240199,1,1,1990,22,15,13,15,10,21,30,18,20,27
240199,2,1,1990,10,10,10,10,10,10,10,10,10,10
240200,1,1,1990,0,0,0,0,0,0,0,0,0,0
240200,2,1,1990,0,0,0,0,0,0,0,0,0,0
240201,0,1,1990,0,0,0,0,0,0,0,0,0,0
240201,1,1,1990,0,0,0,0,0,0,0,0,0,0
240202,0,1,1990,13,13,13,13,13,13,13,13,13,13
240202,1,1,1990,7,16,7,0,15,0,0,0,8,13
240203,1,1,1990,0,0,0,0,0,0,0,0,0,0
240203,2,1,1990,0,0,0,0,0,0,0,0,0,0
240204,1,1,1990,9,22,18,19,19,18,18,24,18,17
240205,1,1,1990,17,17,17,17,17,17,17,17,17,17
240205,2,1,1990,7,0,0,0,0,0,0,0,0,0
240206,0,1,1990,0,15,0,31,0,20,0,0,28,0
240206,1,1,1990,3,0,0,0,0,0,0,0,0,0
240206,2,1,1990,0,0,0,0,0,0,0,0,0,0
240207,0,1,1990,23,0,0,0,0,31,16,3,0,0
240207,1,1,1990,20,0,0,0,0,0,0,0,0,0
240209,1,1,1990,10,0,22,0,11,0,0,0,10,0
240209,2,1,1990,0,0,0,0,0,0,0,0,0,0
240210,0,1,1990,0,0,0,0,0,0,0,0,0,0
240210,1,1,1990,0,0,0,0,0,0,0,0,0,0
240211,1,1,1990,0,0,0,0,0,0,0,0,0,0
240211,2,1,1990,0,0,0,0,0,0,0,0,0,0
240212,1,1,1990,39,39,39,39,39,39,39,39,39,39
240212,2,1,1990,0,0,0,0,0,0,0,0,0,0
240212,3,1,1990,0,0,19,0,0,0,0,0,0,0
240213,1,1,1990,16,16,16,16,16,16,16,16,16,16
240214,1,1,1990,21,21,21,21,21,21,21,21,21,21
240215,1,1,1990,0,0,0,0,0,0,0,0,0,0
240215,2,1,1990,0,0,0,0,0,14,0,17,0,0
240215,3,1,1990,0,0,0,0,0,0,0,0,0,0
240215,4,1,1990,0,0,0,0,0,0,0,0,0,0
240215,5,1,1990,0,0,0,0,0,5,0,0,0,0
240216,1,1,1990,0,0,0,0,0,0,0,0,0,0
240218,1,1,1990,21,10,12,5,8,15,24,18,21,18
240218,2,1,1990,13,9,18,8,11,20,16,17,13,17
240219,1,1,1990,0,0,0,0,0,0,0,0,0,0
240219,2,1,1990,0,0,0,0,0,0,0,0,0,0
240220,1,1,1990,18,18,18,18,18,18,18,18,18,18
240221,0,1,1990,0,0,0,0,0,0,0,0,0,0
240221,1,1,1990,0,0,0,0,0,0,0,0,0,0
240222,1,1,1990,19,19,19,19,19,19,19,19,19,19
240223,0,1,1990,0,0,0,0,0,0,0,0,0,0
240223,1,1,1990,20,20,20,20,20,20,20,20,20,20
240224,1,1,1990,0,0,0,0,0,0,0,0,0,17
240225,1,1,1990,31,31,31,31,31,31,31,31,31,31
240226,1,1,1990,10,13,20,13,34,18,11,12,33,0
240227,1,1,1990,0,0,0,0,0,0,0,0,0,0
240228,0,1,1990,0,0,0,0,0,0,0,0,0,0
240228,1,1,1990,0,0,0,0,0,0,0,0,0,0
240229,1,1,1990,0,0,0,0,0,0,0,0,0,0
240229,2,1,1990,0,0,0,0,0,0,0,0,0,0
240230,0,1,1990,0,0,0,0,0,0,0,0,0,0
240230,1,1,1990,0,0,0,0,0,0,0,0,0,0
240231,1,1,1990,0,0,0,0,0,0,0,0,0,0
240232,0,1,1990,32,32,32,32,32,32,32,32,32,32
240232,1,1,1990,0,0,0,0,0,0,0,0,0,11
240233,0,1,1990,18,18,18,18,18,18,18,18,18,18
240233,1,1,1990,8,8,8,8,8,8,8,8,8,8
240234,1,1,1990,0,9,0,0,0,0,15,11,0,0
240235,1,1,1990,9,9,9,9,9,9,9,9,9,9
240236,0,1,1990,0,0,0,0,0,0,0,0,0,0
240236,1,1,1990,0,0,0,0,0,0,0,0,0,0
240237,1,1,1990,0,0,0,0,0,0,0,0,0,0
240237,2,1,1990,0,0,0,0,0,0,0,0,0,0
240238,1,1,1990,0,0,0,0,0,0,5,0,0,0
240239,1,1,1990,12,0,0,0,0,0,0,4,0,9
240240,1,1,1990,0,0,0,0,0,0,0,0,0,0
240240,2,1,1990,0,0,0,0,0,0,0,0,0,0
240241,1,1,1990,18,18,18,18,18,18,18,18,18,18
240242,1,1,1990,0,0,0,0,0,0,0,0,0,0
240243,1,1,1990,0,0,0,0,0,0,0,0,0,0
240244,1,1,1990,0,0,0,0,0,0,0,0,0,0
240244,2,1,1990,0,0,0,0,0,0,0,0,0,0
240245,1,1,1990,26,26,26,26,26,26,26,26,26,26
240246,1,1,1990,21,21,21,21,21,21,21,21,21,21
240247,0,1,1990,24,24,24,24,24,24,24,24,24,24
240247,1,1,1990,0,0,0,0,0,0,0,0,2,0
240248,1,1,1990,9,0,0,0,4,0,9,0,0,22
240249,1,1,1990,0,0,0,0,23,0,0,0,0,3
240250,1,1,1990,0,0,0,0,17,0,0,0,0,0
240250,2,1,1990,0,0,0,0,0,0,0,0,0,0
240251,1,1,1990,0,0,0,0,0,0,0,0,0,0
240252,0,1,1990,0,0,0,0,0,0,0,0,0,0
240252,1,1,1990,0,0,0,0,0,0,0,0,13,0
240253,1,1,1990,12,12,12,12,12,12,12,12,12,12
240254,1,1,1990,0,0,0,0,0,0,0,0,0,0
240254,2,1,1990,0,0,0,0,0,0,0,0,0,0
240254,3,1,1990,16,14,0,0,5,0,0,0,0,0
240255,0,1,1990,0,0,0,0,0,0,0,0,0,0
240255,1,1,1990,0,0,0,0,0,0,0,0,0,0
240255,2,1,1990,0,0,0,0,0,0,0,0,0,0
240256,1,1,1990,0,0,0,0,20,0,0,0,0,0
240256,2,1,1990,0,0,0,16,12,0,0,0,0,0
240257,1,1,1990,0,0,0,0,0,0,0,0,0,0
240257,2,1,1990,0,0,0,0,0,0,0,0,0,0
240258,1,1,1990,0,0,0,21,0,0,0,0,0,0
240258,2,1,1990,0,0,0,0,0,0,0,0,14,0
240258,3,1,1990,0,0,0,0,0,0,0,0,0,0
240259,1,1,1990,0,0,0,0,0,0,0,0,0,0
240260,1,1,1990,0,0,0,0,0,0,0,0,0,0
240260,2,1,1990,0,0,0,0,0,0,0,0,0,0
240261,1,1,1990,11,11,11,11,11,11,11,11,11,11
240262,1,1,1990,0,0,0,0,0,0,0,0,0,0
240263,1,1,1990,22,22,22,22,22,22,22,22,22,22
240264,1,1,1990,6,6,6,6,6,6,6,6,6,6
240265,1,1,1990,0,0,0,0,0,0,0,0,0,0
240266,1,1,1990,22,22,22,22,22,22,22,22,22,22
240267,1,1,1990,11,11,11,11,11,11,11,11,11,11
240268,1,1,1990,2,2,2,2,2,2,2,2,2,2
240268,2,1,1990,0,0,0,0,0,0,0,0,0,0
240268,3,1,1990,0,0,3,0,0,0,0,0,0,0
240268,4,1,1990,0,0,0,0,0,0,0,0,0,0
240269,1,1,1990,11,11,11,11,11,11,11,11,11,11
240269,2,1,1990,0,0,0,0,0,0,0,0,0,0
240271,1,1,1990,0,0,0,0,0,14,0,0,6,9
240271,2,1,1990,0,0,0,0,0,0,0,0,0,0
240272,1,1,1990,0,11,0,0,0,0,0,0,0,0
240273,1,1,1990,0,21,0,0,0,0,0,20,0,0
240273,2,1,1990,0,0,0,0,0,0,0,0,0,0
240273,3,1,1990,0,0,0,0,0,0,0,0,0,0
240274,0,1,1990,16,16,16,16,16,16,16,16,16,16
240274,1,1,1990,0,23,20,31,22,31,17,22,14,25
240275,1,1,1990,17,17,17,17,17,17,17,17,17,17
240276,1,1,1990,0,0,0,0,0,0,0,0,0,13
240277,1,1,1990,17,22,21,0,0,0,17,12,0,0
240278,1,1,1990,12,19,14,20,18,24,24,17,11,16
240279,1,1,1990,0,0,0,0,0,0,0,0,0,0
240281,1,1,1990,4,4,4,4,4,4,4,4,4,4
240282,1,1,1990,0,0,0,0,0,0,0,0,0,16
240283,1,1,1990,0,6,0,0,0,23,11,5,0,0
240285,0,1,1990,17,29,0,15,0,0,26,0,0,23
240285,1,1,1990,0,0,0,0,0,0,0,0,0,0
240286,1,1,1990,0,0,0,0,0,0,0,0,0,0
240286,2,1,1990,0,0,0,0,0,0,0,0,0,0
240287,1,1,1990,0,0,0,0,0,0,0,0,0,0
240287,2,1,1990,0,0,0,0,0,0,0,0,0,0
240288,1,1,1990,0,0,0,0,0,0,0,0,0,0
240288,2,1,1990,0,0,0,0,0,0,0,0,0,0
240288,3,1,1990,0,0,0,0,0,0,0,0,0,0
240288,4,1,1990,0,0,0,0,0,0,0,0,0,0
240289,1,1,1990,0,0,0,0,8,0,0,0,0,0
240289,2,1,1990,0,0,0,0,0,0,0,0,0,0
240290,1,1,1990,0,0,0,0,0,0,0,0,0,0
240290,2,1,1990,0,0,0,0,0,0,0,0,0,0
240291,1,1,1990,0,0,0,0,0,0,0,0,0,0
240291,2,1,1990,0,0,0,0,0,0,0,0,0,0
240292,1,1,1990,0,0,0,0,0,0,0,0,0,0
240292,2,1,1990,0,0,0,0,0,0,0,0,0,0
240293,0,1,1990,0,0,0,0,0,0,0,0,0,0
240293,1,1,1990,0,0,0,0,0,0,0,0,0,13
240294,1,1,1990,11,0,0,10,7,0,0,0,0,0
240295,1,1,1990,0,0,0,0,0,0,0,0,0,0
240295,2,1,1990,0,0,0,0,0,0,0,0,0,0
240296,1,1,1990,0,0,0,0,0,0,10,0,0,0
240296,2,1,1990,0,0,0,0,0,0,0,0,0,0
240297,1,1,1990,0,0,0,0,0,0,0,0,0,0
240298,1,1,1990,12,12,12,12,12,12,12,12,12,12
240299,0,1,1990,24,24,24,24,24,24,24,24,24,24
240299,1,1,1990,0,0,0,0,0,0,0,0,0,0
240300,1,1,1990,9,9,9,9,9,9,9,9,9,9
240301,1,1,1990,17,17,17,17,17,17,17,17,17,17
240302,1,1,1990,0,0,0,0,0,0,0,0,0,0
240302,2,1,1990,0,0,0,0,0,0,0,0,0,0
240303,0,1,1990,0,0,0,0,27,0,0,0,0,0
240303,1,1,1990,0,0,0,0,0,0,0,0,0,0
240304,0,1,1990,15,15,15,15,15,15,15,15,15,15
240304,1,1,1990,12,0,0,0,0,0,16,16,24,32
240305,1,1,1990,0,0,0,0,0,0,0,0,0,0
240305,2,1,1990,0,0,0,0,0,5,0,0,0,0
240306,1,1,1990,11,11,11,11,11,11,11,11,11,11
240306,2,1,1990,7,0,16,26,0,14,24,0,21,0
240307,1,1,1990,15,15,15,15,15,15,15,15,15,15
240308,1,1,1990,13,21,16,0,21,12,6,9,0,17
240308,2,1,1990,0,0,0,0,0,0,0,0,0,0
240309,1,1,1990,0,0,0,0,0,0,0,0,0,0
240309,2,1,1990,15,0,0,0,0,0,0,0,0,0
240310,0,1,1990,0,0,0,0,0,0,0,0,0,0
240310,1,1,1990,0,0,0,0,0,0,0,0,13,0
240311,1,1,1990,0,0,0,0,0,0,0,0,0,0
240312,1,1,1990,20,20,20,20,20,20,20,20,20,20
240312,2,1,1990,0,0,0,7,0,0,0,0,0,0
240313,0,1,1990,0,22,0,45,37,20,14,0,28,0
240313,1,1,1990,0,0,0,0,0,0,0,0,0,0
240314,0,1,1990,15,15,15,15,15,15,15,15,15,15
240314,1,1,1990,0,0,0,0,14,0,0,17,0,0
240315,1,1,1990,0,35,0,0,0,0,0,15,0,0
240316,0,1,1990,4,4,4,4,4,4,4,4,4,4
240316,1,1,1990,0,17,0,0,0,0,0,0,0,0
240317,1,1,1990,0,13,0,18,0,17,0,0,25,12
240317,2,1,1990,5,14,0,19,23,0,0,0,26,12
240318,0,1,1990,0,0,0,0,0,0,0,0,0,0
240318,1,1,1990,0,0,0,0,0,0,0,0,0,0
240319,1,1,1990,0,0,0,0,0,0,0,0,0,0
240320,1,1,1990,4,4,4,4,4,4,4,4,4,4
240320,2,1,1990,0,0,0,0,0,0,0,0,0,0
240321,0,1,1990,0,0,0,0,0,0,0,0,0,0
240321,1,1,1990,0,0,0,0,0,0,0,0,0,0
240321,2,1,1990,0,0,0,0,0,0,0,0,0,0
240322,1,1,1990,12,12,12,12,12,12,12,12,12,12
240322,2,1,1990,0,0,0,0,0,0,0,0,0,0
240323,1,1,1990,0,22,13,0,10,0,0,13,0,0
240324,1,1,1990,0,0,0,0,0,0,0,0,0,0
240325,1,1,1990,0,0,0,0,0,0,0,0,0,0
240326,0,1,1990,0,0,0,0,0,0,0,0,0,0
240326,1,1,1990,0,0,0,0,0,0,0,0,15,0
240326,2,1,1990,0,0,0,0,0,0,0,0,0,0
240327,1,1,1990,19,19,19,19,19,19,19,19,19,19
240327,2,1,1990,0,0,0,0,0,0,0,0,0,0
240328,1,1,1990,17,17,17,17,17,17,17,17,17,17
240329,1,1,1990,11,0,0,0,0,0,0,0,0,0
240329,2,1,1990,0,0,0,0,0,0,0,0,0,0
240330,0,1,1990,0,0,0,0,0,0,0,0,0,0
240330,1,1,1990,0,0,0,0,0,0,0,0,0,0
240331,0,1,1990,0,0,0,0,0,0,0,0,0,0
240331,1,1,1990,6,11,16,12,13,20,10,8,10,14
240332,1,1,1990,0,0,0,0,0,0,0,0,0,0
240332,2,1,1990,0,0,20,0,0,0,0,0,0,0
240333,1,1,1990,11,10,21,16,25,6,10,3,30,14
240334,1,1,1990,0,0,0,0,0,4,0,0,0,0
240334,2,1,1990,0,0,0,0,0,0,0,0,0,0
240335,1,1,1990,0,0,0,0,0,0,0,0,0,0
240336,1,1,1990,0,0,0,0,0,0,0,0,0,0
240336,2,1,1990,0,0,0,0,0,0,0,0,0,0
240336,3,1,1990,0,0,0,0,0,0,0,0,0,0
240337,1,1,1990,0,0,0,0,0,0,0,0,0,0
240337,2,1,1990,0,0,0,0,0,0,0,0,7,0
240338,1,1,1990,4,4,4,4,4,4,4,4,4,4
240339,1,1,1990,6,10,0,4,22,0,30,0,0,0
240340,1,1,1990,0,0,0,0,0,0,0,0,0,0
240340,2,1,1990,0,0,0,0,0,0,0,0,0,0
240341,1,1,1990,0,0,0,0,0,0,0,0,0,0
240341,2,1,1990,0,0,0,0,0,0,0,0,0,0
240342,1,1,1990,21,21,21,21,21,21,21,21,21,21
240343,1,1,1990,0,0,0,0,0,0,0,0,0,0
240344,1,1,1990,0,0,0,0,0,0,0,0,0,0
240344,2,1,1990,16,0,0,10,0,0,20,9,0,14
240345,1,1,1990,19,16,12,15,19,21,26,25,10,19
240346,1,1,1990,23,23,23,23,23,23,23,23,23,23
240347,1,1,1990,0,14,15,13,0,0,0,0,0,0
240348,1,1,1990,12,12,12,12,12,12,12,12,12,12
240349,0,1,1990,20,61,24,11,24,40,18,13,19,15
240349,1,1,1990,0,0,0,0,0,12,0,9,0,0
240350,1,1,1990,0,0,0,0,0,0,0,0,0,0
240351,1,1,1990,0,0,0,0,0,0,8,0,0,0
240352,0,1,1990,0,0,0,0,28,0,0,0,0,0
240352,0,2,1990,0,0,0,0,0,19,0,34,0,0
240352,1,1,1990,0,0,0,0,0,0,0,0,0,0
240353,1,1,1990,0,0,0,0,0,0,0,0,0,0
240354,1,1,1990,0,0,0,0,0,0,0,0,0,0
240354,2,1,1990,0,8,0,10,11,4,0,0,0,0
240355,1,1,1990,0,0,0,0,0,7,0,0,0,0
240356,1,1,1990,1,1,1,1,1,1,1,1,1,1
240357,1,1,1990,19,16,0,8,0,19,24,8,17,8
240358,1,1,1990,27,27,27,27,27,27,27,27,27,27
240359,1,1,1990,0,0,0,0,0,0,0,0,0,0
240359,2,1,1990,0,0,0,0,0,0,0,0,0,0
240360,1,1,1990,19,19,19,19,19,19,19,19,19,19
240361,1,1,1990,12,12,12,12,12,12,12,12,12,12
240362,1,1,1990,0,0,0,0,0,0,0,0,0,0
240362,2,1,1990,0,0,11,0,0,0,0,0,0,0
240363,0,1,1990,0,0,0,0,0,0,0,0,0,0
240363,1,1,1990,0,0,0,0,0,0,0,0,0,0
240364,1,1,1990,0,0,0,0,0,0,0,0,0,0
240364,2,1,1990,0,0,0,0,0,0,0,0,0,0
240364,3,1,1990,0,0,0,10,0,15,0,0,0,10
240364,4,1,1990,0,0,0,0,0,0,0,0,0,0
240365,1,1,1990,6,6,6,6,6,6,6,6,6,6
240366,1,1,1990,0,0,0,0,0,0,0,0,0,0
240366,2,1,1990,5,36,0,0,0,0,0,0,0,0
240368,1,1,1990,0,0,0,0,0,0,0,0,0,0
240368,2,1,1990,0,0,0,0,0,0,0,0,0,0
240369,0,1,1990,23,23,23,23,23,23,23,23,23,23
240369,1,1,1990,23,0,0,17,7,21,0,0,0,14
240370,1,1,1990,24,18,11,13,16,22,8,5,28,24
240372,0,1,1990,33,33,33,33,33,33,33,33,33,33
240372,1,1,1990,0,0,0,0,0,0,0,0,0,0
240372,2,1,1990,10,17,0,2,0,0,7,28,19,0
240373,1,1,1990,16,16,16,16,16,16,16,16,16,16
240374,0,1,1990,24,24,24,24,24,24,24,24,24,24
240374,1,1,1990,0,0,5,0,0,0,0,0,0,0
240375,0,1,1990,0,0,0,0,0,0,0,0,0,0
240375,1,1,1990,0,0,0,0,0,11,0,0,0,0
240376,1,1,1990,13,13,13,13,13,13,13,13,13,13
240376,2,1,1990,0,0,0,0,0,0,0,0,0,0
240377,1,1,1990,0,0,0,0,0,0,0,0,0,0
240377,2,1,1990,0,0,0,0,0,0,0,0,0,0
240378,0,1,1990,0,0,0,0,0,0,0,0,0,0
240378,1,1,1990,0,0,0,0,0,0,0,0,0,0
240379,1,1,1990,17,20,15,32,10,18,13,0,22,12
240381,1,1,1990,13,13,13,13,13,13,13,13,13,13
240382,1,1,1990,17,9,0,18,30,30,13,0,11,18
240383,1,1,1990,0,0,0,0,0,0,0,0,0,0
240383,2,1,1990,0,0,0,14,0,17,0,0,0,0
240384,1,1,1990,0,0,0,0,0,0,0,0,0,0
240384,2,1,1990,0,0,0,0,0,0,0,0,0,0
240385,1,1,1990,0,0,0,0,0,0,0,0,0,0
240386,1,1,1990,0,0,0,0,0,0,0,0,0,0
240387,1,1,1990,0,0,0,0,0,0,0,0,0,0
240387,2,1,1990,3,0,0,0,0,0,0,0,0,0
240388,1,1,1990,12,12,12,12,12,12,12,12,12,12
240389,1,1,1990,16,16,16,16,16,16,16,16,16,16
240390,1,1,1990,0,0,0,0,0,0,0,0,0,0
240390,2,1,1990,0,0,0,0,0,0,9,0,0,0
240391,1,1,1990,0,0,34,0,0,0,0,0,19,0
240391,2,1,1990,0,0,0,0,0,0,0,0,0,0
240392,1,1,1990,25,25,25,25,25,25,25,25,25,25
240393,1,1,1990,0,0,0,0,0,0,0,0,0,0
240394,1,1,1990,23,23,23,23,23,23,23,23,23,23
240395,1,1,1990,21,19,24,16,0,25,34,29,12,0
240396,1,1,1990,15,15,15,15,15,15,15,15,15,15
240398,0,1,1990,0,0,0,0,0,0,0,0,0,0
240398,1,1,1990,0,0,0,0,0,0,0,0,0,0
240398,2,1,1990,0,0,0,0,0,0,0,0,0,0
240399,1,1,1990,0,0,0,0,0,0,0,0,0,0
240399,2,1,1990,0,0,0,10,0,0,0,0,0,0
240400,1,1,1990,0,0,0,0,0,0,0,0,0,0
240401,0,1,1990,0,0,0,0,0,0,0,0,0,0
240401,1,1,1990,0,0,0,4,0,0,0,0,0,0
240401,2,1,1990,0,0,0,0,0,0,0,0,0,0
240402,0,1,1990,12,12,12,12,12,12,12,12,12,12
240402,1,1,1990,0,0,28,0,0,0,0,0,0,0
240403,1,1,1990,10,10,10,10,10,10,10,10,10,10
240404,0,1,1990,0,0,0,0,0,0,0,0,0,0
240404,1,1,1990,0,0,0,0,0,0,0,0,0,0
240405,1,1,1990,0,0,0,0,0,0,0,0,0,0
240405,2,1,1990,0,0,0,0,8,0,0,0,0,0
240406,1,1,1990,0,0,0,0,0,0,0,0,0,0
240406,2,1,1990,0,0,0,0,0,0,0,0,0,0
240407,0,1,1990,19,19,19,19,19,19,19,19,19,19
240407,1,1,1990,0,0,0,14,0,0,0,19,0,0
240408,1,1,1990,6,6,6,6,6,6,6,6,6,6
240409,1,1,1990,2,2,2,2,2,2,2,2,2,2
240411,0,1,1990,0,0,0,0,0,0,0,0,0,0
240411,1,1,1990,0,0,0,0,0,0,0,0,0,0
240412,1,1,1990,0,0,0,0,19,11,0,0,0,0
240413,1,1,1990,0,0,0,0,0,0,0,0,0,0
240414,1,1,1990,10,10,10,10,10,10,10,10,10,10
240414,2,1,1990,0,0,0,0,0,0,0,11,0,0
240415,1,1,1990,0,0,0,0,0,0,25,0,0,0
240416,0,1,1990,0,0,0,0,0,0,0,0,0,0
240416,1,1,1990,0,0,0,0,0,0,0,0,0,0
240418,0,1,1990,2,2,2,2,2,2,2,2,2,2
240418,1,1,1990,0,0,0,0,0,0,0,0,0,0
240419,1,1,1990,11,11,11,11,11,11,11,11,11,11
240419,2,1,1990,0,11,0,14,11,0,41,0,0,12
240419,3,1,1990,0,0,0,0,0,0,0,0,0,0
240420,1,1,1990,8,8,8,8,8,8,8,8,8,8
240421,0,1,1990,0,15,0,0,0,13,9,21,0,0
240421,1,1,1990,0,21,12,12,18,11,11,14,16,15
240422,1,1,1990,0,0,0,0,0,0,0,0,0,0
240422,2,1,1990,0,0,0,0,0,0,0,0,0,0
240423,1,1,1990,1,1,1,1,1,1,1,1,1,1
240423,2,1,1990,14,0,0,0,0,0,0,0,0,0
240424,1,1,1990,15,15,15,15,15,15,15,15,15,15
240425,0,1,1990,35,0,0,0,0,0,0,0,0,0
240425,1,1,1990,0,0,0,0,0,0,0,0,0,0
240426,1,1,1990,0,0,23,0,14,0,0,0,0,4
240426,2,1,1990,0,0,4,0,6,0,0,0,0,0
240427,1,1,1990,0,0,0,0,0,0,0,0,0,0
240427,2,1,1990,0,0,0,0,0,0,0,0,0,0
240428,1,1,1990,0,0,0,0,0,0,0,0,0,0
240429,1,1,1990,14,14,14,14,14,14,14,14,14,14
240430,1,1,1990,10,0,0,19,0,10,0,0,11,20
240431,1,1,1990,0,0,0,0,0,21,0,11,0,0
240431,2,1,1990,13,10,0,12,8,0,26,0,0,0
240432,1,1,1990,0,0,0,0,0,0,0,0,0,0
240433,1,1,1990,0,0,0,0,0,0,0,0,0,0
240433,2,1,1990,0,0,0,0,0,0,0,0,0,0
240434,1,1,1990,14,14,14,14,14,14,14,14,14,14
240434,2,1,1990,0,0,0,0,0,0,0,0,0,0
240435,0,1,1990,11,11,11,11,11,11,11,11,11,11
240435,1,1,1990,0,0,0,25,0,12,15,11,19,9
240436,1,1,1990,0,0,0,0,0,0,0,0,0,0
240437,0,1,1990,19,19,19,19,19,19,19,19,19,19
240437,1,1,1990,0,0,0,0,9,0,0,16,0,0
240438,1,1,1990,0,17,0,17,0,0,0,0,18,0
240438,2,1,1990,0,9,11,0,27,7,10,0,0,14
240439,1,1,1990,5,5,5,5,5,5,5,5,5,5
240439,2,1,1990,0,0,0,0,0,0,0,0,0,0
240440,0,1,1990,0,0,0,0,0,0,0,0,0,0
240440,1,1,1990,0,0,0,0,0,0,0,0,0,0
240441,1,1,1990,0,0,0,0,0,0,0,0,0,0
240441,2,1,1990,0,0,0,0,0,0,0,0,0,0
240442,0,1,1990,0,0,0,0,0,0,0,0,0,0
240442,1,1,1990,0,0,0,0,0,0,0,0,0,0
240443,1,1,1990,0,0,0,0,0,0,0,0,0,0
240443,2,1,1990,0,0,0,0,0,0,0,0,0,0
240444,1,1,1990,25,25,25,25,25,25,25,25,25,25
240445,0,1,1990,0,0,0,0,0,0,0,0,0,0
240445,1,1,1990,0,0,0,0,0,0,0,0,0,0
240446,1,1,1990,22,22,22,22,22,22,22,22,22,22
240447,0,1,1990,0,0,0,0,0,0,0,0,0,0
240447,1,1,1990,13,0,17,0,0,0,0,0,10,0
240448,1,1,1990,14,14,14,14,14,14,14,14,14,14
240448,2,1,1990,0,0,0,3,12,0,10,0,0,0
240449,1,1,1990,8,8,8,8,8,8,8,8,8,8
240450,1,1,1990,0,23,0,26,14,14,10,17,0,22
240452,1,1,1990,7,7,7,7,7,7,7,7,7,7
240453,1,1,1990,24,24,24,24,24,24,24,24,24,24
240454,1,1,1990,0,0,0,0,0,0,0,0,0,0
240455,1,1,1990,29,29,29,29,29,29,29,29,29,29
240456,1,1,1990,0,0,0,0,0,0,0,0,0,0
240456,2,1,1990,0,0,0,0,0,0,0,0,0,0
240457,1,1,1990,0,0,0,0,0,0,0,0,0,0
240458,1,1,1990,0,0,8,0,0,0,0,0,0,0
240459,1,1,1990,0,0,0,0,0,0,0,0,0,0
240459,2,1,1990,0,0,0,0,0,0,0,0,0,0
240460,1,1,1990,0,16,36,0,3,4,0,0,11,0
240461,1,1,1990,0,15,0,0,0,8,9,9,15,0
240462,1,1,1990,22,22,22,22,22,22,22,22,22,22
240463,1,1,1990,22,22,22,22,22,22,22,22,22,22
240464,1,1,1990,17,8,6,9,0,8,0,15,0,0
240465,1,1,1990,0,0,0,0,0,0,0,0,0,0
240465,2,1,1990,0,0,0,0,0,0,0,0,0,0
240466,0,1,1990,0,0,0,0,0,0,0,0,0,0
240466,1,1,1990,0,0,0,0,0,0,0,0,0,0
240467,1,1,1990,17,17,17,17,17,17,17,17,17,17
240467,2,1,1990,0,0,0,0,0,0,0,0,0,0
240468,1,1,1990,23,23,23,23,23,23,23,23,23,23
240469,1,1,1990,0,0,0,0,0,0,0,0,0,0