ST_CASE,VEH_NO,PER_NO,YEAR,P1,P2,P3,P4,P5,P6,P7,P8,P9,P10
260333,0,1,1990,0,0,0,0,0,0,0,0,0,0
260333,1,1,1990,6,13,16,7,15,8,17,0,21,22
260334,1,1,1990,0,0,0,0,0,0,0,0,0,0
260334,2,1,1990,0,0,0,0,0,0,0,0,0,0
260335,1,1,1990,0,0,0,0,0,0,0,0,0,0
260335,2,1,1990,0,0,0,0,0,0,0,0,0,0
260336,1,1,1990,0,0,0,0,0,0,0,0,0,0
260336,2,1,1990,12,12,12,12,12,12,12,12,12,12
260336,3,1,1990,0,0,0,0,0,0,0,0,0,0
260337,1,1,1990,0,0,0,0,0,0,0,0,0,0
260337,2,1,1990,0,0,0,0,0,0,0,0,0,0
260338,1,1,1990,0,0,0,0,0,0,0,0,0,0
260338,2,1,1990,0,0,0,0,0,0,0,0,0,0
260339,1,1,1990,17,17,17,17,17,17,17,17,17,17
260340,1,1,1990,0,0,0,0,0,0,0,0,0,0
260341,1,1,1990,0,0,0,0,0,0,0,0,0,0
260341,2,1,1990,0,0,0,0,0,0,0,0,0,0
260342,1,1,1990,3,3,3,3,3,3,3,3,3,3
260342,2,1,1990,0,0,0,0,0,0,0,0,0,0
260343,0,1,1990,0,0,0,0,0,0,0,0,0,0
260343,1,1,1990,0,0,0,0,0,0,0,0,0,0
260344,1,1,1990,25,25,25,25,25,25,25,25,25,25
260344,2,1,1990,0,0,0,0,0,0,0,0,0,0
260345,1,1,1990,22,12,17,37,36,8,4,23,11,18
260345,2,1,1990,0,0,0,0,0,0,0,16,0,0
260346,1,1,1990,20,20,20,20,20,20,20,20,20,20
260347,1,1,1990,10,10,10,10,10,10,10,10,10,10
260347,2,1,1990,4,4,4,4,4,4,4,4,4,4
260348,1,1,1990,16,16,16,16,16,16,16,16,16,16
260348,2,1,1990,0,0,0,0,0,0,0,0,0,0
260349,1,1,1990,6,6,6,6,6,6,6,6,6,6
260349,2,1,1990,0,18,0,0,0,0,0,0,0,0
260350,1,1,1990,0,0,0,15,0,11,0,0,0,13
260350,2,1,1990,0,0,0,0,0,0,0,0,8,0
260351,1,1,1990,0,0,0,0,0,6,0,0,0,0
260351,2,1,1990,0,0,0,0,0,0,7,0,0,0
260352,1,1,1990,0,0,0,0,0,0,0,0,0,0
260352,2,1,1990,0,0,0,0,0,0,0,0,0,0
260353,1,1,1990,17,17,17,17,17,17,17,17,17,17
260353,2,1,1990,0,0,0,0,0,0,0,0,0,0
260354,1,1,1990,0,0,0,0,0,0,0,0,0,0
260354,2,1,1990,0,0,0,0,0,0,0,0,0,0
260355,1,1,1990,17,15,7,18,13,0,15,10,11,0
260355,2,1,1990,16,0,0,0,0,0,0,3,0,0
260356,1,1,1990,21,21,21,21,21,21,21,21,21,21
260357,1,1,1990,0,0,0,0,0,0,0,0,0,0
260358,1,1,1990,2,0,0,0,0,0,0,23,0,27
260358,2,1,1990,0,0,0,0,0,0,0,0,3,0
260360,1,1,1990,0,0,0,0,0,0,0,0,0,0
260360,2,1,1990,0,0,0,0,0,0,0,4,0,0
260361,0,1,1990,0,0,0,0,0,0,0,0,0,0
260361,1,1,1990,0,0,0,0,0,0,0,0,0,0
260362,1,1,1990,0,0,0,0,0,0,0,0,0,0
260363,1,1,1990,20,20,20,20,20,20,20,20,20,20
260363,2,1,1990,0,0,0,0,0,0,0,0,0,0
260364,1,1,1990,0,0,0,0,0,0,0,0,0,0
260364,2,1,1990,0,0,0,0,0,0,0,0,0,0
260365,1,1,1990,27,27,27,27,27,27,27,27,27,27
260365,2,1,1990,0,0,0,0,0,0,0,0,0,0
260366,1,1,1990,16,16,16,16,16,16,16,16,16,16
260367,1,1,1990,0,0,0,0,0,0,0,0,0,0
260367,2,1,1990,0,0,0,0,0,0,0,0,0,0
260368,0,1,1990,0,0,28,32,0,0,0,0,0,0
260368,1,1,1990,6,0,0,3,0,0,0,0,0,0
260369,1,1,1990,5,5,5,5,5,5,5,5,5,5
260369,2,1,1990,0,6,0,0,0,0,0,0,0,0
260370,1,1,1990,23,23,23,23,23,23,23,23,23,23
260371,1,1,1990,0,0,0,0,0,0,0,0,0,0
260371,2,1,1990,2,0,0,0,0,0,0,0,0,0
260372,1,1,1990,0,0,0,6,0,0,0,0,0,0
260372,2,1,1990,0,0,0,0,0,0,0,0,0,0
260373,1,1,1990,0,0,0,0,0,0,0,0,0,0
260373,2,1,1990,0,0,0,0,0,0,0,0,0,0
260374,1,1,1990,22,22,22,22,22,22,22,22,22,22
260375,1,1,1990,2,2,2,2,2,2,2,2,2,2
260375,2,1,1990,0,0,0,0,0,0,0,0,0,0
260375,3,1,1990,0,0,0,0,0,0,0,0,0,0
260376,1,1,1990,0,0,0,0,0,0,0,0,0,0
260376,2,1,1990,0,0,0,0,11,0,0,0,0,0
260377,1,1,1990,0,0,0,0,0,0,0,0,0,0
260377,2,1,1990,0,0,0,0,0,0,0,0,0,0
260377,3,1,1990,0,0,0,0,0,0,0,0,0,0
260378,1,1,1990,24,24,24,24,24,24,24,24,24,24
260379,1,1,1990,0,0,0,0,0,0,0,0,0,0
260379,2,1,1990,0,0,0,0,0,0,0,0,0,0
260380,1,1,1990,0,0,0,0,0,0,0,0,0,0
260381,0,1,1990,22,30,25,0,13,0,27,26,24,38
260381,1,1,1990,12,18,16,3,0,42,14,0,25,8
260382,1,1,1990,0,0,0,0,0,0,0,0,13,0
260382,2,1,1990,0,0,10,0,6,0,0,0,0,11
260383,0,1,1990,0,0,0,0,0,0,0,0,0,0
260383,1,1,1990,0,0,0,0,0,0,0,0,0,0
260384,1,1,1990,7,7,7,7,7,7,7,7,7,7
260385,0,1,1990,0,0,0,0,19,0,0,0,0,0
260385,1,1,1990,0,0,0,0,0,0,0,0,0,0
260385,2,1,1990,0,0,0,0,0,0,0,11,0,0
260386,1,1,1990,4,4,4,4,4,4,4,4,4,4
260387,1,1,1990,0,0,22,0,0,0,0,0,0,9
260388,1,1,1990,3,3,3,3,3,3,3,3,3,3
260388,2,1,1990,0,0,0,5,0,0,0,0,0,0
260389,1,1,1990,0,0,0,0,0,0,0,0,0,0
260389,2,1,1990,0,0,0,0,0,0,0,0,0,0
260390,1,1,1990,0,0,9,0,0,0,0,0,0,0
260390,2,1,1990,0,0,0,0,0,0,0,0,0,0
260391,1,1,1990,0,0,0,0,0,0,0,0,0,0
260391,2,1,1990,0,0,0,0,0,0,0,0,0,0
260392,1,1,1990,19,19,19,19,19,19,19,19,19,19
260393,1,1,1990,0,0,0,0,0,0,0,0,0,0
260393,2,1,1990,0,0,0,0,0,0,0,0,0,0
260393,3,1,1990,0,0,0,0,0,0,0,0,12,0
260394,1,1,1990,8,8,8,8,8,8,8,8,8,8
260395,1,1,1990,28,28,28,28,28,28,28,28,28,28
260395,2,1,1990,0,0,0,0,0,0,0,0,0,10
260396,0,1,1990,0,0,0,0,0,0,0,0,0,0
260396,1,1,1990,0,0,0,0,0,0,0,0,0,0
260397,1,1,1990,23,23,23,23,23,23,23,23,23,23
260398,0,1,1990,27,27,27,27,27,27,27,27,27,27
260398,1,1,1990,0,0,0,0,0,6,0,10,0,0
260399,1,1,1990,0,0,0,0,0,0,0,7,0,0
260400,1,1,1990,2,2,2,2,2,2,2,2,2,2
260401,1,1,1990,0,0,0,0,0,0,0,0,0,0
260402,1,1,1990,18,18,18,18,18,18,18,18,18,18
260403,1,1,1990,21,21,21,21,21,21,21,21,21,21
260404,1,1,1990,0,0,0,0,0,0,0,0,0,15
260404,2,1,1990,0,0,0,0,0,0,0,0,0,0
260405,1,1,1990,0,0,0,0,0,0,0,0,0,0
260405,2,1,1990,0,0,0,0,0,0,0,0,0,0
260405,3,1,1990,0,0,0,0,0,0,0,0,0,0
260406,1,1,1990,10,10,10,10,10,10,10,10,10,10
260407,1,1,1990,0,0,0,0,0,0,0,0,0,0
260407,2,1,1990,0,12,0,0,0,0,0,0,21,0
260408,1,1,1990,0,0,0,0,0,0,0,0,0,0
260408,2,1,1990,0,0,0,0,0,0,0,0,0,0
260410,1,1,1990,13,13,13,13,13,13,13,13,13,13
260411,1,1,1990,0,0,0,0,0,0,0,0,0,0
260412,1,1,1990,9,9,9,9,9,9,9,9,9,9
260412,2,1,1990,0,0,0,0,0,0,12,0,0,0
260413,1,1,1990,0,0,0,0,0,0,0,0,0,0
260413,2,1,1990,0,0,0,0,0,0,0,0,0,0
260414,1,1,1990,9,9,9,9,9,9,9,9,9,9
260415,0,1,1990,25,25,25,25,25,25,25,25,25,25
260415,1,1,1990,0,0,0,0,0,0,0,0,0,0
260416,0,1,1990,0,0,0,0,0,0,0,0,0,0
260416,1,1,1990,0,0,0,0,0,0,0,0,0,0
260417,1,1,1990,0,0,0,0,0,0,0,0,0,0
260417,2,1,1990,15,0,15,15,6,15,19,7,23,14
260418,1,1,1990,29,29,29,29,29,29,29,29,29,29
260418,2,1,1990,0,0,0,0,0,0,0,0,0,0
260419,1,1,1990,15,15,15,15,15,15,15,15,15,15
260420,1,1,1990,9,9,9,9,9,9,9,9,9,9
260420,2,1,1990,25,20,5,8,22,9,16,18,0,11
260420,3,1,1990,18,15,3,10,16,12,21,5,10,13
260420,4,1,1990,0,0,0,0,0,0,0,0,0,0
260421,1,1,1990,17,0,13,26,19,17,8,0,14,11
260422,1,1,1990,0,0,0,0,0,0,0,0,0,0
260422,2,1,1990,0,9,0,0,0,0,0,0,0,0
260423,1,1,1990,16,16,16,16,16,16,16,16,16,16
260424,1,1,1990,0,0,0,0,0,0,0,0,0,20
260424,2,1,1990,0,0,0,0,0,0,0,0,0,0
260425,1,1,1990,0,0,0,0,0,0,0,0,0,0
260425,2,1,1990,15,5,10,28,22,0,10,8,3,19
260426,0,1,1990,0,0,0,0,0,0,0,0,0,0
260426,1,1,1990,12,12,12,12,12,12,12,12,12,12
260427,1,1,1990,0,0,0,0,0,0,0,0,0,0
260427,2,1,1990,0,0,0,0,0,0,0,0,0,0
260428,1,1,1990,0,0,0,0,0,31,0,0,0,0
260429,0,1,1990,0,0,0,0,0,0,0,0,0,0
260429,0,2,1990,0,0,9,0,0,0,0,0,0,0
260429,1,1,1990,0,0,0,0,0,0,0,0,0,0
260429,2,1,1990,0,0,0,0,17,0,0,0,0,0
260430,1,1,1990,0,6,0,0,0,0,0,0,0,0
260430,2,1,1990,0,17,0,0,0,0,0,5,0,11
260431,1,1,1990,0,0,0,0,0,0,0,0,0,0
260431,2,1,1990,0,0,7,0,0,0,0,0,0,0
260432,0,1,1990,30,30,30,30,30,30,30,30,30,30
260432,1,1,1990,13,13,13,13,13,13,13,13,13,13
260433,0,1,1990,0,0,0,0,23,0,0,0,0,0
260433,1,1,1990,7,0,6,7,8,22,3,16,0,16
260434,1,1,1990,0,0,0,0,0,0,0,0,0,0
260434,2,1,1990,0,0,0,0,0,0,0,0,0,0
260435,1,1,1990,11,22,16,17,19,16,16,18,0,17
260436,1,1,1990,9,9,9,9,9,9,9,9,9,9
260437,1,1,1990,0,0,0,0,0,0,0,0,0,0
260437,2,1,1990,0,0,0,0,0,0,0,0,0,0
260438,0,1,1990,0,0,0,0,0,0,0,0,0,0
260438,1,1,1990,0,0,0,0,0,0,0,0,0,0
260439,0,1,1990,0,0,0,0,0,0,0,0,0,0
260439,1,1,1990,0,0,0,0,0,0,0,0,0,0
260440,1,1,1990,0,0,0,0,0,0,0,0,0,0
260440,2,1,1990,6,6,6,6,6,6,6,6,6,6
260441,0,1,1990,0,0,0,0,0,0,0,0,0,0
260441,1,1,1990,0,0,0,0,0,7,0,0,0,0
260442,1,1,1990,0,0,0,0,0,0,0,0,0,0
260442,2,1,1990,0,0,0,0,0,15,0,0,0,0
260442,3,1,1990,0,0,0,0,0,0,0,0,0,0
260443,1,1,1990,26,26,26,26,26,26,26,26,26,26
260444,1,1,1990,10,10,10,10,10,10,10,10,10,10
260445,1,1,1990,0,0,0,0,0,0,0,0,0,0
260446,1,1,1990,19,19,19,19,19,19,19,19,19,19
260446,2,1,1990,0,0,0,0,0,0,16,0,0,0
260447,1,1,1990,25,25,25,25,25,25,25,25,25,25
260447,2,1,1990,0,0,0,0,0,0,0,0,0,0
260448,1,1,1990,0,0,0,0,0,0,0,0,0,0
260449,1,1,1990,0,0,0,0,0,0,0,0,0,0
260449,2,1,1990,0,0,0,0,0,0,0,0,0,0
260450,1,1,1990,0,0,0,0,0,0,0,0,0,0
260450,2,1,1990,0,0,0,0,0,0,0,0,0,0
260451,1,1,1990,15,15,15,15,15,15,15,15,15,15
260452,0,1,1990,14,0,26,0,7,0,23,31,0,0
260452,1,1,1990,14,10,0,0,23,0,0,18,9,0
260453,1,1,1990,0,0,0,0,0,0,17,0,0,0
260453,2,1,1990,0,0,0,0,0,0,0,0,0,0
260454,1,1,1990,0,0,0,0,0,0,0,0,0,0
260454,2,1,1990,0,0,0,0,0,0,0,0,0,0
260455,1,1,1990,20,20,20,20,20,20,20,20,20,20
260456,0,1,1990,0,0,0,0,0,0,0,0,0,0
260456,1,1,1990,0,0,0,0,0,0,0,0,0,0
260457,1,1,1990,0,0,0,0,0,0,0,0,0,0
260457,2,1,1990,0,0,0,0,0,0,0,0,0,0
260458,0,1,1990,0,0,0,0,0,0,0,0,0,0
260458,1,1,1990,12,11,30,7,23,23,23,30,12,22
260459,1,1,1990,0,0,0,0,0,0,0,0,0,0
260459,2,1,1990,0,0,0,0,0,0,0,0,0,0
260460,1,1,1990,0,0,0,0,0,0,0,0,0,0
260460,2,1,1990,0,0,0,0,0,0,0,0,0,0
260461,0,1,1990,0,0,0,0,0,0,0,0,0,0
260461,1,1,1990,0,0,0,0,14,0,0,0,0,0
260462,1,1,1990,0,0,0,0,0,0,0,0,0,0
260463,1,1,1990,17,17,17,17,17,17,17,17,17,17
260464,1,1,1990,0,0,0,0,0,0,0,0,0,0
260464,2,1,1990,0,0,0,0,0,0,0,0,0,0
260464,3,1,1990,0,0,0,0,0,0,0,0,0,0
260465,1,1,1990,0,0,0,0,0,0,0,0,0,0
260466,1,1,1990,17,0,0,0,0,0,0,0,0,0
260466,2,1,1990,0,0,0,0,0,0,0,0,0,0
260467,1,1,1990,10,10,10,10,10,10,10,10,10,10
260468,1,1,1990,0,0,0,18,0,18,0,0,0,0
260468,2,1,1990,0,0,0,0,0,0,0,0,0,0
260469,1,1,1990,0,0,0,0,0,0,0,0,0,0
260470,0,1,1990,0,0,0,0,0,0,0,0,0,0
260470,1,1,1990,0,0,0,0,0,0,0,0,0,0
260472,0,1,1990,0,0,0,0,0,0,0,0,0,0
260472,1,1,1990,0,0,0,0,0,0,0,0,0,0
260472,2,1,1990,0,0,0,0,0,0,0,0,0,0
260473,1,1,1990,64,64,64,64,64,64,64,64,64,64
260474,1,1,1990,20,0,0,16,0,0,0,0,0,0
260475,1,1,1990,20,20,20,20,20,20,20,20,20,20
260476,1,1,1990,0,0,0,0,0,0,0,0,0,0
260476,2,1,1990,0,0,0,0,0,0,0,0,0,0
260477,1,1,1990,19,19,19,19,19,19,19,19,19,19
260477,2,1,1990,0,0,0,0,0,0,0,0,0,0
260478,1,1,1990,0,0,0,0,0,0,0,0,0,0
260478,2,1,1990,0,0,0,0,0,0,0,0,0,0
260478,3,1,1990,0,0,0,0,0,0,0,0,0,0
260479,1,1,1990,14,14,14,14,14,14,14,14,14,14
260480,1,1,1990,36,23,17,22,14,28,23,13,28,7
260481,1,1,1990,0,0,0,0,0,0,0,0,0,0
260481,2,1,1990,0,0,0,0,0,0,0,0,0,0
260482,1,1,1990,18,18,18,18,18,18,18,18,18,18
260482,2,1,1990,0,0,0,0,0,0,0,11,0,0
260483,1,1,1990,13,13,13,13,13,13,13,13,13,13
260484,1,1,1990,15,17,29,15,21,12,16,16,24,15
260485,1,1,1990,0,0,0,0,0,0,0,0,0,0
260486,1,1,1990,0,0,0,0,0,13,0,0,0,0
260486,2,1,1990,0,0,0,0,0,0,0,0,0,0
260487,1,1,1990,0,0,0,0,0,0,0,0,0,0
260488,1,1,1990,20,20,20,20,20,20,20,20,20,20
260488,2,1,1990,0,0,0,0,0,0,0,0,0,0
260489,1,1,1990,21,21,21,21,21,21,21,21,21,21
260490,1,1,1990,0,0,0,0,0,0,0,0,0,0
260490,2,1,1990,0,0,0,0,0,0,0,0,0,0
260491,0,1,1990,0,0,0,0,0,0,0,0,0,0
260491,1,1,1990,0,0,0,0,0,0,0,0,0,0
260492,1,1,1990,0,0,17,5,0,0,23,0,0,23
260492,2,1,1990,0,22,15,0,0,0,0,0,0,0
260493,1,1,1990,0,0,0,0,0,0,0,0,0,0
260493,2,1,1990,0,0,0,0,0,0,0,0,0,0
260494,1,1,1990,0,0,0,0,0,0,0,0,0,0
260494,2,1,1990,0,0,0,0,0,0,0,0,0,0
260494,3,1,1990,0,0,0,0,0,0,0,0,0,0
260495,1,1,1990,0,0,0,0,0,0,0,0,0,0
260496,0,1,1990,0,0,0,0,0,0,0,0,14,0
260496,0,2,1990,0,0,0,0,0,0,0,0,0,0
260496,0,3,1990,0,0,0,0,0,0,0,0,0,0
260496,0,4,1990,0,28,0,25,17,19,19,0,23,41
260496,0,5,1990,35,0,0,0,51,0,0,0,0,0
260496,1,1,1990,0,0,0,0,0,0,0,0,11,0
260497,1,1,1990,0,0,0,0,0,0,0,0,14,0
260498,0,1,1990,0,0,0,0,0,20,0,24,0,0
260498,1,1,1990,0,0,0,0,0,0,0,0,0,0
260499,0,1,1990,13,13,13,13,13,13,13,13,13,13
260499,1,1,1990,0,0,0,0,20,0,0,0,18,0
260499,2,1,1990,0,0,0,0,0,0,0,0,0,0
260500,1,1,1990,8,8,8,8,8,8,8,8,8,8
260501,1,1,1990,12,12,12,12,12,12,12,12,12,12
260502,1,1,1990,0,0,0,0,0,0,0,0,0,0
260502,2,1,1990,0,0,0,0,0,0,0,0,0,0
260503,1,1,1990,0,0,0,0,0,0,0,0,0,0
260504,1,1,1990,0,0,0,0,0,0,0,0,0,0
260504,2,1,1990,0,0,21,0,0,0,23,0,0,0
260505,0,1,1990,0,0,0,0,0,0,0,0,0,0
260505,1,1,1990,12,12,12,12,12,12,12,12,12,12
260506,1,1,1990,16,16,16,16,16,16,16,16,16,16
260506,2,1,1990,0,0,0,0,0,0,0,0,0,16
260507,1,1,1990,0,0,0,0,0,0,0,0,0,0
260507,2,1,1990,0,0,0,7,0,0,0,0,0,0
260508,1,1,1990,0,0,0,0,0,0,0,0,0,0
260508,2,1,1990,0,0,0,0,0,0,0,0,0,0
260509,1,1,1990,12,12,12,12,12,12,12,12,12,12
260509,2,1,1990,0,0,0,0,0,0,0,0,0,0
260510,1,1,1990,0,11,0,0,0,0,0,0,0,0
260510,2,1,1990,9,0,0,0,0,0,0,0,0,0
260511,1,1,1990,15,15,15,15,15,15,15,15,15,15
260511,2,1,1990,10,13,8,0,20,19,10,0,6,12
260512,1,1,1990,26,26,26,26,26,26,26,26,26,26
260513,0,1,1990,0,0,0,0,0,0,0,0,0,0
260513,1,1,1990,0,0,0,0,0,0,0,0,0,0
260514,0,1,1990,22,30,15,16,2,5,38,16,0,21
260514,1,1,1990,0,0,0,0,0,0,0,0,0,0
260515,1,1,1990,5,5,5,5,5,5,5,5,5,5
260516,1,1,1990,16,16,16,16,16,16,16,16,16,16
260517,1,1,1990,0,0,0,0,0,0,0,0,0,0
260517,2,1,1990,0,0,0,0,9,0,0,0,0,0
260518,0,1,1990,0,0,0,0,0,0,0,0,21,0
260518,1,1,1990,0,0,0,0,0,0,0,0,0,0
260519,0,1,1990,13,31,34,10,35,39,21,31,21,11
260519,1,1,1990,18,20,18,20,21,24,20,4,16,14
260520,1,1,1990,20,20,20,20,20,20,20,20,20,20
260520,2,1,1990,0,0,0,0,0,0,0,0,0,0
260521,1,1,1990,0,0,0,0,0,0,0,0,0,0
260521,2,1,1990,0,0,0,0,0,0,0,0,0,0
260522,1,1,1990,0,0,0,0,0,0,0,2,0,0
260522,2,1,1990,0,0,0,0,0,0,0,0,0,0
260522,3,1,1990,0,0,0,0,0,0,0,6,0,0
260523,1,1,1990,12,12,12,12,12,12,12,12,12,12
260523,2,1,1990,0,0,0,0,0,0,0,0,0,0
260524,1,1,1990,0,0,0,0,8,0,0,0,0,0
260524,2,1,1990,0,7,0,0,0,0,0,0,0,0
260525,0,1,1990,0,0,0,0,0,0,0,0,0,0
260525,1,1,1990,0,0,0,0,11,0,0,14,0,13
260525,2,1,1990,0,0,0,0,0,9,0,23,0,0
260526,1,1,1990,0,0,0,0,0,0,0,0,0,0
260526,2,1,1990,0,0,0,0,0,0,0,0,0,0
260527,1,1,1990,14,14,14,14,14,14,14,14,14,14
260528,0,1,1990,0,0,0,0,0,0,0,0,0,0
260528,1,1,1990,0,0,0,0,0,18,13,0,0,8
260529,1,1,1990,0,9,39,3,7,11,23,17,17,10
260530,1,1,1990,3,3,3,3,3,3,3,3,3,3
260531,1,1,1990,0,0,0,0,0,0,0,0,0,0
260531,2,1,1990,0,0,0,0,0,0,0,0,0,0
260532,1,1,1990,0,0,0,0,0,0,0,0,0,0
260532,2,1,1990,0,0,0,0,0,0,0,0,0,0
260533,1,1,1990,21,21,21,21,21,21,21,21,21,21
260533,2,1,1990,18,18,18,18,18,18,18,18,18,18
260534,1,1,1990,13,13,13,13,13,13,13,13,13,13
260535,1,1,1990,0,0,0,0,0,0,0,0,0,0
260535,2,1,1990,0,0,0,0,0,0,0,0,0,0
260536,0,1,1990,9,9,9,9,9,9,9,9,9,9
260536,1,1,1990,19,19,19,19,19,19,19,19,19,19
260537,0,1,1990,0,0,0,0,0,0,0,0,0,0
260537,1,1,1990,16,16,16,16,16,16,16,16,16,16
260538,1,1,1990,13,13,13,13,13,13,13,13,13,13
260538,2,1,1990,0,0,19,0,0,0,0,0,0,0
260539,1,1,1990,0,0,18,0,18,10,10,0,0,13
260539,2,1,1990,0,0,0,0,0,0,0,0,0,0
260539,3,1,1990,0,0,0,0,0,0,0,0,8,16
260540,0,1,1990,0,0,0,0,0,0,0,0,0,0
260540,1,1,1990,11,24,16,9,14,16,10,19,7,7
260541,1,1,1990,22,22,22,22,22,22,22,22,22,22
260542,1,1,1990,0,0,0,0,0,0,0,0,0,0
260542,2,1,1990,6,0,0,0,0,0,19,0,0,0
260543,1,1,1990,22,19,19,25,29,29,14,16,11,12
260543,2,1,1990,0,0,7,0,7,0,0,0,0,0
260544,1,1,1990,0,0,0,0,0,0,0,0,0,0
260544,2,1,1990,0,0,0,0,0,0,0,0,0,0
260544,3,1,1990,0,0,0,0,0,0,0,0,0,0
260545,1,1,1990,21,21,21,21,21,21,21,21,21,21
260545,2,1,1990,0,0,0,0,0,0,0,0,0,0
260546,1,1,1990,0,0,16,0,0,0,0,0,0,0
260546,2,1,1990,0,0,0,0,0,0,0,0,0,0
260547,1,1,1990,15,0,0,0,0,20,0,0,0,0
260548,1,1,1990,15,15,15,15,15,15,15,15,15,15
260549,1,1,1990,26,16,8,38,0,0,13,35,20,6
260549,2,1,1990,0,0,0,0,0,0,0,0,0,0
260550,1,1,1990,0,0,0,0,0,0,0,0,0,0
260550,2,1,1990,0,0,0,0,0,0,0,0,0,0
260551,0,1,1990,0,0,0,14,0,0,0,0,0,0
260551,1,1,1990,18,18,18,18,18,18,18,18,18,18
260552,1,1,1990,12,21,0,25,21,11,18,22,18,16
260553,1,1,1990,13,13,13,13,13,13,13,13,13,13
260554,1,1,1990,22,22,22,22,22,22,22,22,22,22
260555,0,1,1990,22,22,22,22,22,22,22,22,22,22
260555,1,1,1990,0,0,0,0,0,0,0,0,0,0
260555,2,1,1990,0,0,0,0,0,0,0,0,0,0
260556,1,1,1990,14,14,14,14,14,14,14,14,14,14
260557,1,1,1990,28,28,28,28,28,28,28,28,28,28
260557,2,1,1990,0,0,0,0,0,0,0,0,0,0
260558,0,1,1990,0,0,0,0,0,0,0,0,0,0
260558,1,1,1990,0,0,12,9,0,0,0,0,0,0
260559,0,1,1990,27,27,27,27,27,27,27,27,27,27
260559,1,1,1990,23,23,23,23,23,23,23,23,23,23
260560,1,1,1990,0,0,0,0,0,0,0,0,0,0
260560,2,1,1990,0,8,0,0,0,0,0,0,0,0
260561,0,1,1990,0,0,0,0,0,0,0,0,0,0
260561,1,1,1990,0,0,0,0,0,0,0,0,0,0
260562,1,1,1990,13,13,13,13,13,13,13,13,13,13
260562,2,1,1990,0,0,0,0,0,0,0,0,0,0
260563,1,1,1990,16,16,16,16,16,16,16,16,16,16
260564,1,1,1990,0,0,0,0,0,0,0,0,0,0
260564,2,1,1990,0,0,0,0,0,0,0,0,0,0
260565,1,1,1990,0,0,0,0,0,0,0,0,0,0
260565,2,1,1990,0,0,0,0,0,0,0,0,0,0
260566,1,1,1990,0,0,0,0,0,0,0,0,0,0
260566,2,1,1990,0,0,0,0,0,0,0,0,13,0
260566,3,1,1990,0,0,0,0,0,0,0,0,0,0
260566,4,1,1990,0,0,0,0,0,0,0,0,0,0
260567,1,1,1990,0,0,0,0,0,0,0,0,0,0
260567,2,1,1990,2,0,0,13,0,0,0,0,0,0
260568,1,1,1990,13,13,13,13,13,13,13,13,13,13
260568,2,1,1990,4,4,4,4,4,4,4,4,4,4
260569,1,1,1990,17,17,17,17,17,17,17,17,17,17
260570,1,1,1990,2,2,2,2,2,2,2,2,2,2
260570,2,1,1990,0,14,0,0,0,0,0,0,0,0
260570,3,1,1990,0,0,0,0,0,0,0,0,0,0
260571,1,1,1990,28,28,28,28,28,28,28,28,28,28
260571,2,1,1990,0,0,0,0,0,0,0,0,0,0
260572,1,1,1990,11,11,11,11,11,11,11,11,11,11
260572,2,1,1990,22,0,0,0,0,0,0,0,0,0
260572,3,1,1990,13,0,0,0,0,0,0,0,0,0
260573,1,1,1990,16,16,16,16,16,16,16,16,16,16
260574,1,1,1990,0,0,0,0,0,0,0,0,0,0
260575,1,1,1990,10,10,10,10,10,10,10,10,10,10
260575,2,1,1990,12,12,12,12,12,12,12,12,12,12
260576,1,1,1990,31,31,31,31,31,31,31,31,31,31
260576,2,1,1990,0,0,0,0,0,0,0,0,0,0
260577,1,1,1990,0,0,0,0,0,0,0,0,0,0
260577,2,1,1990,0,0,0,0,0,0,13,0,0,0
260578,1,1,1990,0,0,0,0,0,0,0,0,0,0
260578,2,1,1990,0,0,0,0,0,0,0,0,0,0
260579,1,1,1990,31,31,31,31,31,31,31,31,31,31
260580,1,1,1990,12,0,0,0,0,0,0,0,0,0
260580,2,1,1990,0,0,0,0,0,0,0,0,0,0
260581,1,1,1990,14,14,14,14,14,14,14,14,14,14
260582,1,1,1990,0,0,0,0,0,0,0,0,0,0
260582,2,1,1990,0,0,0,0,0,0,0,0,0,0
260583,1,1,1990,0,0,0,0,0,0,0,0,0,0
260583,2,1,1990,0,0,10,0,0,0,0,0,11,0
260584,0,1,1990,27,27,27,27,27,27,27,27,27,27
260584,1,1,1990,19,19,19,19,19,19,19,19,19,19
260585,1,1,1990,0,0,0,0,0,0,0,0,0,10
260585,2,1,1990,0,0,0,0,0,0,0,0,0,0
260586,1,1,1990,26,26,26,26,26,26,26,26,26,26
260587,1,1,1990,0,0,0,6,0,0,0,6,0,0
260587,2,1,1990,0,0,0,0,0,0,0,0,0,0
260588,1,1,1990,0,0,0,0,0,0,0,0,0,0
260588,2,1,1990,0,0,0,0,0,0,0,0,0,0
260589,0,1,1990,0,0,0,0,0,0,0,0,0,0
260589,1,1,1990,0,0,0,0,0,0,0,0,0,0
260590,1,1,1990,3,8,15,14,28,21,7,20,15,20
260591,1,1,1990,11,11,11,11,11,11,11,11,11,11
260592,1,1,1990,0,0,0,0,0,0,0,0,0,0