ST_CASE,VEH_NO,PER_NO,YEAR,P1,P2,P3,P4,P5,P6,P7,P8,P9,P10
310025,2,1,1990,0,0,0,0,0,0,0,0,0,0
310026,1,1,1990,9,9,9,9,9,9,9,9,9,9
310026,2,1,1990,20,20,20,20,20,20,20,20,20,20
310027,1,1,1990,0,0,0,0,0,0,0,0,0,0
310027,2,1,1990,0,0,0,0,0,0,0,0,0,0
310028,1,1,1990,0,0,0,0,0,0,0,0,0,0
310028,2,1,1990,0,0,0,0,0,0,0,0,0,0
310030,1,1,1990,22,22,22,22,22,22,22,22,22,22
310031,1,1,1990,0,0,0,0,0,0,0,0,0,0
310031,2,1,1990,0,0,0,0,0,0,0,0,0,0
310032,1,1,1990,0,0,0,0,0,0,0,0,0,0
310032,2,1,1990,0,0,0,0,0,0,0,0,0,0
310033,1,1,1990,0,0,0,0,0,0,0,0,0,0
310033,2,1,1990,0,0,0,0,0,0,0,0,0,0
310034,1,1,1990,0,0,0,0,0,0,0,0,0,0
310035,1,1,1990,20,20,20,20,20,20,20,20,20,20
310036,1,1,1990,0,0,0,0,0,0,0,0,0,0
310036,2,1,1990,0,0,0,0,0,0,0,0,0,0
310036,3,1,1990,0,0,0,0,0,0,0,0,0,0
310037,1,1,1990,23,23,23,23,23,23,23,23,23,23
310038,1,1,1990,0,0,0,0,0,0,0,0,0,0
310039,1,1,1990,0,0,0,0,0,0,0,0,0,0
310039,2,1,1990,0,0,0,0,0,0,0,0,0,0
310040,0,1,1990,0,0,0,0,7,0,0,0,0,0
310040,1,1,1990,0,0,0,0,0,0,0,0,0,0
310041,1,1,1990,10,10,10,10,10,10,10,10,10,10
310042,1,1,1990,0,0,4,0,7,0,0,0,4,0
310043,1,1,1990,15,15,15,15,15,15,15,15,15,15
310043,2,1,1990,0,0,0,0,0,0,0,0,0,0
310044,1,1,1990,0,0,0,0,0,0,0,0,0,0
310045,1,1,1990,18,18,18,18,18,18,18,18,18,18
310046,1,1,1990,0,0,0,0,0,0,0,0,0,0
310046,2,1,1990,0,0,0,0,0,0,0,0,0,0
310047,1,1,1990,0,0,0,0,0,0,0,0,0,0
310048,1,1,1990,0,0,0,0,0,0,0,0,0,0
310048,2,1,1990,0,0,0,0,0,0,0,0,0,0
310049,1,1,1990,7,7,7,7,7,7,7,7,7,7
310050,1,1,1990,10,10,10,10,10,10,10,10,10,10
310050,2,1,1990,0,0,0,0,0,0,0,0,0,0
310051,1,1,1990,0,0,0,0,0,3,0,0,0,0
310051,2,1,1990,0,0,0,0,0,0,0,0,0,0
310052,1,1,1990,0,0,0,0,0,0,0,0,0,0
310053,1,1,1990,2,2,2,2,2,2,2,2,2,2
310053,2,1,1990,0,0,0,0,0,0,0,0,0,0
310054,1,1,1990,13,13,13,13,13,13,13,13,13,13
310055,1,1,1990,0,0,10,0,0,0,0,0,0,0
310056,1,1,1990,0,19,6,35,23,16,42,15,10,41
310057,1,1,1990,3,3,3,3,3,3,3,3,3,3
310057,2,1,1990,16,16,16,16,16,16,16,16,16,16
310058,1,1,1990,0,0,0,0,16,0,0,0,0,0
310058,2,1,1990,0,0,0,0,0,0,0,0,0,0
310058,3,1,1990,0,0,0,0,0,0,0,0,0,7
310059,1,1,1990,0,0,0,0,0,0,0,0,0,0
310060,1,1,1990,8,8,8,8,8,8,8,8,8,8
310061,1,1,1990,27,27,27,27,27,27,27,27,27,27
310062,1,1,1990,0,0,0,0,0,0,0,0,0,0
310062,2,1,1990,0,0,0,0,0,0,0,0,0,0
310063,1,1,1990,0,0,0,0,0,0,0,0,0,0
310063,2,1,1990,0,0,0,0,0,0,0,0,0,0
310064,1,1,1990,0,0,0,0,0,0,0,0,0,0
310064,2,1,1990,1,1,1,1,1,1,1,1,1,1
310065,1,1,1990,0,0,0,0,0,0,0,0,0,0
310065,2,1,1990,7,7,7,7,7,7,7,7,7,7
310066,1,1,1990,0,0,0,0,0,0,0,0,0,0
310066,2,1,1990,0,0,0,0,0,0,0,0,0,0
310067,1,1,1990,19,19,19,19,19,19,19,19,19,19
310068,1,1,1990,0,0,0,0,0,0,0,0,0,0
310068,2,1,1990,0,0,0,0,0,0,0,0,0,0
310068,3,1,1990,0,0,0,0,0,0,0,0,0,0
310069,1,1,1990,0,0,0,0,0,0,0,0,0,0
310069,2,1,1990,11,0,0,0,0,0,0,0,0,0
310070,1,1,1990,3,3,3,3,3,3,3,3,3,3
310071,1,1,1990,0,0,0,0,0,0,0,0,0,0
310072,1,1,1990,0,0,0,0,0,0,0,0,0,0
310072,2,1,1990,0,0,0,0,0,0,0,0,0,0
310073,1,1,1990,0,0,0,0,0,0,0,0,0,0
310073,2,1,1990,0,0,0,0,0,0,0,0,0,0
310074,1,1,1990,0,0,0,0,0,0,0,0,0,0
310074,2,1,1990,23,23,23,23,23,23,23,23,23,23
310075,1,1,1990,13,13,13,13,13,13,13,13,13,13
310076,1,1,1990,0,0,0,0,0,0,0,0,0,0
310076,2,1,1990,0,0,0,0,0,0,0,0,0,0
310077,1,1,1990,0,0,0,0,0,0,0,0,0,0
310077,2,1,1990,0,0,0,0,0,0,0,0,0,0
310078,1,1,1990,23,23,23,23,23,23,23,23,23,23
310079,1,1,1990,13,13,13,13,13,13,13,13,13,13
310080,0,1,1990,25,25,25,25,25,25,25,25,25,25
310080,1,1,1990,0,0,0,0,0,0,0,0,0,0
310081,1,1,1990,0,0,0,0,11,0,0,0,0,0
310082,1,1,1990,0,0,0,0,0,0,0,0,0,0
310082,2,1,1990,0,0,0,0,0,0,0,0,0,0
310083,0,1,1990,0,0,0,0,0,0,0,0,0,0
310083,0,2,1990,0,0,0,0,0,0,0,0,0,0
310083,1,1,1990,0,0,0,0,0,0,0,0,0,0
310084,1,1,1990,0,0,0,0,0,0,0,0,0,0
310085,0,1,1990,26,26,26,26,26,26,26,26,26,26
310085,1,1,1990,4,4,4,4,4,4,4,4,4,4
310085,2,1,1990,1,1,1,1,1,1,1,1,1,1
310086,0,1,1990,0,0,0,0,0,0,0,14,0,0
310086,1,1,1990,0,0,0,7,0,15,0,0,22,0
310087,1,1,1990,7,7,7,7,7,7,7,7,7,7
310087,2,1,1990,0,0,0,0,0,0,0,0,0,0
310088,1,1,1990,19,19,19,19,19,19,19,19,19,19
310088,2,1,1990,5,5,5,5,5,5,5,5,5,5
310089,0,1,1990,0,0,0,0,0,0,0,0,0,0
310089,1,1,1990,2,2,2,2,2,2,2,2,2,2
310090,0,1,1990,27,27,27,27,27,27,27,27,27,27
310090,0,2,1990,14,13,0,15,16,20,10,34,21,0
310090,1,1,1990,27,27,27,27,27,27,27,27,27,27
310091,1,1,1990,10,10,10,10,10,10,10,10,10,10
310092,1,1,1990,0,0,0,0,0,0,0,0,0,0
310093,1,1,1990,0,0,0,0,0,0,0,0,0,0
310094,1,1,1990,0,5,0,0,0,0,0,0,0,0
310094,2,1,1990,0,0,0,0,0,0,0,0,0,7
310095,1,1,1990,16,16,16,16,16,16,16,16,16,16
310096,1,1,1990,38,38,38,38,38,38,38,38,38,38
310097,1,1,1990,6,6,6,6,6,6,6,6,6,6
310097,2,1,1990,0,0,0,0,0,0,0,0,0,0
310097,3,1,1990,6,8,5,36,27,6,9,0,16,19
310098,1,1,1990,0,0,0,0,0,0,0,0,0,0
310099,1,1,1990,11,11,11,11,11,11,11,11,11,11
310099,2,1,1990,0,0,0,0,0,0,0,0,0,0
310100,1,1,1990,0,0,0,0,0,0,0,0,0,0
310101,1,1,1990,19,19,19,19,19,19,19,19,19,19
310102,0,1,1990,0,0,0,0,0,0,0,0,0,0
310102,1,1,1990,0,0,0,0,0,0,0,0,0,0
310103,1,1,1990,0,0,0,0,0,0,0,0,0,0
310104,1,1,1990,0,0,0,0,0,0,0,0,0,0
310104,2,1,1990,0,0,0,0,0,0,0,0,0,0
310105,1,1,1990,0,0,0,0,0,0,0,0,0,0
310105,2,1,1990,0,0,0,0,0,0,0,0,0,0
310106,1,1,1990,30,0,22,11,24,0,11,0,0,2
310108,0,1,1990,0,0,0,0,0,0,0,0,0,0
310108,1,1,1990,0,0,0,0,0,0,0,0,0,0
310109,1,1,1990,5,5,5,5,5,5,5,5,5,5
310109,2,1,1990,7,7,7,7,7,7,7,7,7,7
310110,1,1,1990,0,0,0,0,0,0,0,0,0,0
310110,2,1,1990,19,19,19,19,19,19,19,19,19,19
310111,1,1,1990,0,0,0,0,0,0,0,0,0,0
310111,2,1,1990,0,0,0,0,0,0,0,0,0,0
310112,0,1,1990,0,0,0,0,0,0,0,0,0,0
310112,1,1,1990,9,0,0,0,16,0,0,0,0,0
310113,1,1,1990,15,27,17,26,15,12,22,20,10,28
310114,1,1,1990,0,0,0,0,0,0,0,0,0,0
310115,1,1,1990,0,0,0,0,0,0,0,0,0,0
310115,2,1,1990,0,0,0,0,0,0,0,0,0,0
310116,1,1,1990,16,16,16,16,16,16,16,16,16,16
310117,1,1,1990,0,0,0,0,0,0,0,0,0,0
310117,2,1,1990,0,0,0,0,0,0,0,0,0,0
310118,0,1,1990,11,0,0,24,0,0,0,0,0,0
310118,1,1,1990,0,0,0,0,0,0,0,0,0,0
310119,1,1,1990,0,0,0,0,0,0,0,0,0,0
310120,1,1,1990,0,0,0,0,0,0,0,0,0,0
310120,2,1,1990,0,0,0,0,0,0,0,0,0,0
310121,0,1,1990,24,24,24,24,24,24,24,24,24,24
310121,1,1,1990,0,0,0,0,0,0,0,0,0,0
310122,1,1,1990,0,0,0,0,0,0,0,0,0,7
310122,2,1,1990,0,0,0,0,0,0,0,0,0,0
310123,1,1,1990,0,0,0,0,0,0,0,0,0,0
310123,2,1,1990,0,0,0,0,0,0,0,0,0,0
310124,0,1,1990,0,0,0,0,0,0,0,0,0,0
310124,1,1,1990,0,0,0,0,0,0,0,0,0,0
310125,1,1,1990,0,0,0,0,0,0,0,0,0,0
310125,2,1,1990,0,0,0,0,0,0,0,0,0,0
310126,1,1,1990,10,10,10,10,10,10,10,10,10,10
310127,1,1,1990,21,21,21,21,21,21,21,21,21,21
310128,1,1,1990,6,6,6,6,6,6,6,6,6,6
310129,0,1,1990,31,31,31,31,31,31,31,31,31,31
310129,1,1,1990,0,0,0,0,0,0,0,0,0,0
310130,0,1,1990,0,0,0,0,0,0,0,0,0,0
310130,1,1,1990,14,14,14,14,14,14,14,14,14,14
310131,1,1,1990,21,21,21,21,21,21,21,21,21,21
310131,2,1,1990,0,0,0,0,0,0,0,0,0,0
310132,1,1,1990,0,0,0,0,0,0,0,0,0,0
310132,2,1,1990,0,0,0,0,0,0,0,0,0,0
310133,1,1,1990,0,0,0,0,0,0,0,0,0,0
310134,1,1,1990,0,0,0,0,0,0,0,0,0,0
310135,1,1,1990,0,0,0,0,0,0,0,0,0,0
310135,2,1,1990,0,0,0,0,0,0,0,0,0,0
310136,1,1,1990,0,0,0,0,0,0,0,0,0,0
310136,2,1,1990,0,0,0,0,0,0,0,0,0,0
310137,1,1,1990,0,0,0,0,0,0,0,0,0,0
310138,0,1,1990,0,0,0,0,0,0,0,0,0,0
310138,1,1,1990,0,0,0,6,0,0,0,0,0,0
310139,1,1,1990,16,0,0,0,0,14,12,0,13,39
310140,1,1,1990,0,0,0,0,0,0,0,0,0,0
310140,2,1,1990,0,0,0,0,0,0,0,0,0,0
310142,1,1,1990,0,0,0,0,15,0,0,0,0,0
310142,2,1,1990,0,0,0,0,0,0,0,0,0,0
310143,1,1,1990,21,21,21,21,21,21,21,21,21,21
310143,2,1,1990,14,14,14,14,14,14,14,14,14,14
310144,1,1,1990,0,0,0,0,0,0,0,0,0,0
310144,2,1,1990,0,0,0,0,0,0,0,0,0,0
310145,0,1,1990,0,0,0,0,0,0,0,19,0,0
310145,1,1,1990,0,0,0,0,0,0,0,0,0,0
310146,1,1,1990,9,9,9,9,9,9,9,9,9,9
310147,1,1,1990,16,14,0,20,0,20,14,0,39,0
310149,1,1,1990,0,0,0,0,0,0,0,0,0,0
310150,1,1,1990,17,17,17,17,17,17,17,17,17,17
310150,2,1,1990,12,12,12,12,12,12,12,12,12,12
310151,1,1,1990,0,0,0,0,0,0,0,0,0,0
310152,0,1,1990,0,0,0,0,0,0,0,0,0,0
310152,1,1,1990,0,0,0,0,0,0,0,0,0,0
310153,1,1,1990,16,16,16,16,16,16,16,16,16,16
310154,1,1,1990,0,0,0,0,0,0,0,0,0,0
310155,0,1,1990,5,0,39,13,31,7,20,8,21,0
310155,2,1,1990,0,0,0,0,0,0,0,0,0,0
310156,1,1,1990,34,34,34,34,34,34,34,34,34,34
310157,1,1,1990,12,9,20,13,24,19,13,18,16,29
310158,1,1,1990,0,0,0,0,0,0,0,0,0,0
310159,1,1,1990,0,0,0,0,0,0,0,0,0,0
310159,2,1,1990,0,0,0,0,0,0,0,0,0,0
310160,1,1,1990,0,0,13,0,0,0,0,0,0,0
310160,2,1,1990,0,0,11,5,0,0,0,0,0,0
310161,1,1,1990,16,0,3,4,20,20,5,12,21,0
310161,2,1,1990,0,0,0,0,0,0,0,0,0,0
310162,1,1,1990,0,23,0,0,0,0,0,0,0,0
310163,1,1,1990,30,30,30,30,30,30,30,30,30,30
310164,1,1,1990,0,0,0,0,0,0,0,0,0,0
310164,2,1,1990,0,0,0,0,0,0,0,0,0,0
310165,0,1,1990,0,0,0,0,0,0,0,0,0,0
310165,1,1,1990,0,0,0,0,0,0,0,0,0,0
310166,1,1,1990,23,23,23,23,23,23,23,23,23,23
310167,1,1,1990,0,0,0,0,0,0,0,0,0,0
310167,2,1,1990,0,0,0,0,0,0,0,0,0,0
310168,0,1,1990,0,0,0,25,0,0,0,34,0,0
310170,1,1,1990,17,17,17,17,17,17,17,17,17,17
310171,1,1,1990,0,0,0,0,0,0,0,0,0,0
310171,2,1,1990,0,0,0,0,0,0,0,0,0,0
310172,1,1,1990,0,0,0,0,0,0,0,0,0,0
310172,2,1,1990,13,13,13,13,13,13,13,13,13,13
310173,1,1,1990,28,28,28,28,28,28,28,28,28,28
310174,1,1,1990,0,0,0,0,0,0,0,0,0,0
310174,2,1,1990,0,0,0,0,0,0,0,0,0,0
310175,1,1,1990,15,15,15,15,15,15,15,15,15,15
310175,2,1,1990,0,0,0,0,0,0,0,0,0,0
310176,1,1,1990,0,0,0,0,0,0,0,0,0,0
310176,2,1,1990,0,0,15,0,20,0,0,10,7,31
310177,1,1,1990,0,0,0,0,0,0,0,0,0,0
310178,1,1,1990,0,0,0,0,0,0,0,0,0,0
310179,1,1,1990,0,0,0,0,0,0,0,0,0,0
310179,2,1,1990,0,0,0,0,0,0,0,0,0,0
310180,1,1,1990,16,16,16,16,16,16,16,16,16,16
310181,1,1,1990,0,0,0,0,0,0,0,0,0,0
310181,2,1,1990,0,0,10,0,26,0,0,0,0,0
310182,1,1,1990,10,10,10,10,10,10,10,10,10,10
310183,1,1,1990,22,22,22,22,22,22,22,22,22,22
310183,2,1,1990,0,0,0,0,0,0,0,0,0,0
310184,1,1,1990,0,0,0,0,0,0,0,0,0,0
310184,2,1,1990,0,0,0,0,0,0,0,0,0,0
310185,1,1,1990,0,0,0,19,0,0,0,0,0,0
310185,2,1,1990,0,0,0,0,0,0,0,0,0,0
310186,1,1,1990,0,0,0,0,0,0,0,0,0,0
310186,2,1,1990,0,0,0,0,0,0,0,0,0,0
310187,1,1,1990,0,0,0,0,0,0,0,0,0,0
310187,2,1,1990,0,0,0,0,0,0,0,0,0,0
310188,0,1,1990,31,31,31,31,31,31,31,31,31,31
310188,0,2,1990,3,3,3,3,3,3,3,3,3,3
310189,1,1,1990,0,0,0,0,0,0,0,0,0,0
310189,2,1,1990,21,21,21,21,21,21,21,21,21,21
310190,1,1,1990,0,0,0,0,0,0,0,0,0,0
310190,2,1,1990,0,0,0,0,0,0,0,0,0,0
310191,0,1,1990,0,0,0,0,0,0,0,0,0,0
310191,1,1,1990,0,0,0,9,0,0,0,0,0,0
310192,1,1,1990,0,0,0,0,0,0,0,0,0,0
310192,2,1,1990,0,0,0,0,0,0,0,0,0,0
310193,1,1,1990,0,0,0,0,0,0,0,0,0,0
310193,2,1,1990,0,0,0,0,0,0,0,0,0,0
310194,1,1,1990,0,0,0,0,0,0,0,0,0,0
310195,1,1,1990,22,22,22,22,22,22,22,22,22,22
310196,1,1,1990,0,0,0,0,0,0,0,0,0,0
310196,2,1,1990,19,0,0,0,0,0,0,0,0,0
310197,1,1,1990,0,0,0,0,0,0,0,0,0,0
310197,2,1,1990,0,0,0,0,0,0,0,0,0,0
310197,3,1,1990,0,0,0,0,0,0,0,0,0,0
310197,4,1,1990,0,0,0,0,0,0,0,0,0,0
310198,1,1,1990,22,22,22,22,22,22,22,22,22,22
310199,1,1,1990,0,0,0,0,0,0,0,0,0,0
310200,1,1,1990,0,0,0,0,0,0,0,0,0,0
310200,2,1,1990,0,0,0,0,0,0,0,0,0,0
310201,1,1,1990,0,0,0,0,0,0,0,0,0,0
310201,2,1,1990,14,14,14,14,14,14,14,14,14,14
310202,1,1,1990,21,0,17,8,0,12,12,17,7,6
310202,2,1,1990,18,18,18,18,18,18,18,18,18,18
310203,1,1,1990,19,19,19,19,19,19,19,19,19,19
310203,2,1,1990,3,3,3,3,3,3,3,3,3,3
310204,0,1,1990,0,0,0,0,0,0,0,0,0,0
310204,1,1,1990,0,0,0,0,0,0,0,0,0,0
310205,1,1,1990,8,8,8,8,8,8,8,8,8,8
310206,1,1,1990,0,0,0,0,0,0,0,0,0,0
310206,2,1,1990,0,0,0,0,0,0,0,0,0,0
310207,1,1,1990,0,0,0,0,0,0,0,0,0,0
310207,2,1,1990,0,0,0,0,0,0,0,0,0,0
310208,1,1,1990,0,0,0,0,0,0,0,0,0,0
310208,2,1,1990,0,0,0,0,0,0,0,0,0,0
310209,1,1,1990,0,0,0,0,0,0,0,0,0,0
310209,2,1,1990,0,0,0,0,0,0,0,0,0,0
310210,1,1,1990,0,0,0,0,0,0,0,0,0,0
310210,2,1,1990,0,0,0,0,0,0,0,0,0,0
310211,1,1,1990,0,0,0,0,0,0,0,0,0,0
310211,2,1,1990,0,0,0,0,0,0,0,0,0,0
310212,1,1,1990,0,0,0,0,0,0,0,0,0,0
310213,1,1,1990,20,20,20,20,20,20,20,20,20,20
310214,1,1,1990,0,0,0,0,0,0,0,0,0,0
310214,2,1,1990,0,0,0,0,0,0,0,0,0,0
310214,3,1,1990,0,0,0,0,0,0,0,0,0,0
310214,4,1,1990,0,0,0,0,0,0,0,0,0,0
310215,1,1,1990,0,0,0,0,0,0,0,0,0,0
310215,2,1,1990,0,0,0,0,0,0,0,0,0,0
310216,1,1,1990,0,0,0,0,0,0,0,0,0,0
310216,2,1,1990,0,0,0,0,0,0,0,0,0,0
310217,1,1,1990,0,0,0,0,0,0,0,0,0,0
310217,2,1,1990,0,0,0,0,0,0,0,0,0,0
310218,1,1,1990,0,0,0,0,0,0,0,0,0,0
310218,2,1,1990,5,5,5,5,5,5,5,5,5,5
310218,3,1,1990,0,0,0,0,0,0,0,0,0,0
310219,1,1,1990,22,22,22,22,22,22,22,22,22,22
310220,1,1,1990,0,0,0,0,0,0,0,0,0,0
310220,2,1,1990,0,0,0,0,0,0,0,0,0,0
310221,1,1,1990,0,0,0,0,0,0,0,0,0,0
310221,2,1,1990,0,0,0,0,0,0,0,0,0,0
310222,1,1,1990,0,0,0,0,0,0,0,0,0,0
310222,2,1,1990,0,0,0,0,0,0,0,0,0,0
310223,1,1,1990,0,0,0,0,0,0,0,0,0,0
310223,2,1,1990,0,0,0,0,0,0,0,0,0,0
310224,1,1,1990,0,0,0,0,0,0,0,0,0,0
310226,1,1,1990,20,20,20,20,20,20,20,20,20,20
310227,0,1,1990,0,26,21,0,0,0,0,0,0,0
310227,1,1,1990,0,0,0,0,0,0,0,0,0,0
320001,1,1,1990,1,28,21,0,24,12,27,18,10,7
320002,1,1,1990,10,10,10,10,10,10,10,10,10,10
320003,1,1,1990,0,0,28,0,5,9,0,0,8,0
320004,1,1,1990,23,23,23,23,23,23,23,23,23,23
320004,2,1,1990,13,13,13,13,13,13,13,13,13,13
320004,3,1,1990,0,28,0,0,0,0,0,0,0,0
320005,1,1,1990,0,0,0,0,0,0,0,0,0,0
320005,2,1,1990,0,0,0,0,0,0,0,0,0,0
320006,0,1,1990,12,12,12,12,12,12,12,12,12,12
320006,1,1,1990,0,0,0,0,0,0,0,0,0,0
320007,1,1,1990,0,0,0,0,0,0,0,0,0,0
320008,0,1,1990,0,0,0,0,0,0,0,0,0,0
320008,1,1,1990,0,0,0,0,0,0,0,0,0,0
320009,1,1,1990,20,20,20,20,20,20,20,20,20,20
320010,0,1,1990,0,0,0,0,0,0,0,0,0,0
320010,1,1,1990,0,0,0,0,0,0,0,0,0,0
320011,1,1,1990,19,19,19,19,19,19,19,19,19,19
320011,2,1,1990,0,0,0,0,0,0,0,0,0,0
320012,1,1,1990,25,25,25,25,25,25,25,25,25,25
320012,2,1,1990,0,0,0,0,0,0,0,0,0,0
320013,1,1,1990,0,0,0,0,0,0,0,0,0,0
320014,0,1,1990,0,0,0,0,0,0,0,0,0,0
320014,1,1,1990,0,0,0,0,0,0,0,0,0,0
320015,1,1,1990,0,0,0,0,0,0,0,0,0,0
320015,2,1,1990,0,0,0,0,0,0,0,0,0,0
320015,3,1,1990,0,0,0,0,0,0,0,0,0,0
320016,0,1,1990,0,0,0,0,0,0,0,0,0,0
320016,1,1,1990,0,0,0,0,0,0,0,0,0,0
320017,1,1,1990,9,9,9,9,9,9,9,9,9,9
320017,2,1,1990,0,2,0,0,0,0,0,0,0,0
320018,0,1,1990,25,25,25,25,25,25,25,25,25,25
320018,1,1,1990,0,0,0,0,0,0,6,0,0,0
320019,1,1,1990,20,20,20,20,20,20,20,20,20,20
320020,1,1,1990,16,16,16,16,16,16,16,16,16,16
320020,2,1,1990,0,0,0,0,0,0,0,0,0,0
320021,1,1,1990,18,0,0,0,0,21,0,0,0,0
320021,2,1,1990,0,0,0,0,0,0,0,0,0,0
320022,1,1,1990,0,0,0,0,0,0,0,0,0,0
320023,0,1,1990,0,0,0,0,0,0,0,0,0,0
320023,1,1,1990,27,0,0,0,15,0,0,0,0,31
320024,1,1,1990,19,19,19,19,19,19,19,19,19,19
320024,2,1,1990,0,0,0,0,0,0,0,0,0,0
320025,1,1,1990,30,30,30,30,30,30,30,30,30,30
320026,1,1,1990,19,19,19,19,19,19,19,19,19,19
320027,1,1,1990,16,16,16,16,16,16,16,16,16,16
320028,1,1,1990,6,6,6,6,6,6,6,6,6,6
320029,1,1,1990,26,26,26,26,26,26,26,26,26,26
320030,1,1,1990,0,0,0,0,0,0,12,0,0,0
320031,1,1,1990,0,0,0,0,0,0,0,0,0,0
320031,2,1,1990,0,0,0,0,0,0,0,0,0,0
320032,0,1,1990,6,19,0,24,0,0,0,39,20,0
320032,1,1,1990,6,6,6,6,6,6,6,6,6,6
320033,1,1,1990,0,0,0,0,0,0,0,0,0,0
320034,1,1,1990,0,10,8,7,8,0,11,19,0,0
320035,0,1,1990,34,14,32,14,18,14,18,37,7,19
320035,1,1,1990,23,0,8,19,0,0,27,39,0,17
320035,2,1,1990,18,11,0,7,0,0,7,18,0,50
320036,1,1,1990,0,0,0,0,0,0,0,0,0,0
320037,0,1,1990,28,28,28,28,28,28,28,28,28,28
320037,1,1,1990,0,0,0,0,0,0,0,0,0,11
320038,1,1,1990,0,0,0,0,0,0,0,0,0,0
320039,1,1,1990,1,1,1,1,1,1,1,1,1,1
320039,2,1,1990,17,17,17,17,17,17,17,17,17,17
320040,1,1,1990,22,22,22,22,22,22,22,22,22,22
320041,0,1,1990,18,18,18,18,18,18,18,18,18,18
320041,1,1,1990,0,0,0,0,0,0,0,0,0,0
320042,0,1,1990,0,0,0,0,0,0,0,0,0,0
320042,1,1,1990,0,0,0,0,0,0,0,0,0,0
320043,1,1,1990,19,19,19,19,19,19,19,19,19,19
320044,1,1,1990,0,0,0,0,0,0,0,0,0,0
320045,1,1,1990,20,20,20,20,20,20,20,20,20,20
320046,0,1,1990,22,22,22,22,22,22,22,22,22,22
320046,0,2,1990,20,8,15,18,8,18,0,0,23,25
320046,1,1,1990,0,0,0,14,0,0,0,11,0,0
320047,1,1,1990,0,0,0,0,0,0,0,0,0,0
320047,2,1,1990,0,0,0,0,0,0,0,0,0,0
320048,1,1,1990,0,0,0,0,0,0,0,0,0,0
320049,1,1,1990,0,0,0,0,0,0,0,0,0,0
320050,1,1,1990,7,7,7,7,7,7,7,7,7,7
320051,0,1,1990,0,0,0,0,0,0,0,0,0,0
320051,1,1,1990,22,22,22,22,22,22,22,22,22,22
320052,1,1,1990,24,24,24,24,24,24,24,24,24,24
320054,1,1,1990,0,0,0,0,0,0,0,0,0,0
320054,2,1,1990,0,0,0,0,0,0,0,0,0,0
320055,1,1,1990,26,26,26,26,26,26,26,26,26,26
320055,2,1,1990,0,0,0,0,0,0,0,0,0,0
320056,1,1,1990,3,3,3,3,3,3,3,3,3,3
320057,1,1,1990,0,13,12,0,14,17,6,12,0,0
320057,2,1,1990,0,0,0,0,0,17,0,0,0,0
320058,1,1,1990,0,0,0,0,0,17,0,0,0,0
320058,2,1,1990,0,0,0,0,0,0,0,0,0,0
320059,0,1,1990,0,0,0,0,0,0,0,0,0,0
320059,1,1,1990,0,0,0,0,0,0,0,0,0,0
320060,1,1,1990,36,36,36,36,36,36,36,36,36,36
320061,1,1,1990,0,0,0,0,0,0,0,0,0,0
320061,2,1,1990,0,0,0,0,0,0,0,0,0,0
320062,1,1,1990,0,0,0,0,0,0,0,0,0,0
320063,1,1,1990,0,0,0,0,0,0,0,0,0,0
320064,1,1,1990,14,14,14,14,14,14,14,14,14,14
320064,2,1,1990,12,12,12,12,12,12,12,12,12,12
320065,0,1,1990,6,0,11,20,0,0,0,0,30,0
320065,1,1,1990,16,16,16,16,16,16,16,16,16,16
320066,1,1,1990,0,0,0,0,0,0,0,0,0,0
320067,1,1,1990,0,0,0,0,0,0,0,0,0,0
320067,2,1,1990,0,0,0,0,0,0,0,0,0,0
320068,1,1,1990,19,19,19,19,19,19,19,19,19,19
320069,1,1,1990,20,20,20,20,20,20,20,20,20,20
320070,0,1,1990,15,31,19,20,28,24,10,18,0,20
320070,1,1,1990,0,0,0,0,0,0,0,0,0,0
320071,1,1,1990,0,0,0,0,0,5,0,0,0,0
320072,0,1,1990,0,0,0,0,0,0,0,0,0,0
320072,1,1,1990,20,20,20,20,20,20,20,20,20,20
320073,1,1,1990,5,0,0,0,0,0,0,0,17,0
320073,2,1,1990,17,17,17,17,17,17,17,17,17,17
320074,1,1,1990,29,29,29,29,29,29,29,29,29,29
320074,2,1,1990,0,0,0,0,0,0,0,0,0,0
320074,3,1,1990,0,0,0,0,0,0,0,0,0,0
320075,1,1,1990,6,6,6,6,6,6,6,6,6,6
320075,2,1,1990,5,5,5,5,5,5,5,5,5,5
320076,1,1,1990,15,15,15,15,15,15,15,15,15,15
320077,1,1,1990,12,12,12,12,12,12,12,12,12,12
320077,2,1,1990,0,0,0,0,0,0,0,0,0,0
320078,1,1,1990,16,16,16,16,16,16,16,16,16,16
320078,2,1,1990,6,0,0,13,0,0,0,0,0,4
320079,1,1,1990,3,3,3,3,3,3,3,3,3,3
320080,1,1,1990,0,0,0,0,0,0,0,0,0,0
320080,2,1,1990,34,34,34,34,34,34,34,34,34,34
320081,1,1,1990,23,23,23,23,23,23,23,23,23,23
320081,2,1,1990,0,0,0,0,0,0,0,0,0,0
320082,1,1,1990,26,26,26,26,26,26,26,26,26,26
320083,0,1,1990,25,25,25,25,25,25,25,25,25,25
320083,1,1,1990,0,0,0,0,0,0,0,0,0,0