ST_CASE,VEH_NO,PER_NO,YEAR,P1,P2,P3,P4,P5,P6,P7,P8,P9,P10
340488,4,1,1990,0,0,0,0,0,0,0,0,0,0
340488,5,1,1990,0,0,0,0,0,0,0,0,0,0
340489,1,1,1990,16,16,16,16,16,16,16,16,16,16
340489,2,1,1990,0,0,0,0,0,0,0,0,0,0
340490,1,1,1990,24,24,24,24,24,24,24,24,24,24
340490,2,1,1990,0,0,0,0,0,0,0,7,0,0
340490,3,1,1990,0,0,0,0,0,0,0,13,19,0
340491,0,1,1990,13,0,0,0,0,0,0,0,23,0
340491,1,1,1990,20,16,29,14,15,28,29,10,21,30
340492,0,1,1990,10,10,10,10,10,10,10,10,10,10
340492,0,2,1990,30,13,23,40,13,21,0,30,18,13
340492,1,1,1990,22,0,14,0,16,0,6,11,0,9
340493,1,1,1990,0,0,0,0,0,0,0,0,0,0
340494,0,1,1990,0,0,0,0,0,0,0,0,0,0
340494,1,1,1990,0,0,0,0,0,0,0,0,0,0
340495,0,1,1990,1,1,1,1,1,1,1,1,1,1
340495,1,1,1990,8,8,8,8,8,8,8,8,8,8
340496,1,1,1990,24,24,24,24,24,24,24,24,24,24
340496,2,1,1990,0,0,0,0,0,0,0,0,0,0
340498,1,1,1990,0,0,0,0,0,0,0,0,0,0
340498,2,1,1990,0,7,0,0,0,0,0,0,0,0
340499,1,1,1990,1,1,1,1,1,1,1,1,1,1
340499,2,1,1990,0,0,0,0,0,0,0,0,0,0
340500,1,1,1990,0,0,0,0,0,0,0,13,0,0
340501,0,1,1990,0,0,0,0,0,0,0,0,0,0
340501,1,1,1990,4,4,4,4,4,4,4,4,4,4
340502,1,1,1990,11,11,11,11,11,11,11,11,11,11
340503,1,1,1990,0,0,0,0,0,0,0,0,0,0
340503,2,1,1990,21,21,21,21,21,21,21,21,21,21
340504,0,1,1990,0,0,0,0,0,0,0,0,0,0
340504,1,1,1990,0,0,0,0,0,0,0,0,0,0
340505,1,1,1990,9,9,9,9,9,9,9,9,9,9
340506,1,1,1990,11,11,11,11,11,11,11,11,11,11
340507,0,1,1990,37,37,37,37,37,37,37,37,37,37
340507,1,1,1990,0,0,0,0,0,0,0,0,0,0
340508,1,1,1990,0,0,0,0,7,0,0,0,0,14
340508,2,1,1990,0,0,0,0,0,0,0,0,0,0
340508,3,1,1990,0,0,0,0,0,0,0,0,0,0
340509,1,1,1990,0,0,0,0,0,0,0,0,0,0
340509,2,1,1990,0,0,0,0,0,0,0,0,0,0
340510,1,1,1990,12,12,12,12,12,12,12,12,12,12
340511,1,1,1990,0,0,0,0,0,0,0,0,0,0
340511,2,1,1990,0,0,0,0,6,0,0,6,0,0
340512,0,1,1990,0,0,0,0,0,0,0,0,0,0
340512,1,1,1990,24,24,24,24,24,24,24,24,24,24
340516,0,1,1990,9,9,9,9,9,9,9,9,9,9
340516,0,2,1990,0,0,0,0,0,21,0,0,8,0
340516,1,1,1990,11,11,11,11,11,11,11,11,11,11
340517,1,1,1990,0,0,0,0,0,0,0,0,0,0
340518,1,1,1990,0,0,0,0,0,0,0,0,0,0
340518,2,1,1990,0,0,0,0,0,0,0,0,0,0
340519,1,1,1990,0,0,0,0,0,0,0,0,0,0
340519,2,1,1990,0,0,0,0,0,0,0,0,0,0
340520,0,1,1990,22,22,22,22,22,22,22,22,22,22
340520,1,1,1990,7,7,7,7,7,7,7,7,7,7
340521,1,1,1990,0,0,0,0,0,0,0,0,0,0
340524,0,1,1990,0,0,0,0,0,0,0,0,0,0
340524,1,1,1990,0,0,0,31,0,0,0,0,0,0
340525,1,1,1990,0,0,0,0,0,0,0,0,0,0
340525,2,1,1990,0,0,4,0,0,0,0,0,0,0
340526,1,1,1990,31,31,31,31,31,31,31,31,31,31
340526,2,1,1990,0,0,0,0,0,0,0,0,0,0
340526,3,1,1990,0,0,0,0,0,0,0,0,0,0
340527,0,1,1990,0,0,0,0,0,0,0,0,0,0
340527,1,1,1990,0,0,3,0,0,0,0,0,0,0
340528,1,1,1990,0,0,0,0,0,0,0,0,0,0
340528,2,1,1990,0,0,0,0,0,0,0,0,0,0
340529,0,1,1990,0,0,0,0,0,0,0,0,0,0
340529,1,1,1990,9,0,7,0,0,0,0,0,0,0
340530,1,1,1990,22,22,22,22,22,22,22,22,22,22
340531,0,1,1990,0,0,0,0,0,0,0,0,0,0
340531,1,1,1990,0,0,0,0,0,0,0,0,0,0
340532,1,1,1990,25,25,25,25,25,25,25,25,25,25
340532,2,1,1990,0,0,0,0,0,0,0,0,0,0
340533,1,1,1990,0,0,0,0,0,0,0,0,0,0
340533,2,1,1990,0,0,0,0,0,0,0,0,0,0
340533,3,1,1990,0,0,0,0,0,0,0,0,0,0
340534,1,1,1990,0,0,0,0,0,0,0,0,0,0
340535,1,1,1990,0,0,0,0,0,0,0,0,0,0
340535,2,1,1990,0,0,0,0,0,0,0,0,0,0
340536,1,1,1990,0,0,0,0,0,0,0,0,0,0
340536,2,1,1990,0,0,0,0,0,0,0,0,0,0
340537,1,1,1990,0,0,0,0,0,0,0,0,0,0
340537,2,1,1990,0,0,0,0,0,0,0,0,0,0
340538,1,1,1990,0,0,0,0,0,0,0,0,0,0
340538,2,1,1990,0,0,0,0,0,0,0,0,0,0
340539,1,1,1990,0,0,0,0,0,0,0,0,0,0
340540,0,1,1990,28,28,28,28,28,28,28,28,28,28
340540,1,1,1990,3,3,3,3,3,3,3,3,3,3
340541,1,1,1990,0,0,0,0,0,0,0,0,0,0
340542,1,1,1990,14,14,14,14,14,14,14,14,14,14
340544,1,1,1990,0,0,0,7,13,0,0,0,0,0
340544,2,1,1990,26,26,26,26,26,26,26,26,26,26
340545,1,1,1990,0,0,0,0,0,0,0,0,0,0
340545,2,1,1990,0,0,0,0,0,0,0,0,0,0
340546,1,1,1990,16,16,16,16,16,16,16,16,16,16
340547,1,1,1990,0,0,0,0,0,0,0,0,0,0
340547,2,1,1990,0,0,0,0,0,0,0,0,0,0
340548,1,1,1990,0,0,0,0,0,0,0,0,0,0
340548,2,1,1990,0,0,0,7,26,0,0,0,0,0
340549,1,1,1990,32,32,32,32,32,32,32,32,32,32
340549,2,1,1990,10,2,0,8,20,21,9,10,21,3
340550,0,1,1990,19,19,19,19,19,19,19,19,19,19
340550,1,1,1990,8,21,0,0,0,0,0,0,11,0
340551,1,1,1990,23,0,0,0,0,16,14,0,12,24
340552,1,1,1990,7,7,7,7,7,7,7,7,7,7
340553,0,1,1990,38,38,38,38,38,38,38,38,38,38
340553,1,1,1990,0,0,0,0,0,0,0,0,0,9
340554,0,1,1990,0,0,0,0,0,0,0,0,0,0
340554,1,1,1990,0,0,0,0,0,0,0,0,0,0
340555,1,1,1990,0,0,0,0,0,0,0,0,0,0
340556,1,1,1990,0,0,0,0,0,0,0,0,0,0
340556,2,1,1990,0,0,0,0,0,0,0,0,0,0
340558,1,1,1990,9,9,9,9,9,9,9,9,9,9
340558,2,1,1990,3,3,3,3,3,3,3,3,3,3
340559,0,1,1990,0,0,0,0,0,0,0,0,0,0
340559,1,1,1990,0,0,0,0,0,0,0,0,0,0
340560,1,1,1990,0,0,0,0,0,0,0,0,0,0
340561,0,1,1990,0,0,0,0,0,0,0,0,0,0
340561,0,2,1990,0,0,0,0,0,0,0,0,0,0
340561,1,1,1990,0,0,0,0,0,0,0,0,0,0
340562,0,1,1990,0,0,0,0,0,0,0,0,0,0
340562,1,1,1990,0,0,0,0,0,0,0,0,0,0
340563,1,1,1990,0,13,0,0,13,17,0,0,0,11
340564,1,1,1990,0,0,0,0,0,0,0,0,0,0
340564,2,1,1990,0,0,0,0,0,0,0,0,0,0
340564,3,1,1990,0,0,0,0,0,0,0,0,0,0
340565,1,1,1990,0,0,0,0,0,0,0,0,0,0
340565,2,1,1990,0,0,0,0,0,0,0,0,0,0
340566,1,1,1990,0,0,0,0,0,0,0,0,0,0
340567,1,1,1990,20,20,20,20,20,20,20,20,20,20
340568,0,1,1990,0,0,0,0,0,0,0,0,0,0
340568,1,1,1990,0,0,0,0,0,0,0,0,0,0
340569,0,1,1990,7,7,7,7,7,7,7,7,7,7
340569,1,1,1990,13,16,27,0,0,0,0,0,21,27
340571,1,1,1990,0,0,0,0,0,0,0,0,0,0
340571,2,1,1990,0,0,0,0,0,0,0,0,0,0
340572,1,1,1990,0,0,0,0,0,0,0,0,0,0
340572,2,1,1990,0,0,0,0,0,0,0,0,0,0
340573,1,1,1990,0,0,0,0,0,0,0,0,0,0
340573,2,1,1990,0,0,0,0,0,0,0,0,0,3
340575,1,1,1990,0,0,0,0,0,0,0,0,0,0
340576,0,1,1990,0,0,0,0,0,0,0,0,0,0
340576,1,1,1990,0,0,0,0,0,0,0,0,0,0
340577,0,1,1990,20,20,20,20,20,20,20,20,20,20
340577,1,1,1990,0,0,0,0,0,0,0,0,0,0
340578,1,1,1990,0,0,0,0,0,0,0,0,0,0
340579,1,1,1990,0,0,0,0,0,0,0,0,0,0
340579,2,1,1990,0,0,0,0,0,0,0,0,0,0
340580,1,1,1990,0,0,0,0,0,0,0,0,0,0
340580,2,1,1990,8,8,8,8,8,8,8,8,8,8
340581,1,1,1990,30,30,30,30,30,30,30,30,30,30
340581,2,1,1990,0,0,0,0,0,0,0,0,0,0
340581,3,1,1990,0,0,0,0,0,0,0,0,0,0
340582,1,1,1990,17,17,17,17,17,17,17,17,17,17
340583,1,1,1990,0,0,0,0,0,0,0,0,0,0
340584,1,1,1990,19,19,19,19,19,19,19,19,19,19
340585,1,1,1990,0,0,0,0,0,0,0,0,0,0
340585,2,1,1990,0,0,0,0,0,0,0,0,0,0
340586,1,1,1990,1,1,1,1,1,1,1,1,1,1
340587,0,1,1990,19,19,19,19,19,19,19,19,19,19
340587,1,1,1990,7,4,0,0,0,0,0,0,0,0
340588,0,1,1990,33,33,33,33,33,33,33,33,33,33
340588,1,1,1990,0,20,0,0,6,0,0,7,0,0
340588,2,1,1990,0,0,0,0,7,0,0,0,0,0
340588,3,1,1990,0,17,0,16,0,0,0,5,23,0
340588,4,1,1990,17,0,0,0,8,16,0,0,0,0
340589,0,1,1990,0,0,0,0,0,0,0,0,0,0
340589,1,1,1990,0,0,0,0,0,0,0,0,0,0
340590,1,1,1990,0,0,0,0,0,0,0,0,0,0
340591,0,1,1990,23,23,23,23,23,23,23,23,23,23
340591,1,1,1990,0,0,0,0,0,0,0,0,0,0
340592,1,1,1990,0,0,0,0,0,0,0,0,0,0
340593,0,1,1990,0,0,0,0,0,0,0,0,0,0
340593,1,1,1990,0,11,0,0,0,0,0,0,0,0
340594,0,1,1990,0,0,0,0,0,0,0,0,0,0
340594,1,1,1990,0,0,0,0,0,0,0,0,0,27
340598,1,1,1990,0,0,0,0,0,0,0,0,0,0
340598,2,1,1990,0,0,0,0,0,0,0,0,0,0
340599,1,1,1990,4,4,4,4,4,4,4,4,4,4
340599,2,1,1990,0,0,0,0,0,0,0,0,0,0
340600,0,1,1990,0,0,0,0,0,0,0,0,0,0
340600,1,1,1990,0,0,0,0,0,0,0,0,0,0
340601,1,1,1990,1,1,1,1,1,1,1,1,1,1
340602,1,1,1990,0,0,0,0,0,0,0,0,0,0
340602,2,1,1990,0,0,0,0,0,0,0,0,0,0
340603,1,1,1990,0,0,0,0,0,0,14,13,19,4
340604,1,1,1990,0,0,0,0,0,0,0,0,0,0
340605,1,1,1990,0,0,0,0,0,0,0,0,0,0
340605,2,1,1990,0,0,0,0,0,0,0,0,0,0
340606,1,1,1990,9,9,9,9,9,9,9,9,9,9
340607,1,1,1990,0,0,0,0,0,0,0,0,0,0
340608,1,1,1990,0,0,0,0,0,0,0,0,0,0
340608,2,1,1990,0,0,0,0,0,0,0,0,0,0
340609,0,1,1990,0,0,0,0,0,0,0,0,0,0
340609,1,1,1990,0,0,0,0,0,0,0,0,0,0
340610,1,1,1990,17,17,17,17,17,17,17,17,17,17
340611,1,1,1990,9,9,9,9,9,9,9,9,9,9
340612,1,1,1990,20,20,20,20,20,20,20,20,20,20
340613,0,1,1990,0,0,0,0,0,0,0,0,0,0
340613,1,1,1990,0,0,0,0,0,0,0,0,0,0
340614,1,1,1990,14,14,14,14,14,14,14,14,14,14
340615,0,1,1990,0,0,0,0,0,0,0,0,0,0
340615,1,1,1990,0,0,0,0,0,0,0,0,0,0
340616,1,1,1990,0,0,0,0,0,0,0,0,0,0
340616,2,1,1990,0,7,0,0,0,0,0,0,0,0
340617,0,1,1990,4,4,4,4,4,4,4,4,4,4
340617,1,1,1990,0,0,0,0,0,0,0,0,0,0
340618,1,1,1990,0,0,0,0,0,0,0,18,0,0
340619,0,1,1990,0,0,0,0,0,0,0,0,0,0
340619,1,1,1990,0,0,0,0,0,0,0,0,0,0
340619,2,1,1990,20,0,0,0,0,0,0,0,0,0
340621,0,1,1990,0,0,0,0,0,0,0,0,0,0
340621,0,2,1990,0,5,7,0,0,0,0,0,0,0
340621,1,1,1990,19,19,19,19,19,19,19,19,19,19
340622,1,1,1990,0,0,0,5,0,0,0,21,0,0
340622,2,1,1990,0,0,0,0,0,0,0,0,0,0
340623,1,1,1990,0,0,0,0,0,0,0,0,0,0
340623,2,1,1990,0,0,0,0,0,0,0,0,0,0
340624,0,1,1990,25,25,25,25,25,25,25,25,25,25
340624,1,1,1990,0,0,0,0,0,0,0,0,0,0
340626,0,1,1990,0,0,0,0,0,0,0,0,0,0
340626,0,2,1990,25,26,31,5,16,27,12,17,18,14
340626,0,3,1990,27,15,12,14,10,31,29,33,17,29
340626,1,1,1990,0,0,0,0,0,0,0,0,0,0
340626,3,1,1990,0,8,0,0,0,0,0,0,0,0
340627,0,1,1990,14,14,14,14,14,14,14,14,14,14
340627,1,1,1990,6,8,0,21,0,6,27,0,22,18
340628,1,1,1990,0,0,0,0,0,0,0,0,0,0
340628,2,1,1990,9,0,0,0,0,0,0,0,0,0
340628,3,1,1990,0,0,0,0,0,0,0,0,0,0
340629,1,1,1990,0,0,0,0,0,0,0,0,0,0
340630,1,1,1990,0,0,0,0,0,0,0,0,0,0
340630,2,1,1990,0,0,0,0,0,0,0,0,0,0
340631,0,1,1990,0,0,0,0,0,0,0,0,0,0
340631,1,1,1990,0,0,0,0,0,0,0,0,0,0
340632,1,1,1990,4,4,4,4,4,4,4,4,4,4
340632,2,1,1990,3,3,3,3,3,3,3,3,3,3
340633,1,1,1990,5,5,5,5,5,5,5,5,5,5
340634,0,1,1990,14,14,14,14,14,14,14,14,14,14
340634,1,1,1990,0,0,0,0,0,0,0,0,0,0
340635,1,1,1990,0,0,0,8,0,0,0,0,0,0
340637,1,1,1990,0,0,0,0,0,0,0,0,0,0
340637,2,1,1990,0,0,0,0,0,0,0,0,0,0
340638,0,1,1990,0,0,0,0,0,0,0,0,0,0
340638,1,1,1990,0,0,0,0,0,0,0,0,0,22
340639,0,1,1990,16,16,16,16,16,16,16,16,16,16
340639,1,1,1990,14,14,14,14,14,14,14,14,14,14
340640,1,1,1990,0,0,0,0,0,0,0,0,16,0
340641,0,1,1990,0,0,0,0,0,0,0,0,0,0
340641,1,1,1990,0,0,0,0,0,0,0,0,0,0
340642,1,1,1990,17,0,0,10,0,8,22,0,0,0
340643,1,1,1990,17,17,17,17,17,17,17,17,17,17
340644,0,1,1990,2,2,2,2,2,2,2,2,2,2
340644,1,1,1990,18,18,18,18,18,18,18,18,18,18
340645,1,1,1990,0,0,0,0,0,0,0,0,0,0
340645,2,1,1990,0,0,0,0,0,0,0,0,0,0
340645,3,1,1990,0,3,0,0,0,0,0,0,0,0
340646,1,1,1990,0,0,0,0,0,0,0,0,0,0
340646,2,1,1990,0,0,0,0,0,0,0,0,0,0
340647,0,1,1990,12,0,39,11,23,45,20,14,14,0
340647,0,2,1990,27,0,0,29,0,0,21,0,0,0
340647,1,1,1990,0,0,0,0,0,0,8,0,0,0
340648,1,1,1990,12,12,12,12,12,12,12,12,12,12
340649,0,1,1990,0,0,0,0,0,0,0,0,0,0
340649,1,1,1990,0,0,0,0,0,0,0,0,0,0
340650,1,1,1990,0,0,0,0,0,0,0,0,0,0
340650,2,1,1990,0,0,0,0,0,0,0,0,0,0
340650,3,1,1990,0,0,0,0,0,0,0,0,0,0
340651,1,1,1990,0,9,17,0,0,0,11,5,0,0
340651,2,1,1990,0,20,24,0,0,0,0,0,0,0
340651,3,1,1990,0,0,0,0,0,0,20,9,0,0
340652,1,1,1990,22,22,22,22,22,22,22,22,22,22
340653,0,1,1990,32,32,32,32,32,32,32,32,32,32
340653,0,2,1990,0,29,13,12,0,23,18,0,9,19
340653,1,1,1990,0,0,0,0,0,0,0,0,0,0
340654,1,1,1990,4,4,4,4,4,4,4,4,4,4
340654,2,1,1990,0,0,0,0,0,0,0,0,0,0
340655,1,1,1990,0,0,0,0,0,0,0,0,0,0
340655,2,1,1990,0,0,0,0,0,0,0,0,0,0
340656,1,1,1990,0,0,0,0,0,0,0,0,0,0
340657,0,1,1990,0,0,0,0,0,0,0,0,0,0
340657,1,1,1990,0,0,0,0,0,0,0,0,0,0
340658,1,1,1990,38,38,38,38,38,38,38,38,38,38
340659,1,1,1990,0,0,0,0,0,0,0,0,0,0
340659,2,1,1990,5,5,5,5,5,5,5,5,5,5
340660,1,1,1990,0,0,0,0,0,0,0,0,0,0
340660,2,1,1990,0,0,0,0,0,0,0,0,0,0
340661,1,1,1990,22,22,22,22,22,22,22,22,22,22
340662,1,1,1990,0,0,0,0,0,0,0,0,0,0
340662,2,1,1990,0,0,0,0,0,0,0,0,0,0
340663,1,1,1990,0,0,0,0,0,0,0,0,0,0
340663,2,1,1990,20,20,20,20,20,20,20,20,20,20
340664,1,1,1990,0,0,0,0,0,0,0,0,0,0
340665,1,1,1990,0,0,0,0,0,0,0,0,0,0
340665,2,1,1990,0,0,0,0,0,0,0,0,0,0
340666,0,1,1990,0,0,0,0,0,0,0,0,0,0
340666,1,1,1990,0,0,0,0,0,0,0,0,0,0
340667,1,1,1990,13,13,13,13,13,13,13,13,13,13
340668,1,1,1990,0,0,0,0,0,0,0,0,0,0
340668,2,1,1990,0,0,0,0,0,0,0,0,0,0
340669,1,1,1990,0,0,0,0,0,11,0,0,0,0
340669,2,1,1990,0,0,0,0,20,11,0,0,16,0
340670,1,1,1990,15,15,15,15,15,15,15,15,15,15
340670,2,1,1990,0,0,16,0,0,0,0,0,0,10
340670,3,1,1990,16,0,0,16,0,0,0,0,23,0
340672,1,1,1990,0,0,0,0,0,0,0,0,0,0
340672,2,1,1990,0,0,0,0,0,0,0,0,0,0
340673,0,1,1990,0,0,0,0,0,0,0,0,0,0
340673,1,1,1990,0,0,0,0,0,0,0,0,0,0
340674,1,1,1990,0,0,0,0,0,0,0,0,0,0
340674,2,1,1990,0,0,0,0,0,0,0,0,0,0
340676,1,1,1990,0,0,0,0,0,0,0,0,0,0
340676,2,1,1990,0,0,0,0,0,0,0,0,0,0
340676,3,1,1990,0,0,19,0,6,0,0,12,0,0
340677,0,1,1990,0,0,0,0,0,0,0,0,0,0
340677,1,1,1990,0,0,0,0,0,0,0,0,0,0
340678,1,1,1990,0,0,0,0,0,0,0,0,0,0
340678,2,1,1990,0,0,0,0,0,0,0,0,0,0
340680,0,1,1990,0,0,0,0,0,0,0,0,0,0
340680,1,1,1990,0,0,0,0,0,0,0,0,0,0
340681,1,1,1990,0,0,0,0,0,0,0,0,0,0
340681,2,1,1990,0,0,0,0,0,0,0,0,0,0
340682,1,1,1990,0,0,0,0,0,0,0,0,0,0
340682,2,1,1990,0,0,0,0,0,0,0,0,0,0
340683,1,1,1990,0,0,0,0,0,0,0,0,0,0
340684,0,1,1990,0,0,0,0,0,0,0,0,0,0
340684,1,1,1990,0,0,0,0,0,0,0,0,0,0
340685,1,1,1990,0,0,0,0,0,0,0,0,0,0
340686,0,1,1990,0,0,0,0,0,0,0,0,0,0
340686,1,1,1990,0,0,0,0,11,17,0,0,30,0
340687,1,1,1990,3,4,24,17,0,23,10,28,11,0
340688,0,1,1990,0,0,0,0,0,0,0,0,0,0
340688,1,1,1990,0,0,14,0,20,19,0,0,0,0
340689,0,1,1990,0,0,0,0,0,0,0,0,0,0
340689,1,1,1990,0,0,0,0,0,0,0,0,0,0
340690,1,1,1990,0,0,0,0,0,0,0,0,0,0
340690,2,1,1990,0,0,0,0,0,0,0,0,0,0
340691,1,1,1990,0,0,0,0,0,0,0,0,0,0
340691,2,1,1990,0,0,0,0,0,0,0,0,0,0
340692,1,1,1990,22,22,22,22,22,22,22,22,22,22
340692,2,1,1990,20,20,20,20,20,20,20,20,20,20
340694,0,1,1990,1,1,1,1,1,1,1,1,1,1
340694,1,1,1990,0,0,0,0,0,0,0,0,0,0
340695,1,1,1990,0,0,0,0,0,0,0,0,0,0
340696,1,1,1990,0,0,0,0,0,0,0,0,0,0
340696,2,1,1990,0,0,0,0,0,0,0,0,0,0
340697,1,1,1990,0,0,0,0,0,0,0,0,0,0
340697,2,1,1990,0,0,0,0,0,0,0,0,0,0
340698,1,1,1990,11,11,11,11,11,11,11,11,11,11
340699,0,1,1990,0,0,0,0,0,0,0,0,0,0
340699,1,1,1990,0,0,0,0,0,0,0,0,0,0
340700,0,1,1990,0,0,0,0,0,0,0,0,0,0
340700,1,1,1990,0,0,0,0,0,0,0,0,0,0
340701,1,1,1990,0,0,0,0,0,0,0,0,0,0
340701,2,1,1990,0,0,0,0,0,0,0,0,0,0
340701,3,1,1990,0,0,0,0,0,0,0,0,0,0
340702,1,1,1990,0,0,0,0,0,0,0,0,0,0
340702,2,1,1990,0,0,0,0,0,0,0,0,0,0
340703,1,1,1990,17,17,17,17,17,17,17,17,17,17
340704,1,1,1990,0,0,0,0,0,0,0,0,0,0
340705,1,1,1990,0,0,0,0,0,0,0,0,0,0
340705,2,1,1990,0,0,0,0,0,0,0,0,0,0
340706,1,1,1990,0,0,0,0,0,0,0,0,0,0
340706,2,1,1990,0,0,31,7,0,0,0,0,0,0
340707,1,1,1990,10,10,10,10,10,10,10,10,10,10
340708,0,1,1990,0,0,0,0,0,0,0,0,0,0
340708,1,1,1990,0,0,0,0,0,0,0,0,0,0
340708,2,1,1990,0,0,0,0,0,0,0,0,0,0
340709,0,1,1990,0,0,0,0,0,0,0,0,0,0
340709,1,1,1990,0,0,0,0,0,0,0,0,0,0
340710,1,1,1990,0,0,0,0,0,0,0,0,0,0
340711,0,1,1990,0,0,0,0,0,0,0,0,0,0
340711,1,1,1990,0,0,0,0,0,0,0,0,0,0
340712,0,1,1990,14,14,14,14,14,14,14,14,14,14
340712,0,2,1990,21,0,12,18,14,38,0,15,12,0
340712,1,1,1990,20,20,20,20,20,20,20,20,20,20
340712,2,1,1990,16,14,0,5,17,0,0,14,0,0
340713,1,1,1990,6,6,6,6,6,6,6,6,6,6
340714,1,1,1990,0,0,0,0,0,0,0,0,0,0
340714,2,1,1990,0,0,0,0,0,0,0,0,0,0
340715,1,1,1990,0,0,0,0,0,0,0,0,0,0
340715,2,1,1990,0,0,0,0,0,0,0,0,0,0
340716,1,1,1990,0,0,0,0,0,0,0,12,0,0
340716,2,1,1990,23,23,23,23,23,23,23,23,23,23
340718,1,1,1990,0,0,0,0,0,0,0,0,0,0
340718,2,1,1990,7,12,0,25,19,19,0,26,0,20
340719,1,1,1990,9,9,9,9,9,9,9,9,9,9
340720,2,1,1990,0,0,0,0,0,0,0,0,0,0
340722,0,1,1990,5,5,5,5,5,5,5,5,5,5
340722,0,2,1990,24,15,0,13,0,0,0,21,23,0
340722,1,1,1990,0,6,0,0,0,12,23,14,0,31
340723,1,1,1990,0,0,0,0,0,0,0,0,0,0
340724,0,1,1990,9,9,9,9,9,9,9,9,9,9
340724,1,1,1990,0,7,16,0,0,15,0,0,13,0
340725,1,1,1990,3,3,3,3,3,3,3,3,3,3
340725,2,1,1990,4,4,4,4,4,4,4,4,4,4
340726,1,1,1990,19,19,19,19,19,19,19,19,19,19
340727,1,1,1990,0,0,0,0,0,0,10,0,0,0
340727,2,1,1990,12,0,22,16,0,0,18,0,0,0
340728,0,1,1990,0,0,0,0,0,0,0,0,0,0
340728,1,1,1990,0,13,0,0,13,8,16,0,0,0
340729,1,1,1990,20,20,20,20,20,20,20,20,20,20
340730,1,1,1990,0,0,0,0,0,0,0,0,0,0
340732,1,1,1990,0,0,0,0,0,0,0,0,0,0
340733,0,1,1990,0,0,0,0,0,0,0,0,0,0
340733,1,1,1990,0,0,0,0,0,0,0,0,0,0
340734,1,1,1990,27,0,0,0,0,0,18,12,0,0
340735,0,1,1990,0,0,0,0,0,0,0,0,0,0
340735,1,1,1990,0,0,0,0,0,14,0,0,0,0
340736,1,1,1990,18,18,18,18,18,18,18,18,18,18
340737,0,1,1990,0,0,0,0,0,0,0,0,0,0
340737,1,1,1990,0,0,0,0,0,0,0,25,0,0
340738,1,1,1990,0,0,0,0,0,0,11,0,0,0
340738,2,1,1990,1,1,1,1,1,1,1,1,1,1
340739,1,1,1990,0,0,0,0,0,0,0,0,0,0
340740,1,1,1990,29,29,29,29,29,29,29,29,29,29
340741,1,1,1990,0,0,18,0,0,0,0,0,0,0
340741,2,1,1990,19,13,21,27,28,0,15,14,8,9
340742,1,1,1990,0,0,0,0,0,0,0,0,0,0
340743,1,1,1990,15,15,15,15,15,15,15,15,15,15
340745,0,1,1990,0,0,0,0,0,0,0,0,0,0
340745,1,1,1990,0,0,0,0,0,0,0,0,0,5
340746,0,1,1990,0,0,0,0,0,0,0,0,0,0
340746,1,1,1990,0,0,0,0,0,0,0,0,0,0
340747,1,1,1990,0,0,0,0,0,0,0,0,0,0
340748,1,1,1990,0,0,0,0,0,0,0,0,0,0
340749,1,1,1990,20,20,20,20,20,20,20,20,20,20
340751,0,1,1990,0,0,0,0,0,0,0,0,0,0
340751,1,1,1990,0,0,0,0,0,0,0,0,0,0
340752,1,1,1990,0,0,0,12,0,0,0,0,0,0
340752,2,1,1990,0,0,0,0,0,0,0,0,0,0
340753,1,1,1990,0,0,0,0,0,0,0,0,27,9
340753,2,1,1990,0,0,0,0,0,0,0,0,0,0
340754,1,1,1990,0,19,0,20,11,0,14,0,0,33
340754,2,1,1990,0,0,0,0,0,0,0,0,0,0
340755,1,1,1990,0,0,0,0,0,0,0,0,0,0
340755,2,1,1990,0,21,0,0,0,0,0,0,0,0
340756,1,1,1990,12,0,19,6,20,0,0,18,0,0
340756,2,1,1990,0,0,7,0,0,0,0,0,0,15
340757,1,1,1990,0,0,0,0,0,0,0,0,0,0
340757,2,1,1990,0,0,0,0,0,0,0,0,0,0
340759,1,1,1990,0,0,0,0,0,0,0,0,0,0
340759,2,1,1990,0,0,0,0,0,0,0,0,0,0
340761,1,1,1990,0,0,0,0,0,0,0,0,0,0
340761,2,1,1990,0,0,0,0,0,0,0,0,0,0
340762,1,1,1990,0,0,0,0,0,0,0,0,0,0
340763,1,1,1990,16,0,0,0,0,0,0,7,0,0
340763,2,1,1990,0,0,0,0,0,0,0,0,0,0
340764,0,1,1990,0,0,0,0,0,0,0,0,0,0
340764,1,1,1990,0,0,0,0,20,0,0,0,0,0
340765,0,1,1990,6,6,6,6,6,6,6,6,6,6
340765,1,1,1990,0,0,0,16,0,0,0,0,0,0
340766,1,1,1990,18,18,18,18,18,18,18,18,18,18
340767,1,1,1990,0,0,0,0,0,0,0,0,0,0
340767,2,1,1990,0,0,0,0,0,0,0,0,0,0
340767,3,1,1990,0,0,0,0,0,0,0,0,0,0
340767,4,1,1990,0,0,0,0,0,0,0,0,0,0
340767,5,1,1990,0,0,0,0,0,0,0,0,0,0
340767,6,1,1990,0,0,0,0,0,0,25,0,0,0
340768,0,1,1990,0,0,0,0,18,0,0,0,0,0
340768,1,1,1990,0,0,0,0,0,0,0,0,0,0
340769,1,1,1990,0,0,0,0,0,0,0,0,0,0
340769,2,1,1990,0,0,0,0,0,0,0,0,0,0
340770,1,1,1990,12,12,12,12,12,12,12,12,12,12
340771,0,1,1990,0,0,0,0,0,0,0,0,0,0
340771,1,1,1990,0,0,0,0,0,0,0,0,0,0
340772,1,1,1990,13,13,13,13,13,13,13,13,13,13
340773,0,1,1990,0,0,0,0,0,0,0,0,0,0