ST_CASE,VEH_NO,PER_NO,YEAR,P1,P2,P3,P4,P5,P6,P7,P8,P9,P10
360018,1,1,1990,0,0,0,0,0,0,0,0,0,9
360018,2,1,1990,0,0,0,0,0,0,0,0,0,0
360020,1,1,1990,0,0,0,0,0,0,0,0,0,0
360021,1,1,1990,33,10,12,7,3,14,18,18,23,16
360022,1,1,1990,0,0,0,0,0,0,0,0,0,0
360022,2,1,1990,0,0,0,0,0,0,0,0,0,0
360023,1,1,1990,0,0,0,0,0,0,0,0,0,0
360023,2,1,1990,0,0,0,0,0,0,0,0,0,0
360024,1,1,1990,14,14,14,14,14,14,14,14,14,14
360024,2,1,1990,0,0,0,0,0,0,0,0,0,0
360025,0,1,1990,1,1,1,1,1,1,1,1,1,1
360025,1,1,1990,4,23,13,14,15,14,9,14,26,11
360026,1,1,1990,24,24,24,24,24,24,24,24,24,24
360027,0,1,1990,0,0,0,0,0,0,0,0,0,0
360027,1,1,1990,0,0,0,0,0,0,0,0,0,0
360028,1,1,1990,0,0,0,0,0,0,0,0,0,0
360028,2,1,1990,0,0,0,0,0,0,0,0,0,0
360029,1,1,1990,0,0,0,0,0,0,0,0,0,0
360029,2,1,1990,0,0,0,0,0,0,0,0,0,0
360030,1,1,1990,0,0,0,0,0,0,0,0,0,0
360030,2,1,1990,0,0,0,0,0,0,0,0,0,0
360031,1,1,1990,0,0,0,0,0,0,0,0,0,0
360031,2,1,1990,0,0,0,0,0,0,0,0,0,0
360032,1,1,1990,15,15,15,15,15,15,15,15,15,15
360033,1,1,1990,18,18,18,18,18,18,18,18,18,18
360034,1,1,1990,15,15,15,15,15,15,15,15,15,15
360035,0,1,1990,0,19,0,4,0,0,0,17,0,16
360035,0,2,1990,18,14,0,21,0,0,25,5,0,0
360035,0,3,1990,0,0,4,30,28,0,0,0,0,11
360035,1,1,1990,0,0,0,0,0,0,0,0,0,0
360036,1,1,1990,0,0,0,0,19,0,0,0,0,0
360036,2,1,1990,0,0,0,0,0,0,0,0,0,0
360038,1,1,1990,20,20,20,20,20,20,20,20,20,20
360039,1,1,1990,0,0,0,0,0,0,19,0,5,0
360039,2,1,1990,0,0,0,0,0,0,0,0,0,0
360039,3,1,1990,0,0,0,0,0,0,0,0,0,0
360040,0,1,1990,0,0,0,0,0,0,0,0,0,0
360040,1,1,1990,0,0,0,21,0,0,0,0,0,0
360041,0,1,1990,0,0,0,0,0,0,0,0,0,0
360041,0,2,1990,0,0,0,0,0,0,0,0,0,0
360041,1,1,1990,0,0,0,0,0,0,0,0,0,0
360042,1,1,1990,0,17,18,19,14,29,24,24,20,24
360042,2,1,1990,0,0,0,0,0,0,0,0,0,0
360042,3,1,1990,0,0,0,0,0,0,0,0,0,0
360043,1,1,1990,6,6,6,6,6,6,6,6,6,6
360044,1,1,1990,0,0,0,0,0,0,0,0,0,0
360044,2,1,1990,0,0,0,0,0,0,0,0,0,0
360045,0,1,1990,0,0,0,0,0,0,0,0,0,0
360045,1,1,1990,0,0,0,0,0,0,0,0,0,0
360046,1,1,1990,0,0,0,0,0,0,0,0,13,0
360047,1,1,1990,0,0,0,0,0,0,0,0,0,0
360048,1,1,1990,17,17,17,17,17,17,17,17,17,17
360049,1,1,1990,7,7,7,7,7,7,7,7,7,7
360050,1,1,1990,0,0,0,0,0,0,0,0,0,0
360050,2,1,1990,0,7,7,23,6,0,0,5,0,0
360051,1,1,1990,0,0,0,0,0,0,0,0,0,0
360051,2,1,1990,26,0,0,0,0,0,0,10,0,0
360052,0,1,1990,22,22,22,22,22,22,22,22,22,22
360052,1,1,1990,0,0,0,0,0,0,0,0,0,0
360053,1,1,1990,0,0,0,0,0,0,0,0,0,0
360053,2,1,1990,0,0,0,0,0,0,0,0,0,0
360054,0,1,1990,0,0,0,0,0,0,0,0,0,0
360054,1,1,1990,25,2,3,21,23,16,0,16,0,18
360055,1,1,1990,0,18,18,0,0,4,16,0,12,0
360056,1,1,1990,13,24,19,8,22,16,13,13,19,19
360056,2,1,1990,0,0,0,0,0,0,0,0,0,0
360057,1,1,1990,0,0,0,0,0,0,0,0,0,0
360057,2,1,1990,0,0,0,0,0,0,0,0,0,0
360058,1,1,1990,0,0,0,6,6,0,0,0,0,0
360058,2,1,1990,0,0,0,0,6,0,0,0,0,0
360059,1,1,1990,0,0,0,0,0,0,0,0,0,0
360059,2,1,1990,0,0,0,0,0,0,0,0,0,0
360060,1,1,1990,14,14,14,14,14,14,14,14,14,14
360061,1,1,1990,0,14,22,0,10,11,14,23,5,15
360061,2,1,1990,16,19,7,0,13,11,17,8,7,25
360062,1,1,1990,0,0,0,0,0,0,0,0,0,0
360062,2,1,1990,0,0,0,0,13,0,0,0,0,0
360064,1,1,1990,0,0,0,0,0,0,0,0,0,0
360064,2,1,1990,0,0,0,0,0,0,0,0,0,0
360065,0,1,1990,19,19,19,19,19,19,19,19,19,19
360065,1,1,1990,0,0,0,0,0,0,0,0,0,0
360066,1,1,1990,0,0,0,0,0,0,0,0,0,0
360066,2,1,1990,0,0,0,0,0,0,0,0,0,0
360067,0,1,1990,28,28,28,28,28,28,28,28,28,28
360067,1,1,1990,0,0,15,0,0,0,0,0,0,0
360067,2,1,1990,0,0,0,0,0,0,0,0,0,0
360068,1,1,1990,0,0,0,0,0,0,0,0,0,0
360068,2,1,1990,0,0,0,0,0,0,0,0,0,0
360069,1,1,1990,0,12,15,0,5,11,11,0,0,20
360070,1,1,1990,0,0,0,0,0,0,0,0,0,0
360071,1,1,1990,0,0,0,0,0,0,0,0,0,0
360071,2,1,1990,0,0,0,0,0,0,0,0,0,0
360072,0,1,1990,0,0,0,0,0,0,0,0,0,0
360072,1,1,1990,0,0,0,0,0,0,0,10,0,0
360073,1,1,1990,0,0,0,0,0,0,0,0,0,0
360074,1,1,1990,0,0,0,0,0,0,0,0,0,0
360074,2,1,1990,0,0,0,0,0,0,0,0,0,0
360075,1,1,1990,0,0,0,0,0,0,0,0,0,0
360075,2,1,1990,0,0,0,0,0,0,0,0,0,0
360075,3,1,1990,0,0,0,0,0,0,0,0,0,0
360076,1,1,1990,5,0,0,0,0,0,17,0,0,0
360076,2,1,1990,0,0,0,0,8,0,0,0,3,0
360076,3,1,1990,11,0,0,0,0,0,0,0,0,18
360077,1,1,1990,12,0,0,0,0,0,9,0,0,0
360077,2,1,1990,16,0,0,0,0,0,0,0,0,0
360077,3,1,1990,0,0,0,0,0,0,0,0,0,0
360078,1,1,1990,0,0,6,0,0,0,0,0,0,0
360078,2,1,1990,0,0,0,0,0,0,0,0,0,0
360079,1,1,1990,0,17,0,0,0,22,12,10,0,0
360079,2,1,1990,0,0,0,0,0,0,0,0,0,0
360080,1,1,1990,0,0,0,0,0,0,0,0,0,0
360080,2,1,1990,0,0,0,0,0,0,0,0,0,0
360081,1,1,1990,0,0,0,0,0,0,0,0,0,0
360081,2,1,1990,0,0,0,0,0,0,0,0,0,0
360082,1,1,1990,0,0,0,0,0,0,0,0,0,0
360082,2,1,1990,0,0,0,0,0,0,0,0,0,0
360083,1,1,1990,0,0,0,15,0,0,0,0,0,11
360083,2,1,1990,0,0,0,0,0,0,0,0,0,0
360084,1,1,1990,0,0,0,0,0,0,0,0,0,0
360084,2,1,1990,0,0,0,0,0,0,0,0,0,0
360085,1,1,1990,0,0,4,0,22,12,0,0,0,23
360086,1,1,1990,0,0,0,0,0,0,0,0,0,0
360086,2,1,1990,0,0,26,0,0,0,0,0,0,0
360087,1,1,1990,30,30,30,30,30,30,30,30,30,30
360087,2,1,1990,0,0,33,0,0,0,0,0,0,0
360088,0,1,1990,0,0,0,0,0,0,0,0,0,0
360088,1,1,1990,0,0,0,0,0,0,0,0,0,0
360089,0,1,1990,0,0,0,0,0,0,0,0,0,0
360089,1,1,1990,0,0,12,0,0,0,18,30,0,0
360090,0,1,1990,0,0,0,0,0,0,0,0,0,0
360090,1,1,1990,0,0,0,0,0,0,0,0,0,0
360091,1,1,1990,0,0,0,0,0,0,0,0,0,0
360091,2,1,1990,0,0,0,0,0,0,0,0,0,0
360092,1,1,1990,6,6,6,6,6,6,6,6,6,6
360093,1,1,1990,0,0,0,0,0,0,0,0,0,0
360093,2,1,1990,0,0,0,0,0,0,0,0,0,0
360094,0,1,1990,0,0,0,0,0,0,0,0,0,0
360094,1,1,1990,0,0,0,0,0,0,0,0,0,0
360095,1,1,1990,14,14,14,14,14,14,14,14,14,14
360095,2,1,1990,0,0,0,0,0,0,0,0,0,0
360095,3,1,1990,0,0,0,0,0,0,0,0,0,0
360096,1,1,1990,0,0,0,0,0,19,0,0,0,0
360097,0,1,1990,0,0,0,0,0,0,0,0,0,0
360097,1,1,1990,0,0,0,0,0,0,0,0,0,0
360098,1,1,1990,16,16,16,16,16,16,16,16,16,16
360099,1,1,1990,22,12,7,9,18,20,0,21,0,15
360100,0,1,1990,25,25,25,25,25,25,25,25,25,25
360100,1,1,1990,0,0,0,0,0,0,0,0,0,0
360101,1,1,1990,0,27,16,19,25,0,12,0,24,0
360102,0,1,1990,23,23,23,23,23,23,23,23,23,23
360102,1,1,1990,17,25,6,20,35,22,25,15,11,15
360103,0,1,1990,0,0,0,0,0,0,0,0,0,0
360103,1,1,1990,0,0,0,0,0,0,0,0,0,3
360104,1,1,1990,23,23,23,23,23,23,23,23,23,23
360105,1,1,1990,35,26,25,3,23,22,12,6,22,15
360106,0,1,1990,33,33,33,33,33,33,33,33,33,33
360106,1,1,1990,0,24,0,4,18,23,19,23,0,23
360107,1,1,1990,0,0,0,0,0,0,0,0,0,0
360107,2,1,1990,0,0,0,16,0,0,0,0,0,0
360108,1,1,1990,12,0,9,0,0,10,0,0,0,0
360108,2,1,1990,0,0,0,0,0,0,0,0,0,0
360109,0,1,1990,0,0,0,0,0,0,0,0,0,0
360109,1,1,1990,0,0,0,0,0,0,0,0,0,0
360110,1,1,1990,0,0,0,0,0,0,0,0,0,0
360111,1,1,1990,0,0,0,0,0,0,0,0,0,0
360111,2,1,1990,0,0,0,0,0,0,0,0,0,0
360112,1,1,1990,24,24,24,24,24,24,24,24,24,24
360112,2,1,1990,0,0,0,0,0,0,0,0,0,0
360113,1,1,1990,0,0,0,0,0,0,0,0,0,0
360114,1,1,1990,6,6,6,6,6,6,6,6,6,6
360114,2,1,1990,0,0,0,0,0,0,0,0,0,0
360115,0,1,1990,0,0,0,0,0,0,0,0,0,0
360115,1,1,1990,0,0,0,0,0,0,0,0,0,0
360115,2,1,1990,0,0,0,0,0,0,0,0,0,0
360116,1,1,1990,0,0,0,0,0,0,0,0,0,0
360117,1,1,1990,30,30,30,30,30,30,30,30,30,30
360118,1,1,1990,30,30,30,30,30,30,30,30,30,30
360119,1,1,1990,0,0,0,0,0,0,0,0,0,0
360119,2,1,1990,0,0,0,0,5,0,0,0,0,0
360120,1,1,1990,15,15,15,3,15,25,16,16,12,8
360120,2,1,1990,0,0,0,0,0,0,0,0,0,0
360121,1,1,1990,0,0,0,0,0,0,0,0,0,0
360122,1,1,1990,12,12,12,12,12,12,12,12,12,12
360123,1,1,1990,0,0,0,0,15,0,0,0,0,0
360124,1,1,1990,0,0,0,0,0,0,0,0,0,0
360124,2,1,1990,0,0,7,0,0,0,0,0,0,0
360125,0,1,1990,0,0,0,0,0,0,0,0,0,0
360125,1,1,1990,0,0,0,0,0,0,0,0,0,0
360126,1,1,1990,0,0,0,0,0,0,0,0,0,0
360127,0,1,1990,7,7,7,7,7,7,7,7,7,7
360127,1,1,1990,0,0,0,0,0,0,0,0,0,0
360128,1,1,1990,0,0,0,0,0,0,0,0,0,0
360128,2,1,1990,0,0,0,0,0,0,0,0,0,0
360129,1,1,1990,0,0,2,8,6,0,0,0,9,0
360130,1,1,1990,8,8,8,8,8,8,8,8,8,8
360131,1,1,1990,30,30,30,30,30,30,30,30,30,30
360132,1,1,1990,4,4,4,4,4,4,4,4,4,4
360132,2,1,1990,0,0,4,3,0,0,0,0,0,0
360133,0,1,1990,0,0,0,0,0,0,0,0,0,0
360133,1,1,1990,0,0,0,28,0,6,11,7,9,22
360134,1,1,1990,19,8,26,14,18,13,25,15,22,12
360134,2,1,1990,0,0,0,0,0,0,0,0,0,13
360134,3,1,1990,0,6,19,0,14,0,2,21,0,11
360134,4,1,1990,0,0,4,3,13,0,13,0,16,0
360135,1,1,1990,0,0,0,0,0,0,0,0,0,0
360136,1,1,1990,0,0,0,0,0,0,0,0,0,0
360136,2,1,1990,0,0,0,0,0,0,0,0,0,0
360137,1,1,1990,0,0,0,0,0,0,0,0,0,0
360137,2,1,1990,0,0,0,0,0,0,0,0,0,0
360138,1,1,1990,23,0,11,12,23,29,9,37,17,13
360139,1,1,1990,17,17,17,17,17,17,17,17,17,17
360139,2,1,1990,0,0,0,0,0,11,0,0,0,0
360139,3,1,1990,12,0,0,24,11,7,0,0,0,0
360140,1,1,1990,0,0,0,0,0,0,0,0,0,0
360140,2,1,1990,0,0,0,0,0,0,0,0,0,0
360141,0,1,1990,0,0,0,0,0,0,0,0,0,0
360141,1,1,1990,0,0,0,0,0,0,0,0,0,0
360142,0,1,1990,0,0,0,0,0,0,0,0,0,0
360142,1,1,1990,0,0,0,0,0,0,0,0,0,0
360143,1,1,1990,0,0,0,0,16,0,0,0,0,7
360144,0,1,1990,19,19,19,19,19,19,19,19,19,19
360144,1,1,1990,0,0,0,24,0,0,0,0,3,0
360144,2,1,1990,0,26,0,0,0,0,0,0,0,0
360145,0,1,1990,0,0,0,0,33,0,20,0,0,0
360145,0,2,1990,10,26,0,31,0,8,30,25,15,22
360145,1,1,1990,0,0,0,0,0,0,0,0,0,0
360146,1,1,1990,23,23,23,23,23,23,23,23,23,23
360147,0,1,1990,0,0,0,0,0,0,0,0,0,0
360147,1,1,1990,0,0,0,0,0,0,0,0,0,0
360148,0,1,1990,0,0,0,0,0,0,0,0,0,0
360148,1,1,1990,0,0,0,0,0,0,0,0,0,0
360149,0,1,1990,0,0,0,0,0,0,0,0,0,0
360149,1,1,1990,0,0,0,0,0,0,0,0,0,0
360150,1,1,1990,10,10,10,10,10,10,10,10,10,10
360151,1,1,1990,0,0,0,0,0,0,0,0,0,0
360151,2,1,1990,0,0,0,0,0,0,0,0,0,0
360152,1,1,1990,3,3,3,3,3,3,3,3,3,3
360153,1,1,1990,15,13,19,17,0,16,4,0,22,7
360154,0,1,1990,10,10,10,10,10,10,10,10,10,10
360154,1,1,1990,24,0,13,0,0,0,0,20,11,0
360155,0,1,1990,51,51,51,51,51,51,51,51,51,51
360155,1,1,1990,0,0,0,0,0,0,0,0,0,0
360156,0,1,1990,0,0,0,0,0,0,0,0,0,0
360156,1,1,1990,0,0,0,0,0,0,0,0,0,0
360156,2,1,1990,0,0,0,0,0,0,0,0,0,0
360156,3,1,1990,0,0,0,0,0,0,0,0,0,0
360157,0,1,1990,0,0,0,0,0,0,0,0,0,0
360157,1,1,1990,0,0,0,0,0,0,25,16,0,0
360158,1,1,1990,19,0,23,32,16,26,9,0,13,0
360159,1,1,1990,31,31,31,31,31,31,31,31,31,31
360159,2,1,1990,0,5,0,0,0,0,0,0,0,0
360160,1,1,1990,0,0,0,0,0,0,0,0,0,0
360160,2,1,1990,0,0,0,0,0,0,0,0,0,0
360161,1,1,1990,23,23,23,23,23,23,23,23,23,23
360162,1,1,1990,21,21,21,21,21,21,21,21,21,21
360163,1,1,1990,18,18,18,18,18,18,18,18,18,18
360163,2,1,1990,0,0,0,0,0,0,23,0,0,0
360164,1,1,1990,0,0,0,0,0,0,0,0,0,0
360164,2,1,1990,0,17,0,0,16,0,0,0,0,0
360165,1,1,1990,0,0,0,0,0,0,0,0,0,0
360166,1,1,1990,0,0,0,0,0,0,0,0,0,0
360166,2,1,1990,0,0,0,0,0,0,0,0,0,0
360167,1,1,1990,19,19,19,19,19,19,19,19,19,19
360168,0,1,1990,3,3,3,3,3,3,3,3,3,3
360168,1,1,1990,17,10,18,0,0,0,0,6,0,12
360169,1,1,1990,14,14,14,14,14,14,14,14,14,14
360170,0,1,1990,0,0,0,0,0,0,0,0,0,0
360170,1,1,1990,0,0,0,0,18,0,0,0,0,0
360171,1,1,1990,4,0,0,0,0,0,0,0,0,0
360171,2,1,1990,0,0,0,0,0,0,0,0,0,0
360172,0,1,1990,0,0,0,0,0,0,0,0,0,0
360172,1,1,1990,0,23,19,0,0,0,0,0,0,0
360172,2,1,1990,0,0,0,19,0,0,0,0,22,0
360172,3,1,1990,0,0,5,0,0,0,0,0,0,0
360172,4,1,1990,0,0,0,0,0,11,0,0,0,0
360173,1,1,1990,6,6,6,6,6,6,6,6,6,6
360174,0,1,1990,0,0,0,0,0,0,0,0,0,0
360174,1,1,1990,0,14,0,0,0,10,11,0,0,0
360175,1,1,1990,0,0,0,0,0,0,0,0,0,0
360175,2,1,1990,0,0,0,0,0,0,0,0,9,0
360176,1,1,1990,0,0,0,0,0,0,0,0,0,0
360177,0,1,1990,0,0,0,0,0,0,0,0,0,0
360177,1,1,1990,0,0,0,0,0,0,0,0,0,0
360178,1,1,1990,0,0,0,11,0,0,0,0,0,0
360178,2,1,1990,0,0,0,0,0,0,0,0,0,0
360178,3,1,1990,20,0,0,0,0,0,0,0,0,0
360179,1,1,1990,0,9,0,0,0,0,5,0,0,0
360179,2,1,1990,0,0,0,0,0,0,0,0,0,0
360180,1,1,1990,0,0,0,0,0,0,0,0,0,0
360180,2,1,1990,0,0,0,0,0,0,0,0,0,0
360181,1,1,1990,15,15,15,15,15,15,15,15,15,15
360182,1,1,1990,0,0,0,0,0,0,0,0,0,0
360182,2,1,1990,0,12,0,0,0,0,0,0,0,0
360183,1,1,1990,0,0,5,9,0,4,0,0,0,20
360184,1,1,1990,19,19,19,19,19,19,19,19,19,19
360184,2,1,1990,0,0,0,5,0,0,0,0,0,0
360185,1,1,1990,0,0,0,0,0,0,0,0,0,0
360186,1,1,1990,0,0,0,0,0,0,0,0,0,0
360186,2,1,1990,0,0,0,0,0,0,0,12,0,0
360187,1,1,1990,0,0,0,0,0,0,0,0,0,0
360187,2,1,1990,0,0,0,0,0,0,0,0,0,0
360188,1,1,1990,24,0,0,0,0,0,0,29,0,0
360189,1,1,1990,0,0,0,0,0,0,0,0,0,0
360189,2,1,1990,26,0,27,15,5,0,19,18,11,20
360190,1,1,1990,0,0,0,0,0,0,0,0,0,0
360190,2,1,1990,0,0,0,0,0,0,0,0,0,0
360191,1,1,1990,10,10,10,10,10,10,10,10,10,10
360191,2,1,1990,0,0,0,0,0,0,0,0,0,0
360192,0,1,1990,3,3,3,3,3,3,3,3,3,3
360192,0,2,1990,24,27,0,0,18,0,16,22,35,0
360192,1,1,1990,0,0,0,0,0,0,0,0,0,0
360193,0,1,1990,0,0,0,0,0,0,0,0,0,0
360193,1,1,1990,20,15,0,12,15,0,12,13,0,10
360194,1,1,1990,0,0,0,0,0,0,0,0,0,0
360194,2,1,1990,0,0,0,0,0,0,0,0,0,0
360194,3,1,1990,0,0,0,0,0,0,0,0,0,0
360196,0,1,1990,0,0,0,0,0,0,0,0,0,0
360196,1,1,1990,0,0,0,0,0,0,0,0,0,0
360197,0,1,1990,20,20,20,20,20,20,20,20,20,20
360197,1,1,1990,21,22,22,11,8,21,14,18,9,8
360199,1,1,1990,0,0,0,0,0,0,0,0,0,0
360199,2,1,1990,0,0,0,10,16,20,13,0,31,0
360199,3,1,1990,0,0,0,0,0,0,0,0,0,0
360199,4,1,1990,0,0,0,0,0,0,0,0,0,0
360200,1,1,1990,0,0,0,0,0,0,0,8,0,0
360201,0,1,1990,0,0,0,0,0,0,0,0,0,0
360201,1,1,1990,0,0,0,0,0,0,0,0,0,0
360202,1,1,1990,0,0,10,4,0,0,0,10,9,14
360203,1,1,1990,10,10,10,10,10,10,10,10,10,10
360204,1,1,1990,0,11,18,30,6,21,20,25,13,12
360205,0,1,1990,26,18,0,0,0,42,0,0,20,21
360205,1,1,1990,0,0,0,0,0,0,0,0,0,0
360206,1,1,1990,0,0,21,29,0,0,0,0,0,0
360207,1,1,1990,11,18,29,25,32,0,14,17,14,20
360208,1,1,1990,0,0,0,0,0,0,0,0,0,0
360209,0,1,1990,0,0,4,0,0,0,0,0,0,0
360209,1,1,1990,0,0,0,0,0,0,0,0,0,0
360210,1,1,1990,0,0,0,0,0,0,0,0,0,0
360210,2,1,1990,0,0,0,0,0,0,0,0,0,13
360211,0,1,1990,0,0,0,0,0,0,0,0,0,0
360211,1,1,1990,26,12,33,12,29,17,18,9,18,23
360212,1,1,1990,20,20,20,20,20,20,20,20,20,20
360213,1,1,1990,0,0,0,0,0,0,0,0,0,0
360213,2,1,1990,0,0,0,0,0,0,0,0,0,0
360214,1,1,1990,0,0,0,0,0,0,0,0,0,0
360215,1,1,1990,0,0,0,0,0,0,0,0,0,0
360215,2,1,1990,0,0,0,0,7,0,0,0,0,0
360216,1,1,1990,5,5,5,5,5,5,5,5,5,5
360216,2,1,1990,9,13,0,5,11,39,19,0,21,9
360217,1,1,1990,0,0,0,0,0,0,0,0,0,0
360217,2,1,1990,9,0,0,0,0,0,0,0,0,0
360218,1,1,1990,7,0,6,10,0,0,21,16,0,0
360219,0,1,1990,0,0,0,0,0,0,0,0,0,0
360219,1,1,1990,6,0,0,0,0,0,0,0,0,0
360220,1,1,1990,0,0,0,0,0,0,0,0,0,0
360221,1,1,1990,0,0,0,0,0,0,0,0,0,0
360222,1,1,1990,0,0,0,0,0,0,0,0,0,0
360222,2,1,1990,0,0,12,0,20,0,0,0,0,0
360223,0,1,1990,0,0,0,0,0,0,0,0,0,0
360223,1,1,1990,0,0,0,0,0,28,16,0,0,0
360224,1,1,1990,0,0,0,0,0,0,0,0,0,0
360225,0,1,1990,0,0,0,0,0,0,0,0,0,0
360225,1,1,1990,0,0,0,0,0,0,0,0,0,0
360226,1,1,1990,0,0,0,0,0,0,0,0,0,0
360226,2,1,1990,0,0,0,0,0,0,0,0,0,0
360226,3,1,1990,0,0,0,0,0,0,0,0,0,9
360227,1,1,1990,0,0,0,0,0,0,0,0,0,0
360227,2,1,1990,0,0,0,0,0,0,0,0,0,0
360228,1,1,1990,0,0,0,0,0,0,0,0,0,0
360228,2,1,1990,0,0,0,0,0,0,0,0,0,0
360229,1,1,1990,0,0,0,0,0,0,0,0,0,0
360229,2,1,1990,0,0,0,0,0,0,0,0,0,0
360230,1,1,1990,0,0,0,0,0,0,0,0,0,0
360230,2,1,1990,0,0,0,0,0,0,0,0,0,0
360231,1,1,1990,17,17,17,17,17,17,17,17,17,17
360232,1,1,1990,11,11,11,11,11,11,11,11,11,11
360233,1,1,1990,0,9,0,10,0,0,0,0,0,0
360233,2,1,1990,0,4,32,0,0,14,0,0,0,0
360234,1,1,1990,0,0,0,0,0,0,0,0,0,0
360234,2,1,1990,0,0,0,0,0,0,0,0,0,0
360235,1,1,1990,4,4,4,4,4,4,4,4,4,4
360236,0,1,1990,0,0,0,0,0,0,0,0,0,0
360236,1,1,1990,0,0,0,0,0,0,0,0,0,0
360237,1,1,1990,0,0,0,0,0,0,0,0,0,0
360238,0,1,1990,12,12,12,12,12,12,12,12,12,12
360238,1,1,1990,0,0,0,0,0,0,0,0,0,0
360239,1,1,1990,0,0,0,0,0,0,0,0,0,0
360240,1,1,1990,11,16,15,0,0,0,0,0,0,0
360240,2,1,1990,13,13,13,13,13,13,13,13,13,13
360241,1,1,1990,26,26,26,26,26,26,26,26,26,26
360242,1,1,1990,0,0,0,0,0,0,0,0,0,18
360242,2,1,1990,0,0,0,0,0,0,0,0,0,0
360243,1,1,1990,0,0,0,0,0,0,0,0,0,0
360243,2,1,1990,0,0,0,0,0,0,0,0,0,0
360244,1,1,1990,23,23,23,23,23,23,23,23,23,23
360245,0,1,1990,26,4,4,0,0,0,0,0,0,0
360245,1,1,1990,0,0,0,0,0,0,0,0,0,0
360246,1,1,1990,7,18,13,19,9,11,14,10,12,15
360246,2,1,1990,0,0,0,0,0,0,0,0,0,0
360247,1,1,1990,31,31,31,31,31,31,31,31,31,31
360248,0,1,1990,40,40,40,40,40,40,40,40,40,40
360248,1,1,1990,0,0,0,0,26,0,0,0,0,0
360249,1,1,1990,0,0,0,0,0,0,0,0,0,0
360250,1,1,1990,0,0,0,0,0,0,0,18,0,0
360250,2,1,1990,0,0,0,19,0,0,0,0,0,0
360250,3,1,1990,25,25,20,22,22,30,26,29,21,14
360251,0,1,1990,0,0,0,0,0,0,0,0,0,0
360251,1,1,1990,0,0,0,0,0,0,0,0,0,0
360252,0,1,1990,0,0,0,0,0,0,0,0,0,0
360252,1,1,1990,0,0,0,0,0,23,0,0,0,0
360253,0,1,1990,0,0,0,0,0,0,0,0,0,0
360253,1,1,1990,0,0,0,0,0,0,0,15,0,0
360254,1,1,1990,0,0,0,0,11,0,15,10,18,0
360255,1,1,1990,0,0,0,0,0,0,0,0,0,0
360256,0,1,1990,0,0,0,0,0,0,0,0,0,0
360256,0,2,1990,26,0,0,0,0,0,18,8,0,0
360256,1,1,1990,0,0,0,30,14,15,0,0,0,0
360257,0,1,1990,0,0,0,0,0,0,0,0,0,0
360257,1,1,1990,0,0,0,0,0,0,0,0,0,0
360258,1,1,1990,15,15,15,15,15,15,15,15,15,15
360259,1,1,1990,0,0,0,0,0,13,7,0,0,0
360260,1,1,1990,0,0,0,0,0,0,0,0,0,0
360260,2,1,1990,0,0,0,0,0,0,0,0,0,0
360261,1,1,1990,0,0,0,0,0,0,0,0,0,0
360262,1,1,1990,0,0,0,0,0,0,0,10,5,0
360262,2,1,1990,0,0,0,0,0,0,0,0,0,0
360263,1,1,1990,22,0,0,0,0,0,0,0,0,0
360263,2,1,1990,22,32,16,0,13,24,27,15,21,7
360264,1,1,1990,0,0,0,0,0,0,0,0,0,0
360264,2,1,1990,0,0,0,0,0,0,0,0,0,0
360265,0,1,1990,0,0,0,0,0,0,0,0,0,0
360265,1,1,1990,14,0,0,0,0,0,0,0,0,3
360266,1,1,1990,0,0,0,0,0,0,0,0,0,0
360266,2,1,1990,0,0,0,0,0,0,0,0,0,0
360267,0,1,1990,0,0,0,0,0,0,0,0,0,0
360267,1,1,1990,0,0,0,0,0,0,0,0,0,0
360268,1,1,1990,8,10,5,14,19,4,14,21,15,12
360269,1,1,1990,3,3,3,3,3,3,3,3,3,3
360270,0,1,1990,0,0,0,0,0,0,0,0,0,0
360270,1,1,1990,0,0,0,0,0,0,0,0,8,0
360271,1,1,1990,0,0,0,0,0,0,0,0,0,4
360271,2,1,1990,16,0,0,0,0,0,0,8,0,0
360271,3,1,1990,0,0,3,0,0,20,15,0,0,0
360272,0,1,1990,0,0,0,0,0,0,0,0,0,0
360272,0,2,1990,4,14,0,0,13,0,0,0,0,0
360272,1,1,1990,0,0,0,0,0,0,0,0,0,0
360273,1,1,1990,0,5,4,0,0,10,0,0,0,10
360274,0,1,1990,0,0,0,0,0,0,0,0,0,0
360275,0,1,1990,0,0,0,0,0,0,0,0,0,0
360275,1,1,1990,0,0,0,0,0,0,0,0,0,0
360276,0,1,1990,0,0,0,0,0,0,0,0,0,0
360276,1,1,1990,0,0,0,0,0,0,0,0,0,0
360277,1,1,1990,13,27,0,24,0,20,0,0,11,0
360277,2,1,1990,39,0,22,0,13,6,6,0,0,0
360278,1,1,1990,0,0,0,0,0,0,0,0,0,0
360278,2,1,1990,0,29,0,21,0,0,0,4,0,0
360279,0,1,1990,0,0,0,0,0,0,0,0,0,0
360279,1,1,1990,7,0,0,0,0,0,0,0,0,0
360280,0,1,1990,0,0,0,0,0,0,0,0,0,0
360280,1,1,1990,15,0,0,0,0,0,0,0,0,0
360281,0,1,1990,0,0,0,0,0,0,0,0,0,0
360281,1,1,1990,0,0,0,0,0,0,0,0,0,0
360282,1,1,1990,13,0,16,0,0,21,0,0,0,13
360282,2,1,1990,0,0,0,0,0,0,0,0,0,0
360283,0,1,1990,23,23,23,23,23,23,23,23,23,23
360283,1,1,1990,0,0,0,10,0,0,0,0,0,16
360284,0,1,1990,0,0,0,0,0,0,0,0,0,0
360284,1,1,1990,0,0,0,0,0,0,0,0,0,0