ST_CASE,VEH_NO,PER_NO,YEAR,P1,P2,P3,P4,P5,P6,P7,P8,P9,P10
370073,3,1,1990,0,0,0,0,0,0,0,0,0,0
370074,1,1,1990,14,7,10,24,20,20,10,25,18,14
370074,2,1,1990,30,18,8,3,14,15,19,29,12,19
370075,1,1,1990,0,0,0,0,0,0,0,0,0,0
370075,2,1,1990,0,0,0,0,0,0,0,0,0,0
370075,3,1,1990,19,0,0,0,0,0,0,0,0,0
370076,1,1,1990,0,0,0,0,0,0,0,0,0,0
370076,2,1,1990,0,0,0,0,0,0,0,0,0,0
370077,1,1,1990,0,0,0,0,0,0,0,0,0,0
370077,2,1,1990,29,29,29,29,29,29,29,29,29,29
370078,1,1,1990,19,14,12,22,11,12,24,27,27,6
370079,1,1,1990,7,7,7,7,7,7,7,7,7,7
370080,1,1,1990,16,7,25,0,18,2,20,0,19,20
370080,2,1,1990,0,0,0,0,0,0,11,0,0,0
370080,3,1,1990,8,0,20,0,0,3,0,0,0,0
370080,4,1,1990,0,0,6,0,0,0,0,0,0,0
370081,1,1,1990,19,26,14,17,0,29,5,17,21,12
370081,2,1,1990,0,0,0,0,0,0,0,0,0,0
370082,1,1,1990,31,31,31,31,31,31,31,31,31,31
370082,2,1,1990,0,0,0,0,0,0,0,0,0,0
370083,1,1,1990,0,0,0,6,0,0,0,0,0,0
370084,1,1,1990,0,0,5,16,0,0,29,0,0,0
370085,1,1,1990,0,0,0,0,0,0,0,0,0,0
370086,1,1,1990,3,3,3,3,3,3,3,3,3,3
370087,1,1,1990,0,0,0,0,0,0,0,0,0,0
370088,1,1,1990,0,13,15,12,9,8,15,16,6,22
370088,2,1,1990,7,7,7,7,7,7,7,7,7,7
370089,1,1,1990,37,37,37,37,37,37,37,37,37,37
370089,2,1,1990,0,0,0,0,0,0,0,0,0,0
370090,1,1,1990,0,0,0,0,0,0,0,0,0,0
370090,2,1,1990,0,0,0,0,0,0,0,0,0,0
370091,1,1,1990,0,0,0,0,0,0,0,0,0,0
370091,2,1,1990,0,0,0,0,0,0,0,0,0,0
370092,1,1,1990,0,0,0,0,0,0,0,0,0,0
370092,2,1,1990,0,0,0,0,0,0,0,0,0,0
370093,1,1,1990,0,0,0,0,0,0,0,0,0,0
370093,2,1,1990,0,0,0,0,0,0,0,0,0,0
370093,3,1,1990,0,0,0,0,0,0,0,0,0,0
370093,4,1,1990,0,0,0,0,0,0,0,0,0,0
370093,5,1,1990,0,0,0,0,0,0,0,0,0,0
370094,0,1,1990,19,19,19,19,19,19,19,19,19,19
370094,1,1,1990,0,13,0,0,21,0,0,0,0,0
370095,0,1,1990,3,3,3,3,3,3,3,3,3,3
370095,1,1,1990,0,0,0,0,0,0,0,0,0,23
370096,0,1,1990,4,4,4,4,4,4,4,4,4,4
370096,1,1,1990,0,0,0,0,0,0,0,0,0,0
370097,1,1,1990,16,4,23,8,20,13,0,12,6,13
370098,1,1,1990,0,0,0,0,0,0,0,0,0,0
370098,2,1,1990,12,7,7,6,7,12,5,21,19,11
370099,1,1,1990,0,0,0,0,0,0,0,0,0,0
370099,2,1,1990,3,7,16,27,21,9,25,4,19,16
370100,1,1,1990,0,0,0,0,0,0,11,0,0,0
370100,2,1,1990,0,0,0,0,0,0,0,0,0,0
370101,1,1,1990,0,0,0,0,0,0,0,0,0,6
370101,2,1,1990,0,0,0,8,10,0,0,0,0,23
370103,0,1,1990,45,45,45,45,45,45,45,45,45,45
370103,1,1,1990,0,0,0,0,0,0,0,0,0,0
370104,1,1,1990,0,0,0,0,0,0,0,0,0,0
370104,2,1,1990,7,7,7,7,7,7,7,7,7,7
370105,1,1,1990,24,24,24,24,24,24,24,24,24,24
370106,1,1,1990,0,0,0,0,0,0,0,0,0,0
370106,2,1,1990,0,0,0,0,0,0,0,0,0,0
370106,3,1,1990,0,0,0,0,16,0,0,0,0,0
370107,1,1,1990,23,26,18,11,14,16,27,7,21,6
370108,0,1,1990,21,21,21,21,21,21,21,21,21,21
370108,1,1,1990,0,0,0,0,0,0,0,0,0,0
370109,1,1,1990,0,0,0,0,0,0,0,0,0,0
370109,2,1,1990,24,14,29,28,10,19,10,9,12,13
370110,1,1,1990,17,0,0,0,0,0,0,0,0,0
370111,0,1,1990,0,0,0,0,0,0,0,0,0,0
370111,1,1,1990,0,0,0,0,0,0,0,0,0,0
370112,0,1,1990,0,0,0,0,0,0,0,0,0,0
370112,1,1,1990,0,0,0,15,0,0,0,0,0,0
370113,1,1,1990,26,26,26,26,26,26,26,26,26,26
370114,1,1,1990,0,0,0,0,0,0,0,0,0,0
370114,2,1,1990,0,0,0,0,0,0,0,0,0,0
370115,1,1,1990,28,28,28,28,28,28,28,28,28,28
370116,0,1,1990,0,0,0,0,0,0,0,0,0,0
370116,1,1,1990,0,0,0,0,0,0,0,0,0,0
370117,1,1,1990,0,0,0,0,0,0,0,0,0,0
370117,2,1,1990,0,13,0,0,0,0,0,0,0,0
370118,1,1,1990,0,0,0,0,0,0,0,0,0,0
370118,2,1,1990,0,0,0,0,0,0,0,0,0,0
370119,0,1,1990,0,0,0,0,0,0,0,0,0,0
370119,1,1,1990,0,0,0,0,0,0,0,0,0,0
370120,1,1,1990,0,0,0,0,0,0,0,0,0,0
370120,2,1,1990,0,0,0,0,0,0,0,0,0,0
370120,3,1,1990,0,0,0,0,0,0,0,0,0,0
370121,0,1,1990,29,29,29,29,29,29,29,29,29,29
370121,0,2,1990,0,23,14,22,11,25,0,0,0,0
370121,1,1,1990,0,0,0,0,0,0,0,0,0,0
370122,1,1,1990,10,6,26,10,23,8,10,27,11,14
370123,1,1,1990,18,12,21,12,12,9,23,12,10,5
370124,0,1,1990,0,0,0,0,0,0,0,0,0,0
370124,1,1,1990,0,0,0,0,0,0,14,0,0,0
370125,1,1,1990,6,6,6,6,6,6,6,6,6,6
370126,1,1,1990,0,0,0,0,0,0,0,0,0,0
370126,2,1,1990,0,0,0,0,0,0,0,0,0,0
370127,1,1,1990,0,0,0,0,0,0,0,0,0,0
370127,2,1,1990,0,0,0,0,0,0,0,0,0,0
370127,3,1,1990,0,0,0,0,0,0,0,0,0,0
370128,1,1,1990,26,26,26,26,26,26,26,26,26,26
370129,1,1,1990,33,33,33,33,33,33,33,33,33,33
370130,1,1,1990,0,0,0,0,0,0,0,0,0,0
370130,2,1,1990,23,0,19,0,0,0,0,0,0,0
370131,1,1,1990,12,12,12,12,12,12,12,12,12,12
370131,2,1,1990,0,0,0,0,0,0,0,0,0,0
370132,1,1,1990,26,26,26,26,26,26,26,26,26,26
370133,1,1,1990,0,0,0,0,0,0,0,0,0,0
370133,2,1,1990,0,0,0,0,0,0,0,0,0,0
370134,1,1,1990,0,0,0,0,0,0,0,0,0,0
370134,2,1,1990,0,0,0,0,0,0,0,0,0,0
370135,1,1,1990,0,4,0,27,12,7,0,3,0,10
370135,2,1,1990,0,0,0,0,0,0,0,0,0,0
370135,3,1,1990,0,0,0,0,0,0,0,0,0,0
370136,1,1,1990,18,18,18,18,18,18,18,18,18,18
370137,1,1,1990,0,0,0,0,0,0,0,0,0,0
370137,2,1,1990,0,0,0,0,0,0,0,0,0,0
370137,3,1,1990,0,0,0,0,0,0,0,0,0,0
370138,1,1,1990,0,0,0,0,0,0,0,0,0,0
370139,0,1,1990,0,0,0,0,0,0,0,0,0,0
370139,1,1,1990,0,0,0,0,0,0,0,0,0,0
370140,0,1,1990,0,0,0,0,0,0,0,0,0,0
370140,1,1,1990,0,0,0,0,0,0,0,0,0,0
370141,0,1,1990,0,0,0,0,0,0,0,0,0,0
370141,1,1,1990,0,0,0,0,0,6,0,0,0,0
370142,1,1,1990,0,0,0,0,0,0,0,0,0,0
370143,1,1,1990,0,0,0,0,0,0,0,0,0,0
370143,2,1,1990,0,0,0,0,0,0,0,0,0,0
370144,1,1,1990,23,36,10,18,16,11,15,15,16,15
370145,0,1,1990,17,17,17,17,17,17,17,17,17,17
370145,1,1,1990,0,0,0,0,0,0,0,0,0,0
370146,1,1,1990,0,0,0,0,0,17,0,0,0,0
370146,2,1,1990,0,0,0,0,0,0,0,0,17,0
370146,3,1,1990,0,0,0,0,0,0,0,0,0,0
370147,1,1,1990,6,6,6,6,6,6,6,6,6,6
370147,2,1,1990,0,11,0,0,0,12,0,0,0,0
370147,3,1,1990,7,0,10,0,0,16,0,0,7,0
370148,1,1,1990,0,0,0,0,0,0,0,0,0,0
370148,2,1,1990,0,0,0,0,0,0,0,0,0,0
370149,1,1,1990,0,0,0,0,0,0,0,0,0,0
370149,2,1,1990,0,0,0,0,0,0,0,0,0,0
370150,1,1,1990,12,12,12,12,12,12,12,12,12,12
370150,2,1,1990,0,0,0,0,0,0,0,0,0,0
370151,1,1,1990,16,16,16,16,16,16,16,16,16,16
370152,1,1,1990,8,16,0,0,0,0,0,0,13,10
370153,1,1,1990,0,0,0,6,0,0,0,0,0,0
370154,1,1,1990,0,0,0,0,0,0,0,0,0,0
370154,2,1,1990,10,0,0,0,0,0,0,0,0,0
370155,0,1,1990,0,0,0,0,0,0,0,0,0,0
370155,1,1,1990,0,0,0,0,0,0,0,0,0,0
370156,0,1,1990,0,0,0,0,0,24,0,38,0,0
370156,1,1,1990,0,0,0,13,0,0,0,12,0,0
370157,1,1,1990,20,20,20,20,20,20,20,20,20,20
370157,2,1,1990,0,0,0,0,0,0,0,0,0,0
370158,1,1,1990,0,0,0,0,0,0,0,0,0,0
370158,2,1,1990,0,0,0,0,0,0,0,0,0,0
370159,1,1,1990,27,27,27,27,27,27,27,27,27,27
370160,1,1,1990,2,2,2,2,2,2,2,2,2,2
370161,1,1,1990,0,0,0,0,0,0,0,0,0,0
370161,2,1,1990,0,0,0,0,0,0,0,0,0,8
370162,1,1,1990,24,25,23,16,12,9,19,11,22,31
370163,1,1,1990,0,0,0,0,0,0,0,0,0,0
370163,2,1,1990,0,0,0,0,0,0,0,0,17,0
370163,3,1,1990,0,0,0,0,0,0,0,0,0,0
370164,1,1,1990,0,0,0,0,0,0,0,0,0,0
370165,1,1,1990,40,40,40,40,40,40,40,40,40,40
370165,2,1,1990,0,0,0,0,0,0,0,0,0,0
370166,1,1,1990,0,0,0,0,0,0,0,0,0,0
370166,2,1,1990,0,0,0,0,0,18,0,0,0,0
370167,0,1,1990,35,35,35,35,35,35,35,35,35,35
370167,1,1,1990,0,0,0,0,0,0,0,0,0,0
370168,0,1,1990,26,26,26,26,26,26,26,26,26,26
370168,1,1,1990,0,24,9,18,23,29,18,14,12,22
370169,1,1,1990,0,0,0,0,0,0,0,0,0,0
370170,1,1,1990,39,27,14,14,27,28,40,32,14,7
370171,1,1,1990,0,0,0,0,0,0,0,0,0,0
370171,2,1,1990,0,0,0,0,0,0,0,0,0,0
370172,1,1,1990,0,0,0,0,0,0,0,0,0,0
370173,1,1,1990,15,15,15,15,15,15,15,15,15,15
370173,2,1,1990,13,24,4,17,16,21,17,12,16,19
370173,3,1,1990,0,0,0,0,0,0,0,0,0,0
370174,1,1,1990,0,0,0,0,0,0,0,0,0,0
370174,2,1,1990,0,0,0,0,0,0,0,0,0,0
370175,0,1,1990,39,39,39,39,39,39,39,39,39,39
370175,1,1,1990,0,0,0,0,0,17,0,0,0,0
370176,1,1,1990,0,0,0,0,0,0,0,0,0,0
370176,2,1,1990,0,0,0,0,0,0,0,0,0,0
370177,0,1,1990,37,37,37,37,37,37,37,37,37,37
370177,1,1,1990,0,0,0,0,0,0,0,0,0,0
370178,1,1,1990,11,11,11,11,11,11,11,11,11,11
370179,1,1,1990,17,17,17,17,17,17,17,17,17,17
370180,1,1,1990,0,0,0,0,0,0,0,0,0,4
370180,2,1,1990,0,0,0,0,0,0,0,0,0,0
370180,3,1,1990,0,0,0,0,0,0,0,0,0,0
370180,4,1,1990,0,0,0,0,0,0,0,0,0,0
370181,1,1,1990,19,13,25,11,22,0,17,0,8,21
370182,1,1,1990,3,3,3,3,3,3,3,3,3,3
370183,0,1,1990,0,0,0,0,0,0,0,0,0,0
370183,1,1,1990,0,0,0,0,0,0,0,20,0,0
370184,1,1,1990,0,0,0,0,0,0,0,0,0,0
370184,2,1,1990,3,3,3,3,3,3,3,3,3,3
370185,1,1,1990,0,0,0,0,0,0,0,0,0,0
370185,2,1,1990,21,21,21,21,21,21,21,21,21,21
370186,1,1,1990,11,11,11,11,11,11,11,11,11,11
370186,2,1,1990,0,0,0,0,0,0,0,0,0,0
370187,1,1,1990,0,0,0,0,0,0,0,0,0,0
370187,2,1,1990,0,21,23,15,9,30,21,12,24,17
370188,1,1,1990,0,27,0,0,0,0,0,0,0,0
370189,0,1,1990,23,23,23,23,23,23,23,23,23,23
370189,1,1,1990,0,0,0,0,0,0,15,0,0,0
370190,1,1,1990,0,0,0,0,0,0,0,0,0,0
370190,2,1,1990,0,11,0,0,0,0,0,0,0,0
370191,1,1,1990,0,0,0,0,0,0,0,0,0,0
370192,1,1,1990,0,0,0,0,0,0,0,0,0,0
370192,2,1,1990,0,8,0,0,0,0,0,0,0,0
370193,1,1,1990,0,0,0,0,0,0,0,0,0,0
370193,2,1,1990,0,0,0,0,0,0,0,0,0,0
370193,3,1,1990,0,0,0,0,0,0,0,0,0,0
370194,1,1,1990,20,20,20,20,20,20,20,20,20,20
370195,1,1,1990,0,0,0,0,0,0,0,15,0,0
370196,1,1,1990,0,0,0,0,0,0,0,0,0,0
370196,2,1,1990,0,0,0,0,0,0,0,0,0,0
370197,0,1,1990,29,29,29,29,29,29,29,29,29,29
370197,1,1,1990,0,0,0,0,0,14,0,0,0,0
370198,1,1,1990,16,17,29,32,18,26,16,13,36,25
370199,1,1,1990,0,0,0,0,0,12,0,0,0,0
370200,1,1,1990,0,0,0,0,0,0,0,0,0,0
370200,2,1,1990,0,0,0,0,0,0,0,0,0,0
370201,1,1,1990,0,0,0,0,0,0,0,0,0,0
370201,2,1,1990,0,0,0,0,0,0,0,0,15,0
370201,3,1,1990,0,0,0,0,0,0,0,0,0,0
370202,1,1,1990,0,0,0,0,24,0,0,0,0,0
370202,2,1,1990,3,4,13,19,11,8,14,14,5,4
370203,0,1,1990,28,28,28,28,28,28,28,28,28,28
370203,1,1,1990,0,0,0,0,0,0,0,0,0,0
370204,1,1,1990,19,19,19,19,19,19,19,19,19,19
370205,1,1,1990,0,0,0,0,0,0,0,0,0,0
370205,2,1,1990,24,9,0,0,7,16,17,21,4,9
370206,1,1,1990,0,0,0,0,0,0,0,0,0,0
370206,2,1,1990,0,0,0,0,0,0,0,0,0,0
370207,1,1,1990,13,13,13,13,13,13,13,13,13,13
370207,2,1,1990,0,0,0,0,0,0,0,0,0,0
370208,1,1,1990,0,0,0,0,0,0,0,0,0,0
370208,2,1,1990,0,0,0,0,0,0,0,0,0,0
370209,0,1,1990,0,0,0,0,0,0,0,0,0,0
370209,1,1,1990,0,0,0,0,0,0,0,0,0,0
370210,1,1,1990,0,0,0,0,0,0,0,0,0,0
370210,2,1,1990,0,0,0,0,0,0,0,0,0,0
370211,1,1,1990,0,0,0,0,0,0,0,0,0,0
370211,2,1,1990,0,0,0,0,0,0,0,0,0,0
370212,1,1,1990,17,14,11,13,23,16,17,8,21,5
370213,1,1,1990,0,0,0,0,0,0,0,0,0,0
370213,2,1,1990,0,0,0,0,0,0,0,0,0,0
370214,0,1,1990,0,0,0,0,0,0,0,0,0,0
370214,0,2,1990,20,0,0,0,0,0,0,0,0,13
370214,1,1,1990,0,0,0,0,0,0,0,0,0,0
370215,1,1,1990,0,0,0,0,0,0,0,0,0,0
370215,2,1,1990,0,0,0,0,0,0,0,0,0,0
370216,1,1,1990,0,0,0,0,0,0,0,0,0,0
370217,1,1,1990,18,26,11,21,17,35,37,21,24,18
370217,2,1,1990,0,0,0,0,0,0,0,0,0,0
370218,1,1,1990,0,0,0,0,0,0,0,0,0,0
370218,2,1,1990,8,17,0,17,21,18,11,9,11,14
370219,1,1,1990,25,25,25,25,25,25,25,25,25,25
370220,1,1,1990,0,0,0,0,0,0,0,0,0,0
370220,2,1,1990,0,0,0,0,0,0,0,0,0,0
370220,3,1,1990,0,0,7,0,3,0,0,0,0,0
370221,1,1,1990,17,0,12,18,11,16,16,29,9,17
370221,2,1,1990,0,0,0,0,0,0,0,0,0,0
370221,3,1,1990,0,0,0,0,0,0,0,0,0,0
370222,1,1,1990,0,0,0,0,0,0,0,0,0,0
370223,1,1,1990,12,12,12,12,12,12,12,12,12,12
370223,2,1,1990,0,0,13,0,0,0,0,0,0,0
370224,1,1,1990,30,30,30,30,30,30,30,30,30,30
370225,1,1,1990,0,0,0,0,0,0,0,0,0,0
370225,2,1,1990,0,0,0,0,0,0,21,0,0,0
370226,1,1,1990,25,25,25,25,25,25,25,25,25,25
370227,1,1,1990,15,5,0,20,0,25,0,10,23,15
370227,2,1,1990,0,0,0,7,0,0,0,0,0,0
370228,1,1,1990,0,0,0,0,0,0,0,0,0,0
370229,1,1,1990,6,6,6,6,6,6,6,6,6,6
370230,0,1,1990,3,3,3,3,3,3,3,3,3,3
370230,1,1,1990,0,0,0,0,0,0,0,0,0,0
370231,0,1,1990,0,0,0,0,0,0,0,0,0,0
370231,1,1,1990,0,0,0,0,0,0,0,0,0,0
370232,1,1,1990,0,0,0,0,0,0,0,0,0,0
370233,1,1,1990,0,0,11,0,0,0,0,0,0,0
370234,1,1,1990,0,0,0,0,0,0,0,0,0,0
370234,2,1,1990,21,8,16,16,21,15,6,17,29,17
370235,0,1,1990,0,0,0,0,0,0,0,0,0,0
370235,1,1,1990,0,0,0,0,0,0,0,0,0,0
370236,1,1,1990,19,19,19,19,19,19,19,19,19,19
370237,1,1,1990,13,13,13,13,13,13,13,13,13,13
370238,1,1,1990,22,22,22,22,22,22,22,22,22,22
370239,1,1,1990,0,0,0,0,0,0,0,0,0,0
370239,2,1,1990,0,0,0,0,0,0,0,0,0,0
370240,1,1,1990,0,0,0,0,0,0,0,0,0,0
370240,2,1,1990,0,0,0,0,0,0,0,0,0,0
370241,1,1,1990,0,0,0,0,0,0,0,0,0,0
370241,2,1,1990,0,0,0,0,0,0,0,0,0,0
370243,0,1,1990,0,0,0,0,0,0,0,0,0,0
370243,1,1,1990,0,0,0,0,0,0,0,0,0,0
370244,1,1,1990,0,0,0,0,0,0,0,0,0,0
370244,2,1,1990,0,0,0,0,0,0,0,0,0,0
370245,1,1,1990,18,18,18,18,18,18,18,18,18,18
370246,1,1,1990,0,0,0,0,0,0,0,0,0,0
370246,2,1,1990,0,0,0,0,0,0,0,0,0,0
370247,1,1,1990,20,20,20,20,20,20,20,20,20,20
370248,1,1,1990,0,0,0,0,0,0,0,0,0,0
370248,2,1,1990,0,0,0,0,0,0,0,0,0,0
370249,1,1,1990,0,0,0,0,0,0,0,0,0,0
370249,2,1,1990,0,0,0,0,0,0,0,0,0,0
370249,3,1,1990,0,0,0,0,0,0,0,0,0,0
370250,0,1,1990,0,0,0,0,0,0,0,0,0,0
370250,1,1,1990,0,0,0,0,0,0,0,0,0,0
370251,0,1,1990,24,24,24,24,24,24,24,24,24,24
370251,1,1,1990,0,0,0,0,0,20,0,10,0,0
370252,1,1,1990,0,12,0,0,0,0,0,0,0,0
370252,2,1,1990,0,0,0,0,0,0,0,0,0,0
370252,3,1,1990,0,0,0,0,0,0,0,0,0,0
370253,1,1,1990,0,0,0,8,0,0,0,0,0,0
370253,2,1,1990,27,12,0,0,23,15,0,15,0,9
370254,1,1,1990,0,0,0,0,0,0,0,0,0,0
370255,0,1,1990,42,42,42,42,42,42,42,42,42,42
370255,1,1,1990,0,0,0,0,0,0,17,0,0,0
370256,0,1,1990,43,43,43,43,43,43,43,43,43,43
370256,1,1,1990,14,0,0,0,8,0,0,0,0,0
370257,1,1,1990,17,17,17,17,17,17,17,17,17,17
370258,0,1,1990,33,33,33,33,33,33,33,33,33,33
370258,1,1,1990,13,0,0,0,0,0,12,0,5,0
370259,1,1,1990,0,0,0,0,0,0,0,0,0,0
370260,1,1,1990,0,0,0,0,0,0,0,0,0,0
370261,1,1,1990,0,0,0,0,0,0,0,0,0,0
370261,2,1,1990,0,0,0,0,0,0,0,0,0,0
370262,0,1,1990,0,0,0,0,0,0,0,0,0,0
370262,1,1,1990,0,0,0,0,0,0,0,0,0,0
370263,1,1,1990,0,0,0,0,0,0,0,0,0,0
370263,2,1,1990,0,0,0,0,0,0,0,0,0,0
370263,3,1,1990,0,0,0,0,0,0,0,0,0,0
370264,1,1,1990,0,0,0,0,0,0,0,0,0,0
370264,2,1,1990,0,0,0,0,0,0,0,0,0,0
370265,1,1,1990,0,0,0,0,0,0,0,0,0,0
370265,2,1,1990,0,0,0,0,0,0,0,0,0,0
370266,1,1,1990,32,32,32,32,32,32,32,32,32,32
370267,1,1,1990,0,0,0,0,0,0,0,0,0,0
370268,1,1,1990,0,0,0,0,0,0,0,0,0,0
370268,2,1,1990,13,0,0,0,0,0,0,0,0,0
370269,1,1,1990,0,0,0,0,0,0,0,0,0,0
370269,2,1,1990,0,0,0,0,0,0,0,0,15,0
370269,3,1,1990,0,0,0,0,0,0,0,0,0,0
370270,1,1,1990,0,0,0,0,0,0,0,0,0,0
370270,2,1,1990,0,0,0,0,0,20,0,0,0,0
370270,3,1,1990,0,0,0,0,0,0,29,0,0,0
370271,1,1,1990,26,26,26,26,26,26,26,26,26,26
370272,1,1,1990,0,0,0,0,0,0,0,0,0,0
370273,1,1,1990,0,0,0,0,0,0,0,0,0,0
370274,1,1,1990,16,16,18,22,7,5,30,25,21,16
370274,2,1,1990,0,0,0,0,0,0,0,0,0,0
370274,3,1,1990,0,0,0,0,22,0,0,0,0,0
370275,1,1,1990,3,3,3,3,3,3,3,3,3,3
370276,1,1,1990,0,0,0,0,0,0,0,0,0,0
370276,2,1,1990,29,16,8,10,7,21,0,14,6,16
370277,1,1,1990,0,10,3,0,0,0,0,0,0,0
370277,2,1,1990,0,0,0,0,0,0,0,0,0,0
370278,1,1,1990,0,0,0,0,0,0,0,0,0,0
370279,0,1,1990,7,7,7,7,7,7,7,7,7,7
370279,1,1,1990,16,10,10,0,18,21,25,20,17,26
370280,1,1,1990,32,32,32,32,32,32,32,32,32,32
370281,1,1,1990,0,0,0,0,0,0,0,0,0,0
370281,2,1,1990,0,0,0,0,0,0,0,0,0,0
370282,1,1,1990,48,48,48,48,48,48,48,48,48,48
370283,1,1,1990,0,0,0,0,0,9,0,4,12,11
370283,2,1,1990,0,0,0,0,0,0,0,0,0,0
370284,1,1,1990,37,0,11,18,12,26,14,15,14,20
370284,2,1,1990,0,0,0,0,0,0,0,0,0,0
370285,0,1,1990,26,16,12,0,12,8,0,14,9,35
370285,1,1,1990,0,0,0,0,0,0,0,0,0,0
370286,1,1,1990,0,5,0,28,0,0,0,0,0,7
370286,2,1,1990,0,0,0,0,0,0,0,0,0,0
370287,1,1,1990,0,0,0,0,0,0,0,0,0,0
370287,2,1,1990,0,0,0,0,0,0,0,0,0,0
370288,1,1,1990,0,0,0,0,0,0,0,0,0,0
370288,2,1,1990,0,0,0,0,17,0,0,0,0,0
370289,1,1,1990,12,12,12,12,12,12,12,12,12,12
370290,1,1,1990,0,0,0,0,0,0,0,0,0,0
370290,2,1,1990,0,0,0,0,0,0,0,0,0,0
370291,1,1,1990,10,13,22,29,25,15,25,33,23,32
370292,1,1,1990,0,11,6,7,0,23,27,5,7,24
370292,2,1,1990,0,20,0,10,0,0,0,0,0,0
370293,1,1,1990,1,18,0,0,0,0,0,0,20,11
370293,2,1,1990,11,11,11,11,11,11,11,11,11,11
370294,1,1,1990,19,19,19,19,19,19,19,19,19,19
370295,1,1,1990,0,0,0,0,0,0,0,0,0,0
370296,1,1,1990,0,0,0,11,0,0,0,0,0,0
370296,2,1,1990,0,0,0,0,0,0,0,0,0,0
370297,1,1,1990,0,0,0,0,0,0,0,0,0,0
370297,2,1,1990,0,0,0,0,0,0,0,0,0,0
370298,1,1,1990,0,5,0,10,10,3,17,22,0,7
370299,1,1,1990,32,32,32,32,32,32,32,32,32,32
370300,1,1,1990,28,28,28,28,28,28,28,28,28,28
370301,1,1,1990,0,0,0,0,0,0,0,0,0,0
370302,1,1,1990,0,0,0,0,0,19,0,0,0,0
370302,2,1,1990,0,0,0,0,0,0,0,11,4,0
370303,1,1,1990,0,0,0,0,0,7,0,0,0,0
370304,1,1,1990,0,0,0,0,0,0,0,0,0,0
370305,1,1,1990,0,0,0,0,0,0,0,0,0,0
370306,1,1,1990,0,0,0,0,0,0,0,0,0,0
370307,0,1,1990,29,29,29,29,29,29,29,29,29,29
370307,1,1,1990,0,0,0,0,0,0,0,0,0,0
370308,1,1,1990,0,0,0,0,0,0,2,0,0,0
370308,2,1,1990,0,0,0,0,0,0,0,0,0,0
370309,1,1,1990,0,0,0,0,0,0,0,0,0,0
370309,2,1,1990,0,0,0,0,0,0,0,0,0,0
370310,1,1,1990,6,6,6,6,6,6,6,6,6,6
370311,1,1,1990,5,9,14,7,17,7,12,14,9,15
370311,2,1,1990,0,0,0,0,0,0,0,0,0,0
370312,0,1,1990,0,0,0,0,0,0,0,0,0,0
370312,1,1,1990,0,0,0,0,0,0,0,0,0,0
370313,1,1,1990,0,0,0,0,0,0,0,0,0,0
370313,2,1,1990,26,26,26,26,26,26,26,26,26,26
370314,1,1,1990,0,0,0,0,0,0,0,0,0,0
370314,2,1,1990,2,0,0,0,0,0,0,0,0,0
370315,1,1,1990,21,21,21,21,21,21,21,21,21,21
370316,1,1,1990,0,0,0,0,0,0,0,0,0,0
370317,1,1,1990,0,0,0,0,0,0,0,0,0,0
370317,2,1,1990,0,0,0,0,0,0,0,0,0,0
370318,1,1,1990,0,0,0,0,0,0,0,0,0,0
370318,2,1,1990,0,9,0,0,0,0,0,0,17,0
370318,3,1,1990,0,0,0,0,0,0,0,0,0,0
370319,1,1,1990,0,0,0,0,0,0,0,0,0,0
370319,2,1,1990,0,0,0,0,0,0,0,0,0,0
370320,1,1,1990,0,0,0,0,0,0,0,0,0,0
370320,2,1,1990,0,0,0,0,0,0,0,0,0,0
370321,1,1,1990,0,0,0,0,0,0,0,0,0,0
370322,0,1,1990,0,0,0,0,0,0,0,0,0,0
370322,1,1,1990,0,0,0,0,0,0,0,0,0,0
370323,1,1,1990,24,24,24,24,24,24,24,24,24,24
370324,1,1,1990,29,29,29,29,29,29,29,29,29,29
370325,1,1,1990,16,16,16,16,16,16,16,16,16,16
370326,1,1,1990,0,0,0,30,0,0,0,0,0,0
370326,2,1,1990,0,0,0,0,0,0,0,0,0,0
370327,1,1,1990,18,18,18,18,18,18,18,18,18,18
370328,1,1,1990,0,0,0,0,0,0,0,0,0,0
370328,2,1,1990,8,8,8,8,8,8,8,8,8,8
370329,0,1,1990,0,0,0,0,0,0,0,0,0,0
370329,1,1,1990,0,0,0,0,0,0,0,0,0,0
370330,1,1,1990,0,0,0,0,0,0,0,0,0,0
370330,2,1,1990,0,0,0,0,0,0,0,7,0,0
370330,3,1,1990,0,0,0,0,0,0,0,0,0,0
370331,1,1,1990,0,0,0,0,0,0,0,0,0,0
370331,2,1,1990,0,0,0,0,17,0,0,0,0,0
370332,0,1,1990,24,24,24,24,24,24,24,24,24,24
370332,1,1,1990,0,0,6,0,0,0,0,0,0,0
370333,1,1,1990,0,0,0,0,0,0,0,0,0,12
370333,2,1,1990,3,3,3,3,3,3,3,3,3,3
370334,1,1,1990,0,0,16,0,0,0,0,0,0,0
370335,1,1,1990,0,0,0,0,0,0,0,0,0,0
370336,1,1,1990,0,0,0,0,0,0,0,0,0,0
370336,2,1,1990,0,0,0,0,0,0,0,0,0,0
370337,0,1,1990,0,0,0,0,0,0,0,0,0,0
370337,1,1,1990,9,17,6,19,18,10,17,23,0,18
370338,1,1,1990,0,0,0,0,0,0,0,0,0,0
370338,2,1,1990,0,0,0,0,0,0,0,0,0,0