ST_CASE,VEH_NO,PER_NO,YEAR,P1,P2,P3,P4,P5,P6,P7,P8,P9,P10
390650,1,1,1990,0,0,0,0,0,0,0,0,0,14
390650,2,1,1990,0,0,0,0,0,0,0,0,0,0
390651,1,1,1990,12,9,11,11,11,0,28,17,11,16
390652,1,1,1990,0,0,0,33,7,0,0,3,0,0
390652,2,1,1990,0,0,0,0,15,0,0,0,0,0
390652,3,1,1990,0,0,0,0,0,0,0,0,0,0
390653,1,1,1990,0,0,0,0,0,0,0,0,0,0
390653,2,1,1990,0,0,0,0,0,0,0,0,0,0
390654,1,1,1990,0,0,0,0,0,0,0,0,0,0
390654,2,1,1990,0,0,0,22,0,0,0,0,0,0
390655,0,1,1990,0,0,0,0,0,0,0,0,0,0
390655,1,1,1990,20,0,0,14,20,0,21,0,0,0
390656,1,1,1990,22,0,12,0,0,10,12,14,0,0
390657,1,1,1990,0,0,0,0,0,0,0,0,0,0
390657,2,1,1990,0,0,0,0,0,0,0,0,0,0
390658,1,1,1990,29,29,29,29,29,29,29,29,29,29
390660,1,1,1990,10,0,18,26,22,19,0,0,17,19
390661,1,1,1990,0,0,0,0,0,0,0,0,0,0
390661,2,1,1990,0,0,0,0,0,0,0,0,0,0
390661,3,1,1990,0,0,0,0,0,0,0,0,0,0
390661,4,1,1990,0,0,0,0,0,0,0,7,0,0
390663,1,1,1990,10,0,0,0,0,0,0,11,11,16
390664,1,1,1990,0,0,0,0,0,0,0,0,0,0
390664,2,1,1990,10,10,10,10,10,10,10,10,10,10
390665,1,1,1990,0,0,0,0,0,0,0,0,0,0
390665,2,1,1990,0,0,0,0,0,0,0,0,0,0
390666,1,1,1990,0,0,0,0,0,0,0,0,0,0
390667,1,1,1990,0,0,0,0,0,0,0,0,0,0
390668,1,1,1990,0,0,0,0,0,0,0,0,0,0
390668,2,1,1990,0,0,0,0,12,0,0,0,0,0
390668,3,1,1990,0,0,0,0,0,0,17,0,0,0
390669,1,1,1990,8,8,8,8,8,8,8,8,8,8
390669,2,1,1990,0,0,0,0,0,0,0,0,0,0
390670,1,1,1990,17,17,17,17,17,17,17,17,17,17
390671,0,1,1990,0,0,0,0,0,0,0,0,0,0
390671,1,1,1990,5,0,0,0,10,0,0,0,0,0
390672,1,1,1990,33,9,14,6,0,0,4,0,0,8
390673,1,1,1990,14,6,0,0,0,28,0,19,0,0
390673,2,1,1990,0,0,0,0,5,15,0,0,0,0
390674,1,1,1990,22,22,22,22,22,22,22,22,22,22
390675,0,1,1990,0,0,0,0,0,0,0,0,0,0
390675,1,1,1990,0,9,0,0,0,0,11,0,0,0
390676,1,1,1990,0,0,0,0,0,0,0,0,0,0
390676,2,1,1990,0,0,0,0,0,0,0,0,0,0
390677,1,1,1990,0,0,0,0,0,0,0,0,0,0
390678,1,1,1990,26,26,26,26,26,26,26,26,26,26
390679,1,1,1990,11,11,11,11,11,11,11,11,11,11
390680,1,1,1990,6,6,6,6,6,6,6,6,6,6
390681,1,1,1990,0,0,0,0,0,0,0,0,0,0
390681,2,1,1990,0,0,0,0,0,0,0,0,0,0
390682,1,1,1990,0,26,0,0,0,0,0,0,0,0
390683,1,1,1990,20,20,13,19,6,8,0,9,21,0
390684,0,1,1990,24,24,24,24,24,24,24,24,24,24
390684,1,1,1990,12,12,12,12,12,12,12,12,12,12
390685,1,1,1990,6,0,0,0,0,0,0,0,9,0
390685,2,1,1990,0,0,0,0,0,0,0,0,0,0
390686,1,1,1990,27,23,9,0,18,0,14,23,15,4
390686,2,1,1990,0,0,0,0,0,0,0,0,0,0
390687,1,1,1990,0,0,0,0,0,0,0,0,0,0
390687,2,1,1990,0,0,0,0,0,0,0,0,0,0
390688,1,1,1990,0,0,0,0,18,17,0,0,0,0
390690,1,1,1990,0,0,7,0,0,0,0,0,0,0
390690,2,1,1990,0,0,0,18,0,0,0,0,9,0
390691,1,1,1990,30,30,30,30,30,30,30,30,30,30
390692,1,1,1990,0,0,0,0,0,21,0,0,0,0
390692,2,1,1990,0,0,0,0,0,10,0,0,0,0
390692,3,1,1990,0,0,0,12,0,0,0,0,0,0
390693,1,1,1990,0,0,0,0,0,0,0,0,0,0
390693,2,1,1990,0,0,0,0,0,0,0,0,0,0
390694,1,1,1990,0,0,0,0,0,0,0,0,0,0
390694,2,1,1990,0,0,0,0,0,0,0,0,13,0
390695,1,1,1990,24,0,16,0,0,0,0,0,0,0
390695,2,1,1990,18,18,18,18,18,18,18,18,18,18
390696,0,1,1990,23,0,0,0,0,0,0,0,0,0
390696,0,2,1990,0,0,0,0,6,0,0,16,0,0
390696,1,1,1990,8,0,0,0,15,0,0,0,0,0
390697,1,1,1990,0,0,28,0,0,0,0,0,0,0
390698,1,1,1990,0,0,0,0,0,0,0,0,0,0
390698,2,1,1990,0,0,0,0,0,0,0,0,0,0
390699,1,1,1990,0,0,0,0,0,0,0,0,0,0
390700,1,1,1990,24,21,12,0,18,11,24,29,14,41
390702,1,1,1990,13,13,13,13,13,13,13,13,13,13
390703,1,1,1990,0,0,0,0,0,0,0,0,0,0
390703,2,1,1990,0,0,0,0,0,0,0,0,0,0
390704,1,1,1990,0,0,0,0,0,0,0,0,0,0
390705,1,1,1990,18,0,0,3,0,0,16,12,0,0
390705,2,1,1990,0,0,0,0,0,0,0,0,0,0
390706,1,1,1990,0,0,0,0,0,0,0,0,0,0
390706,2,1,1990,0,0,0,0,0,0,0,0,0,0
390707,1,1,1990,24,24,24,24,24,24,24,24,24,24
390708,0,1,1990,0,0,0,0,0,0,0,0,0,0
390708,1,1,1990,0,0,0,9,0,0,0,0,0,0
390709,0,1,1990,25,0,0,0,21,0,0,0,19,24
390709,1,1,1990,9,0,0,13,0,0,18,6,0,0
390710,1,1,1990,0,0,0,0,0,0,0,0,0,0
390710,2,1,1990,14,22,0,36,10,0,10,23,0,10
390711,1,1,1990,0,0,0,0,0,0,0,0,0,0
390711,2,1,1990,0,0,0,0,0,0,0,0,0,0
390711,3,1,1990,0,0,0,0,0,0,0,0,0,0
390712,1,1,1990,0,0,0,0,0,0,0,0,0,0
390712,2,1,1990,0,0,0,0,0,0,0,0,0,0
390713,1,1,1990,10,24,12,11,9,0,7,23,4,7
390713,2,1,1990,0,0,0,0,0,0,0,0,22,6
390713,3,1,1990,29,11,15,22,10,0,0,33,9,0
390714,1,1,1990,0,0,0,0,0,0,0,0,0,0
390714,2,1,1990,0,0,0,14,0,8,13,0,0,0
390715,1,1,1990,0,0,0,0,0,0,0,0,0,0
390716,1,1,1990,20,37,21,32,21,19,6,24,21,15
390717,1,1,1990,21,21,21,21,21,21,21,21,21,21
390719,1,1,1990,0,0,0,0,0,0,0,0,0,0
390720,1,1,1990,0,9,12,0,3,16,13,4,0,19
390720,2,1,1990,10,8,10,15,9,7,16,5,0,18
390721,1,1,1990,13,13,13,13,13,13,13,13,13,13
390722,0,1,1990,0,4,23,0,0,0,0,8,0,14
390722,1,1,1990,18,0,22,5,22,5,0,12,0,12
390723,1,1,1990,20,20,20,20,20,20,20,20,20,20
390724,1,1,1990,0,0,0,0,0,0,0,0,0,0
390725,1,1,1990,0,0,0,0,0,2,0,0,0,0
390725,2,1,1990,0,0,0,0,0,0,0,0,0,0
390726,0,1,1990,0,0,0,0,0,0,0,0,0,0
390726,1,1,1990,0,0,0,0,0,0,0,0,0,0
390727,0,1,1990,0,0,7,0,22,0,11,10,16,0
390727,1,1,1990,0,0,0,0,0,0,0,0,0,12
390728,1,1,1990,0,0,0,0,0,0,0,0,0,0
390728,2,1,1990,0,13,11,0,0,0,0,0,21,12
390729,1,1,1990,0,0,0,0,0,0,0,0,0,0
390729,2,1,1990,0,0,0,0,0,0,0,0,0,0
390730,0,1,1990,0,0,0,0,0,0,0,0,0,0
390730,1,1,1990,0,0,0,0,0,0,0,0,0,0
390731,1,1,1990,0,0,0,0,0,0,0,0,0,0
390732,1,1,1990,0,0,0,2,0,0,0,0,0,0
390732,2,1,1990,0,0,0,0,0,0,0,0,0,0
390733,1,1,1990,0,0,0,0,0,0,0,0,0,0
390734,1,1,1990,1,1,1,1,1,1,1,1,1,1
390735,1,1,1990,0,0,0,0,10,0,0,0,0,0
390735,2,1,1990,0,0,0,0,0,0,0,0,0,0
390736,1,1,1990,20,23,13,15,16,32,43,22,22,20
390737,1,1,1990,26,27,11,21,23,22,13,20,26,12
390738,1,1,1990,0,0,0,0,0,0,0,0,0,0
390739,1,1,1990,12,23,9,13,5,15,14,12,5,7
390739,2,1,1990,0,0,0,0,0,0,0,0,0,0
390740,1,1,1990,26,26,26,26,26,26,26,26,26,26
390741,0,1,1990,5,5,5,5,5,5,5,5,5,5
390741,1,1,1990,0,0,0,0,0,0,0,0,0,0
390741,2,1,1990,0,0,0,0,0,0,0,0,0,0
390742,1,1,1990,12,14,13,12,24,9,2,13,9,27
390743,1,1,1990,0,0,0,0,0,0,0,0,0,0
390743,2,1,1990,17,0,0,0,0,0,0,0,0,0
390744,1,1,1990,25,25,25,25,25,25,25,25,25,25
390745,0,1,1990,0,0,0,0,0,0,0,0,0,0
390745,1,1,1990,0,0,0,0,0,21,0,0,0,0
390746,1,1,1990,14,14,14,14,14,14,14,14,14,14
390747,1,1,1990,0,0,0,0,0,0,0,0,0,24
390748,1,1,1990,19,18,12,9,8,30,18,0,0,13
390749,1,1,1990,0,0,0,0,0,0,0,0,0,0
390750,1,1,1990,0,0,0,0,0,0,0,0,0,0
390751,1,1,1990,8,17,23,22,18,22,21,4,5,27
390752,1,1,1990,20,20,20,20,20,20,20,20,20,20
390752,2,1,1990,0,14,12,0,11,19,10,0,0,0
390753,1,1,1990,0,0,0,0,0,0,0,0,0,0
390753,2,1,1990,0,0,0,0,0,0,0,0,0,0
390753,3,1,1990,0,0,0,0,0,0,0,0,0,0
390754,1,1,1990,23,23,23,23,23,23,23,23,23,23
390755,1,1,1990,0,0,0,0,0,0,0,0,0,0
390755,2,1,1990,0,0,0,0,0,0,0,0,0,0
390756,1,1,1990,0,3,0,0,0,0,0,0,0,0
390756,2,1,1990,0,0,0,0,0,0,0,0,0,0
390757,1,1,1990,0,0,0,0,0,10,0,0,0,0
390758,1,1,1990,0,0,0,0,0,0,0,0,0,0
390759,0,1,1990,0,0,0,0,0,0,0,0,0,0
390759,1,1,1990,0,0,0,0,0,16,0,0,0,0
390760,0,1,1990,0,0,0,0,0,0,0,0,0,0
390760,1,1,1990,0,0,0,0,0,0,0,0,0,0
390761,0,1,1990,0,17,0,0,0,0,0,0,0,0
390761,0,2,1990,0,0,0,0,0,0,0,0,0,0
390761,0,3,1990,0,0,19,0,10,24,0,0,20,21
390761,1,1,1990,17,17,17,17,17,17,17,17,17,17
390762,1,1,1990,0,0,0,0,0,0,0,0,0,0
390762,2,1,1990,0,0,0,0,0,0,0,0,0,0
390762,3,1,1990,0,0,0,0,0,0,0,0,0,0
390763,1,1,1990,0,0,0,0,0,0,0,0,0,0
390763,2,1,1990,0,0,0,0,0,0,0,0,0,0
390764,1,1,1990,5,36,16,7,11,11,24,0,11,23
390765,1,1,1990,21,15,6,0,5,8,31,36,0,0
390766,1,1,1990,0,13,0,14,0,0,27,7,0,17
390767,1,1,1990,0,0,0,0,8,0,0,0,0,0
390767,2,1,1990,0,0,0,0,0,0,0,0,0,0
390768,1,1,1990,25,25,25,25,25,25,25,25,25,25
390769,1,1,1990,0,0,0,0,0,0,0,0,0,0
390769,2,1,1990,19,19,19,19,19,19,19,19,19,19
390769,3,1,1990,0,22,14,6,0,0,0,10,4,0
390770,0,1,1990,49,49,49,49,49,49,49,49,49,49
390770,1,1,1990,0,0,0,0,0,0,0,0,0,0
390771,1,1,1990,24,19,12,12,0,0,0,0,0,13
390772,1,1,1990,0,0,0,13,0,0,0,0,0,0
390772,2,1,1990,0,0,0,0,0,0,0,0,0,0
390772,3,1,1990,0,0,0,0,0,0,0,0,0,0
390773,1,1,1990,0,0,0,0,0,0,0,0,0,0
390773,2,1,1990,0,0,0,0,0,0,0,0,0,0
390774,1,1,1990,6,6,6,6,6,6,6,6,6,6
390775,1,1,1990,0,0,0,0,0,16,0,8,0,0
390776,1,1,1990,0,0,0,0,0,0,0,0,0,0
390776,2,1,1990,0,0,0,0,0,0,0,0,0,0
390777,1,1,1990,13,14,0,0,0,0,0,0,0,20
390778,1,1,1990,0,0,0,0,0,0,0,0,0,6
390778,2,1,1990,0,0,0,0,0,0,0,0,0,0
390779,1,1,1990,25,25,25,25,25,25,25,25,25,25
390780,1,1,1990,18,18,18,18,18,18,18,18,18,18
390781,1,1,1990,0,0,0,0,0,0,0,0,0,0
390781,2,1,1990,0,0,0,0,0,0,0,0,0,0
390782,1,1,1990,10,21,23,31,3,22,22,19,14,9
390783,1,1,1990,2,21,0,0,16,17,0,3,0,16
390784,0,1,1990,14,28,7,25,30,16,21,33,42,0
390784,1,1,1990,9,0,20,5,0,0,0,16,0,0
390785,1,1,1990,0,0,0,0,0,0,0,0,0,0
390786,1,1,1990,9,9,9,9,9,9,9,9,9,9
390787,1,1,1990,0,0,0,0,0,0,0,0,0,0
390787,2,1,1990,0,0,0,0,0,0,0,0,0,0
390788,1,1,1990,0,0,0,0,0,0,0,0,0,0
390788,2,1,1990,0,16,15,10,0,0,13,0,11,10
390789,1,1,1990,0,0,0,0,0,0,0,0,0,0
390789,2,1,1990,0,0,0,0,0,10,21,16,16,0
390790,1,1,1990,18,18,18,18,18,18,18,18,18,18
390791,1,1,1990,0,0,18,7,18,14,0,8,10,12
390792,1,1,1990,25,25,25,25,25,25,25,25,25,25
390793,0,1,1990,0,0,0,0,0,0,0,0,0,0
390793,1,1,1990,9,9,9,9,9,9,9,9,9,9
390794,1,1,1990,0,0,0,0,0,0,0,0,0,0
390794,2,1,1990,14,0,0,0,0,0,0,0,0,0
390795,1,1,1990,44,44,44,44,44,44,44,44,44,44
390795,2,1,1990,0,0,0,0,0,0,19,0,0,0
390795,3,1,1990,10,0,0,0,0,0,0,0,0,0
390796,1,1,1990,17,17,17,17,17,17,17,17,17,17
390796,2,1,1990,0,0,0,0,0,0,0,0,0,0
390797,1,1,1990,9,12,15,13,9,16,31,16,0,5
390798,1,1,1990,26,26,26,26,26,26,26,26,26,26
390799,1,1,1990,25,6,17,17,19,18,25,18,15,19
390800,1,1,1990,7,0,0,25,14,0,0,0,16,0
390800,2,1,1990,0,0,0,0,0,0,0,0,0,0
390801,1,1,1990,15,0,15,21,14,4,28,17,18,17
390802,1,1,1990,8,8,25,17,12,14,8,19,10,9
390803,1,1,1990,0,0,0,0,0,0,0,0,6,0
390803,2,1,1990,25,25,25,25,25,25,25,25,25,25
390804,1,1,1990,25,8,4,0,34,0,16,0,11,12
390805,0,1,1990,27,27,27,27,27,27,27,27,27,27
390806,1,1,1990,0,32,10,7,34,19,25,20,21,20
390807,1,1,1990,0,0,0,0,0,0,0,0,0,0
390807,2,1,1990,0,0,0,0,0,0,0,0,0,0
390808,1,1,1990,0,0,0,0,0,0,0,10,0,0
390808,2,1,1990,0,7,13,0,9,7,0,0,0,0
390809,1,1,1990,0,0,0,0,0,0,0,0,0,0
390809,2,1,1990,0,0,0,0,0,0,0,0,0,0
390810,1,1,1990,15,18,15,11,24,25,16,7,7,17
390811,1,1,1990,0,0,0,0,0,0,0,0,0,9
390811,2,1,1990,0,0,0,0,0,0,0,0,0,0
390812,1,1,1990,16,32,10,21,7,0,32,0,18,0
390812,2,1,1990,0,0,0,0,0,0,0,0,0,5
390813,1,1,1990,0,0,0,21,0,0,0,0,0,0
390813,2,1,1990,0,10,0,0,0,0,0,0,0,0
390814,1,1,1990,25,16,0,5,17,18,7,19,17,8
390815,1,1,1990,9,9,9,9,9,9,9,9,9,9
390816,1,1,1990,0,0,0,0,0,0,0,0,0,0
390816,2,1,1990,0,0,17,0,0,0,0,0,0,0
390817,1,1,1990,2,2,2,2,2,2,2,2,2,2
390817,2,1,1990,0,0,0,0,0,0,0,0,0,0
390818,1,1,1990,0,0,0,0,0,0,0,0,0,0
390818,2,1,1990,0,0,0,0,0,0,0,0,0,0
390818,3,1,1990,0,0,0,0,0,0,0,0,0,0
390818,4,1,1990,0,0,0,0,0,0,0,0,0,0
390819,1,1,1990,0,0,0,0,0,0,0,0,0,0
390819,2,1,1990,13,0,0,0,0,0,0,0,0,0
390820,1,1,1990,0,0,0,0,0,0,0,0,0,0
390820,2,1,1990,0,0,0,0,0,0,0,0,0,0
390821,1,1,1990,0,2,0,0,0,10,0,15,0,17
390821,2,1,1990,0,0,0,0,0,0,0,0,0,0
390822,1,1,1990,5,27,15,20,9,13,14,0,16,9
390823,1,1,1990,20,14,0,8,15,8,30,0,0,0
390824,1,1,1990,5,22,22,30,0,0,23,6,0,15
390825,1,1,1990,21,14,0,16,10,15,0,18,11,10
390826,1,1,1990,10,10,10,10,10,10,10,10,10,10
390827,1,1,1990,0,0,0,0,0,0,0,0,0,0
390827,2,1,1990,0,0,0,0,0,0,0,0,0,0
390828,1,1,1990,18,20,24,7,12,20,26,17,27,22
390829,1,1,1990,31,31,31,31,31,31,31,31,31,31
390830,1,1,1990,0,0,0,0,0,0,0,0,0,0
390831,1,1,1990,16,17,15,20,8,18,13,10,13,19
390832,1,1,1990,14,20,4,10,0,9,9,14,19,0
390832,2,1,1990,0,3,0,0,0,0,0,0,0,0
390833,1,1,1990,0,16,0,0,0,0,0,0,0,0
390834,0,1,1990,0,0,0,0,0,0,0,0,0,0
390834,1,1,1990,16,0,0,0,0,0,0,0,0,0
390835,0,1,1990,0,0,0,0,0,0,0,31,0,0
390835,1,1,1990,0,0,0,0,0,0,0,0,0,0
390836,1,1,1990,8,14,24,22,33,21,8,7,32,24
390837,1,1,1990,0,0,0,0,0,0,0,7,0,0
390837,2,1,1990,1,1,1,1,1,1,1,1,1,1
390838,1,1,1990,0,0,0,0,0,0,0,0,0,0
390838,2,1,1990,0,0,0,0,0,0,0,0,0,0
390839,1,1,1990,0,0,0,0,0,0,0,0,0,0
390839,2,1,1990,0,0,0,0,15,13,0,0,0,0
390840,1,1,1990,0,0,0,9,0,0,0,0,0,0
390840,2,1,1990,0,0,0,0,0,0,0,0,0,0
390840,3,1,1990,0,0,0,0,0,0,0,0,0,0
390841,1,1,1990,14,22,13,12,14,18,19,26,16,19
390841,2,1,1990,0,0,0,0,0,0,0,0,0,0
390842,1,1,1990,13,13,13,13,13,13,13,13,13,13
390843,1,1,1990,16,16,16,16,16,16,16,16,16,16
390844,1,1,1990,0,0,0,0,0,0,0,0,0,0
390844,2,1,1990,26,26,26,26,26,26,26,26,26,26
390845,0,1,1990,0,0,0,0,0,0,0,0,0,0
390845,1,1,1990,0,0,0,0,0,0,0,0,0,0
390846,1,1,1990,28,28,28,28,28,28,28,28,28,28
390846,2,1,1990,0,0,0,0,0,0,0,0,0,0
390847,1,1,1990,21,15,7,0,23,17,16,11,14,13
390848,1,1,1990,0,0,0,0,0,0,0,0,0,0
390848,2,1,1990,0,0,0,0,0,0,0,0,0,0
390848,3,1,1990,0,0,0,0,0,0,0,0,0,0
390849,0,1,1990,0,0,0,0,0,0,0,0,0,0
390850,1,1,1990,0,0,0,0,0,0,0,0,0,9
390850,2,1,1990,0,0,0,0,0,0,0,0,0,0
390851,1,1,1990,0,0,0,0,0,0,0,0,0,0
390852,1,1,1990,7,27,17,26,24,17,28,46,13,11
390853,1,1,1990,0,0,0,0,0,0,0,0,0,0
390854,1,1,1990,0,0,0,0,0,0,0,0,0,0
390854,2,1,1990,0,0,0,0,0,0,0,0,0,0
390854,3,1,1990,0,0,0,0,0,0,0,0,0,0
390855,1,1,1990,0,0,0,0,0,0,0,0,0,0
390856,1,1,1990,0,0,0,0,0,0,0,0,0,2
390857,1,1,1990,0,0,0,0,0,0,0,0,0,0
390858,0,1,1990,0,0,0,0,0,0,0,0,0,0
390858,1,1,1990,0,0,0,0,0,0,0,0,0,0
390859,1,1,1990,0,0,0,12,0,9,8,0,0,0
390859,2,1,1990,0,0,0,0,0,0,0,0,0,0
390860,1,1,1990,20,20,20,20,20,20,20,20,20,20
390860,2,1,1990,0,0,0,0,0,0,0,0,0,0
390861,1,1,1990,28,13,20,28,25,16,16,31,29,19
390862,1,1,1990,18,18,18,18,18,18,18,18,18,18
390862,2,1,1990,16,0,0,14,0,0,0,0,0,0
390863,1,1,1990,0,0,0,0,0,0,0,0,0,0
390863,2,1,1990,0,0,0,0,0,0,0,0,0,0
390864,1,1,1990,0,0,0,0,0,0,0,0,0,0
390864,2,1,1990,0,0,0,0,0,0,0,0,0,0
390864,3,1,1990,0,0,0,0,0,0,0,0,0,0
390865,1,1,1990,0,0,0,0,0,2,0,0,0,0
390865,2,1,1990,0,0,0,0,0,0,0,0,0,0
390865,3,1,1990,0,0,0,0,0,0,0,11,0,0
390866,0,1,1990,0,0,0,0,0,0,0,0,0,0
390866,1,1,1990,0,0,0,0,0,0,0,0,0,0
390867,1,1,1990,0,0,32,18,0,15,0,0,0,0
390868,0,1,1990,0,0,0,0,0,0,0,0,0,0
390868,1,1,1990,0,5,0,0,0,0,0,0,0,0
390869,1,1,1990,0,0,0,0,0,0,0,0,0,0
390870,1,1,1990,0,0,0,0,0,0,0,0,0,0
390870,2,1,1990,28,21,0,0,13,15,0,0,28,14
390871,0,1,1990,0,0,0,0,0,0,0,0,0,0
390871,1,1,1990,0,0,0,0,0,0,0,0,0,0
390872,0,1,1990,0,0,5,0,26,5,0,0,12,14
390872,0,2,1990,0,14,0,39,7,0,0,0,0,12
390872,0,3,1990,0,0,0,0,21,0,0,0,0,33
390872,1,1,1990,0,0,0,0,0,0,0,0,0,0
390873,1,1,1990,11,16,22,0,15,31,20,0,0,22
390874,1,1,1990,0,0,0,0,0,0,0,0,0,0
390874,2,1,1990,0,0,0,0,0,0,0,0,0,0
390875,1,1,1990,0,0,0,0,0,0,0,0,0,0
390875,2,1,1990,0,0,0,0,0,0,0,0,0,0
390875,3,1,1990,0,0,0,0,0,0,0,0,0,0
390876,1,1,1990,0,0,0,0,0,0,20,0,0,0
390876,2,1,1990,0,14,0,0,0,22,0,16,0,0
390877,1,1,1990,13,21,0,0,12,0,6,0,0,13
390877,2,1,1990,0,0,0,0,10,0,0,0,0,0
390878,1,1,1990,0,0,0,0,0,0,0,0,0,0
390878,2,1,1990,0,0,0,0,0,0,0,0,0,0
390879,1,1,1990,19,19,19,19,19,19,19,19,19,19
390879,2,1,1990,0,0,0,0,0,16,0,0,0,0
390880,1,1,1990,29,27,30,36,24,19,23,38,23,17
390881,1,1,1990,0,0,0,0,0,0,12,0,0,7
390881,2,1,1990,0,0,0,0,0,0,0,0,0,0
390882,1,1,1990,0,0,0,0,0,0,0,0,0,0
390882,2,1,1990,2,2,2,2,2,2,2,2,2,2
390883,1,1,1990,12,25,30,28,24,20,35,19,22,7
390884,1,1,1990,0,16,0,0,0,0,0,0,0,0
390885,1,1,1990,0,12,0,8,0,11,0,9,11,0
390886,1,1,1990,0,0,0,0,0,0,0,0,0,0
390886,2,1,1990,0,0,0,0,0,0,0,0,0,0
390886,3,1,1990,0,0,0,0,0,0,0,0,7,0
390887,1,1,1990,0,0,0,0,0,0,0,0,0,0
390887,2,1,1990,0,20,18,20,11,21,16,33,19,11
390888,1,1,1990,0,0,0,0,0,0,0,0,0,0
390888,2,1,1990,0,0,0,0,0,0,0,0,0,0
390888,3,1,1990,0,0,0,0,0,0,0,0,0,0
390889,1,1,1990,0,0,0,0,0,0,0,0,0,0
390889,2,1,1990,0,0,0,0,0,0,0,0,0,0
390890,1,1,1990,9,0,10,3,8,31,18,31,8,11
390891,1,1,1990,22,22,22,22,22,22,22,22,22,22
390892,1,1,1990,0,22,0,0,12,0,10,0,11,0
390892,2,1,1990,0,0,12,0,0,0,10,31,0,18
390893,1,1,1990,0,0,0,0,27,0,22,27,0,0
390894,1,1,1990,22,22,22,22,22,22,22,22,22,22
390895,0,1,1990,0,27,13,0,30,0,0,8,0,0
390895,1,1,1990,18,20,12,7,26,9,12,17,0,13
390896,0,1,1990,27,32,36,19,29,19,18,28,3,21
390896,1,1,1990,0,0,0,0,0,8,0,0,0,0
390897,1,1,1990,0,0,0,0,18,0,0,0,0,0
390898,0,1,1990,9,9,9,9,9,9,9,9,9,9
390898,0,2,1990,0,21,22,15,18,26,11,24,0,17
390898,1,1,1990,12,0,16,0,22,0,19,16,0,8
390900,0,1,1990,0,10,0,21,30,11,25,0,32,0
390901,1,1,1990,0,0,0,0,0,0,0,0,0,18
390901,2,1,1990,25,13,0,0,15,0,0,0,0,0
390902,1,1,1990,30,30,30,30,30,30,30,30,30,30
390903,1,1,1990,0,0,0,0,0,0,0,0,0,0
390903,2,1,1990,0,0,0,0,0,0,0,0,0,0
390904,1,1,1990,0,0,0,19,11,0,0,0,24,13
390904,2,1,1990,0,0,0,0,0,0,0,0,0,0
390905,1,1,1990,11,17,13,15,27,23,10,22,15,25
390906,1,1,1990,0,0,0,0,0,0,0,0,0,0
390907,1,1,1990,7,12,0,21,13,14,0,16,17,19
390908,1,1,1990,17,17,17,17,17,17,17,17,17,17
390909,1,1,1990,0,0,0,0,0,13,0,0,0,14
390910,0,1,1990,0,0,0,0,0,0,34,0,0,52
390910,1,1,1990,0,0,0,0,0,0,0,0,0,0
390911,1,1,1990,0,0,0,0,0,0,12,0,0,0
390911,2,1,1990,0,0,0,0,0,0,0,0,0,0
390912,1,1,1990,21,17,6,0,0,0,0,0,16,0
390912,2,1,1990,0,24,0,0,0,0,0,11,0,0
390913,1,1,1990,24,12,17,15,0,18,28,0,6,0
390913,2,1,1990,9,0,0,0,0,0,0,0,0,11
390914,1,1,1990,36,36,36,36,36,36,36,36,36,36
390915,1,1,1990,0,0,0,0,4,0,0,0,0,0
390915,2,1,1990,0,0,0,0,0,0,0,0,0,0
390916,1,1,1990,0,12,18,12,23,5,24,33,0,0
390917,1,1,1990,14,17,23,8,22,17,11,31,30,0
390918,1,1,1990,0,8,0,0,0,0,0,0,0,8
390919,1,1,1990,21,21,21,21,21,21,21,21,21,21
390919,2,1,1990,0,0,0,0,0,0,0,0,0,0
390920,1,1,1990,0,0,0,0,0,0,0,0,0,0
390920,2,1,1990,31,31,31,31,31,31,31,31,31,31
390921,1,1,1990,0,0,0,0,0,0,0,0,0,0
390922,0,1,1990,16,45,21,22,23,27,13,11,13,20
390922,1,1,1990,0,0,0,6,0,0,0,0,0,0
390923,0,1,1990,0,0,0,0,0,0,0,0,0,0
390923,1,1,1990,0,0,0,0,0,0,0,0,0,0
390924,1,1,1990,0,0,0,0,0,0,0,18,0,0
390924,2,1,1990,0,0,0,0,0,0,0,0,0,0
390925,1,1,1990,15,21,20,20,20,17,18,22,9,16
390926,1,1,1990,0,0,0,0,0,0,0,0,0,0
390926,2,1,1990,0,20,0,0,0,0,0,0,0,0
390927,0,1,1990,31,0,0,0,0,0,40,16,0,0
390927,1,1,1990,0,0,0,0,0,0,0,0,0,0
390928,0,1,1990,26,26,26,26,26,26,26,26,26,26
390928,1,1,1990,0,0,0,0,0,0,0,0,0,0
390930,1,1,1990,15,15,15,15,15,15,15,15,15,15
390930,2,1,1990,17,0,0,0,0,0,0,0,0,0
390930,3,1,1990,0,0,0,0,0,0,0,0,0,0
390931,1,1,1990,15,0,32,0,0,0,23,0,0,0
390932,1,1,1990,21,0,12,15,0,25,0,0,0,0
390932,2,1,1990,0,0,0,0,0,0,0,0,0,0
390933,1,1,1990,0,0,0,0,0,0,0,0,0,0
390933,2,1,1990,0,0,0,0,0,0,0,0,0,0
390934,1,1,1990,15,15,13,15,10,9,18,24,22,17