ST_CASE,VEH_NO,PER_NO,YEAR,P1,P2,P3,P4,P5,P6,P7,P8,P9,P10
390935,0,1,1990,0,25,0,23,22,13,30,0,18,17
390935,1,1,1990,19,19,19,19,19,19,19,19,19,19
390936,1,1,1990,8,8,8,8,8,8,8,8,8,8
390937,1,1,1990,0,0,0,0,0,0,0,0,0,0
390938,0,1,1990,0,0,0,0,0,0,0,0,0,22
390938,1,1,1990,0,0,0,0,0,0,0,0,0,0
390939,1,1,1990,0,0,0,10,0,0,0,0,0,0
390939,2,1,1990,0,0,0,0,0,0,0,0,0,0
390940,1,1,1990,17,17,17,17,17,17,17,17,17,17
390941,1,1,1990,0,0,0,0,0,0,0,0,0,0
390941,2,1,1990,10,16,22,21,6,0,16,10,22,14
390942,1,1,1990,0,0,0,0,23,0,0,0,14,0
390943,1,1,1990,0,0,0,0,0,0,0,0,0,0
390944,0,1,1990,0,23,21,27,0,21,18,0,16,0
390944,1,1,1990,0,0,0,19,0,14,0,0,0,0
390945,1,1,1990,0,0,0,5,13,25,0,0,0,0
390946,1,1,1990,1,1,1,1,1,1,1,1,1,1
390946,2,1,1990,13,0,0,5,0,19,0,0,0,16
390948,0,1,1990,0,0,0,19,0,17,14,28,0,14
390948,1,1,1990,0,0,0,12,0,4,0,13,0,0
390949,1,1,1990,0,0,0,8,0,14,0,22,9,0
390950,1,1,1990,0,0,0,0,0,0,0,0,0,0
390950,2,1,1990,0,0,0,12,0,0,0,0,0,0
390950,3,1,1990,0,0,0,0,0,0,0,0,0,0
390952,1,1,1990,0,0,0,0,0,0,0,0,0,0
390952,2,1,1990,0,0,0,0,0,0,0,0,0,0
390953,0,1,1990,0,0,0,0,0,0,0,0,0,0
390953,1,1,1990,0,0,0,0,0,0,0,0,0,0
390954,0,1,1990,0,0,0,0,0,0,0,0,0,0
390954,1,1,1990,0,0,0,0,0,0,0,0,0,0
390956,1,1,1990,0,0,0,0,0,0,0,0,0,0
390956,2,1,1990,0,0,0,0,0,0,0,0,0,0
390957,1,1,1990,0,0,0,0,0,0,0,0,0,0
390957,2,1,1990,9,9,9,9,9,9,9,9,9,9
390958,0,1,1990,0,0,0,19,22,0,0,0,0,0
390958,1,1,1990,0,0,0,0,0,0,0,0,0,0
390959,1,1,1990,0,0,0,0,0,0,0,0,0,0
390959,2,1,1990,0,0,0,0,0,0,0,0,0,0
390960,1,1,1990,5,0,0,0,0,0,0,0,0,0
390960,2,1,1990,0,0,0,0,0,0,0,0,9,0
390961,0,1,1990,0,0,0,0,0,0,0,0,0,0
390961,1,1,1990,2,0,0,0,0,0,0,0,0,0
390962,1,1,1990,0,0,0,0,0,0,0,0,0,0
390962,2,1,1990,0,0,0,0,0,0,0,0,0,0
390963,1,1,1990,0,0,0,0,0,0,22,23,0,11
390964,1,1,1990,4,4,4,4,4,4,4,4,4,4
390965,1,1,1990,0,0,0,0,20,0,0,0,0,0
390965,2,1,1990,17,17,17,17,17,17,17,17,17,17
390966,1,1,1990,2,2,2,2,2,2,2,2,2,2
390967,1,1,1990,16,16,16,16,16,16,16,16,16,16
390968,1,1,1990,14,14,14,14,14,14,14,14,14,14
390969,1,1,1990,0,0,0,0,0,0,0,0,0,0
390969,2,1,1990,0,0,0,0,0,0,0,0,0,0
390970,1,1,1990,22,13,9,15,17,8,18,18,22,12
390971,1,1,1990,0,0,0,0,0,0,0,0,0,0
390971,2,1,1990,4,4,4,4,4,4,4,4,4,4
390972,1,1,1990,0,0,0,13,12,19,0,13,0,12
390973,1,1,1990,25,25,25,25,25,25,25,25,25,25
390974,1,1,1990,0,0,0,0,0,0,0,0,0,0
390974,2,1,1990,16,16,16,16,16,16,16,16,16,16
390976,1,1,1990,23,23,23,23,23,23,23,23,23,23
390977,1,1,1990,29,6,0,0,0,0,0,8,0,0
390978,0,1,1990,0,0,0,0,0,0,0,0,0,0
390978,1,1,1990,8,0,0,0,0,0,0,0,0,0
390979,1,1,1990,0,0,0,6,17,0,0,14,0,0
390980,1,1,1990,0,0,0,0,0,0,0,0,0,0
390980,2,1,1990,0,0,0,0,0,0,0,0,0,0
390981,1,1,1990,0,0,0,0,0,0,0,0,0,0
390981,2,1,1990,0,0,0,0,0,0,0,0,0,0
390982,1,1,1990,0,20,5,20,22,0,24,32,29,6
390983,1,1,1990,0,0,0,0,0,0,0,0,0,0
390983,2,1,1990,0,0,0,0,0,0,0,0,0,0
390984,1,1,1990,16,21,18,0,0,0,11,18,19,0
390984,2,1,1990,24,0,12,7,0,18,0,4,0,14
390985,1,1,1990,0,0,0,0,0,0,0,0,0,0
390986,1,1,1990,15,15,15,15,15,15,15,15,15,15
390987,1,1,1990,0,8,0,0,0,0,0,0,0,10
390987,2,1,1990,0,0,0,0,0,0,0,0,0,0
390987,3,1,1990,0,0,0,0,0,0,0,0,0,0
390989,0,1,1990,0,0,0,0,0,0,0,0,0,0
390989,1,1,1990,0,0,0,0,0,0,0,0,0,0
390990,1,1,1990,0,0,0,0,0,0,0,0,0,0
390990,2,1,1990,25,25,25,25,25,25,25,25,25,25
390991,1,1,1990,10,0,29,7,36,4,27,0,15,19
390991,2,1,1990,0,0,0,0,0,7,0,0,0,0
390992,0,1,1990,0,0,0,0,0,0,0,0,0,0
390992,0,2,1990,0,0,22,0,22,0,0,6,0,7
390992,1,1,1990,19,19,19,19,19,19,19,19,19,19
390993,1,1,1990,31,22,0,0,0,0,0,0,0,0
390993,2,1,1990,18,0,0,7,0,0,0,6,0,0
390993,3,1,1990,0,0,0,0,0,0,0,0,0,0
390994,1,1,1990,0,0,0,0,0,0,0,0,0,0
390994,2,1,1990,0,0,0,0,0,0,0,0,0,0
390995,1,1,1990,33,33,33,33,33,33,33,33,33,33
390995,2,1,1990,0,12,16,0,0,0,0,0,0,10
390995,3,1,1990,0,0,0,0,0,10,0,0,0,0
390996,0,1,1990,0,0,0,0,0,0,0,0,0,0
390996,1,1,1990,0,0,0,0,0,0,0,0,0,0
390997,1,1,1990,0,0,0,0,0,0,0,0,0,0
390997,2,1,1990,0,0,0,0,14,0,0,0,0,0
390998,1,1,1990,31,31,31,31,31,31,31,31,31,31
390998,2,1,1990,0,0,0,0,0,0,0,0,0,0
390999,1,1,1990,0,0,0,0,0,0,0,0,2,0
390999,2,1,1990,0,0,0,0,0,7,0,0,0,0
391000,0,1,1990,15,29,0,25,0,10,4,48,0,0
391000,1,1,1990,0,7,0,0,0,0,0,0,0,0
391001,1,1,1990,0,0,0,7,0,0,0,0,0,21
391001,2,1,1990,0,0,0,0,0,0,0,0,0,0
391002,1,1,1990,0,0,0,0,6,0,0,0,0,0
391002,2,1,1990,0,0,0,0,0,0,0,0,0,0
391003,1,1,1990,18,5,0,0,0,0,0,0,9,0
391004,1,1,1990,0,15,0,0,0,0,0,0,0,0
391004,2,1,1990,8,0,0,0,0,0,0,0,0,0
391005,0,1,1990,0,0,0,0,0,0,0,0,0,0
391005,1,1,1990,0,0,0,0,0,7,0,0,0,0
391006,1,1,1990,13,13,13,13,13,13,13,13,13,13
391007,0,1,1990,0,0,0,0,0,0,0,0,4,0
391007,1,1,1990,8,0,0,0,0,0,0,0,0,0
391008,1,1,1990,0,20,14,13,12,21,21,15,8,9
391008,2,1,1990,16,16,16,16,16,16,16,16,16,16
391009,1,1,1990,0,0,0,0,8,0,0,0,0,0
391010,1,1,1990,0,0,0,0,0,0,0,0,0,0
391010,2,1,1990,0,0,0,0,0,0,0,0,0,0
391011,1,1,1990,0,0,0,0,0,0,0,0,0,0
391011,2,1,1990,0,0,0,0,0,0,0,0,0,0
391011,3,1,1990,0,0,0,0,0,0,0,0,0,0
391012,1,1,1990,0,0,9,0,0,0,0,0,0,0
391013,1,1,1990,0,0,0,0,0,0,0,0,0,0
391013,2,1,1990,0,0,0,0,0,0,0,0,0,0
391013,3,1,1990,0,0,0,0,0,0,0,0,0,0
391014,1,1,1990,0,0,0,0,0,0,0,0,0,0
391014,2,1,1990,0,0,0,0,0,0,0,0,0,0
391015,1,1,1990,0,19,21,0,0,2,12,0,0,0
391016,0,1,1990,29,16,7,20,23,26,27,27,11,24
391016,1,1,1990,0,0,0,0,0,0,0,0,0,0
391017,1,1,1990,28,28,28,28,28,28,28,28,28,28
391018,1,1,1990,20,20,20,20,20,20,20,20,20,20
391019,1,1,1990,16,0,19,13,24,9,36,13,12,15
391020,0,1,1990,0,0,0,0,0,0,0,0,0,0
391020,1,1,1990,0,0,0,0,0,0,0,0,0,0
391021,1,1,1990,0,0,0,0,9,0,20,0,10,0
391022,1,1,1990,0,16,0,0,0,0,0,0,0,0
391022,2,1,1990,0,0,0,0,0,0,0,0,0,0
391023,1,1,1990,0,0,0,0,0,0,0,0,0,0
391023,2,1,1990,11,11,11,11,11,11,11,11,11,11
391024,1,1,1990,0,0,0,0,0,0,0,0,0,0
391025,1,1,1990,0,0,0,0,0,0,0,0,0,0
391026,1,1,1990,0,0,0,0,0,0,0,0,0,0
391026,2,1,1990,0,0,0,0,0,0,0,0,0,0
391026,3,1,1990,0,0,0,0,0,0,0,0,0,0
391026,4,1,1990,0,0,0,0,0,0,0,0,0,0
391027,1,1,1990,0,0,21,15,0,0,0,0,0,0
391027,2,1,1990,0,0,0,0,0,0,0,0,0,0
391028,1,1,1990,17,0,0,0,0,0,0,0,0,0
391028,2,1,1990,19,13,25,20,19,18,10,8,0,22
391029,1,1,1990,0,0,0,0,0,0,0,0,0,0
391029,2,1,1990,0,0,0,0,0,0,10,0,0,0
391030,1,1,1990,23,23,23,23,23,23,23,23,23,23
391031,1,1,1990,0,0,0,0,0,0,0,0,0,0
391031,2,1,1990,0,0,0,0,0,0,0,0,25,0
391032,1,1,1990,0,7,7,11,0,15,18,30,30,0
391032,2,1,1990,0,0,0,0,0,0,0,0,0,0
391034,1,1,1990,19,0,0,0,11,0,10,9,11,9
391034,2,1,1990,0,0,0,0,0,0,0,0,0,0
391035,1,1,1990,0,0,0,0,0,0,0,0,0,0
391036,1,1,1990,24,24,24,24,24,24,24,24,24,24
391037,1,1,1990,0,0,0,0,0,0,0,0,0,0
391037,2,1,1990,0,0,0,0,0,0,0,0,0,0
391038,1,1,1990,18,18,18,18,18,18,18,18,18,18
391039,1,1,1990,0,0,0,0,0,0,0,0,0,0
391039,2,1,1990,12,11,0,0,0,0,0,18,0,0
391039,3,1,1990,0,0,0,0,0,0,0,0,15,0
391039,4,1,1990,0,0,0,0,0,0,0,0,0,0
391040,1,1,1990,0,15,0,0,0,0,0,0,0,0
391040,2,1,1990,0,0,0,0,0,0,0,0,0,0
391042,1,1,1990,0,0,0,0,0,0,0,0,0,0
391043,1,1,1990,0,0,0,0,0,0,0,0,0,0
391043,2,1,1990,0,9,8,14,11,11,6,31,9,25
391044,0,1,1990,0,46,8,28,28,31,0,22,19,20
391044,1,1,1990,0,0,0,0,0,0,0,0,0,0
391045,1,1,1990,15,15,15,15,15,15,15,15,15,15
391046,1,1,1990,0,0,0,0,0,0,0,0,0,0
391047,1,1,1990,0,0,0,0,25,0,0,0,0,0
391047,2,1,1990,0,0,0,0,0,3,0,0,0,0
391048,1,1,1990,5,5,5,5,5,5,5,5,5,5
391049,1,1,1990,5,0,0,0,0,0,0,0,0,0
391050,1,1,1990,0,8,19,0,0,0,0,19,0,0
391051,1,1,1990,0,0,0,0,0,0,0,0,0,0
391052,1,1,1990,22,19,30,23,18,11,15,18,20,36
391054,1,1,1990,0,0,0,0,0,5,0,0,0,0
391054,2,1,1990,0,0,0,0,0,0,0,0,0,0
391054,3,1,1990,0,0,0,0,0,0,0,0,0,0
391054,4,1,1990,16,0,9,19,0,0,0,0,0,7
391054,5,1,1990,0,0,0,0,0,0,0,0,0,0
391055,1,1,1990,17,10,6,16,24,7,15,7,24,24
391055,2,1,1990,0,0,0,0,0,0,0,0,0,0
391056,0,1,1990,10,10,10,10,10,10,10,10,10,10
391056,1,1,1990,10,10,10,10,10,10,10,10,10,10
391057,1,1,1990,26,18,8,14,0,6,22,14,18,12
391058,1,1,1990,0,0,0,0,0,0,0,0,0,0
391058,2,1,1990,8,0,0,0,0,0,0,3,0,0
391059,1,1,1990,26,26,26,26,26,26,26,26,26,26
391059,2,1,1990,0,0,7,11,16,0,0,18,20,13
391060,1,1,1990,0,0,0,0,0,0,0,0,0,0
391060,2,1,1990,0,0,0,0,0,20,0,0,0,0
391061,1,1,1990,0,0,0,0,0,0,0,0,0,0
391061,2,1,1990,0,0,0,0,0,0,0,0,0,0
391062,0,1,1990,0,0,0,0,0,0,0,0,0,0
391062,1,1,1990,0,0,0,0,0,0,0,0,0,0
391063,1,1,1990,0,10,20,31,24,30,0,28,24,25
391064,1,1,1990,8,5,12,8,34,0,11,28,0,0
391065,0,1,1990,0,0,0,26,0,0,0,0,0,0
391065,1,1,1990,0,0,0,0,0,0,0,0,0,0
391066,1,1,1990,20,20,20,20,20,20,20,20,20,20
391067,1,1,1990,16,33,15,27,18,7,27,0,17,12
391068,1,1,1990,26,20,0,0,0,16,18,0,20,24
391069,1,1,1990,21,21,21,21,21,21,21,21,21,21
391070,0,1,1990,26,26,26,26,26,26,26,26,26,26
391070,1,1,1990,4,0,0,0,0,0,0,0,0,0
391071,1,1,1990,14,12,19,11,29,25,20,12,10,12
391072,1,1,1990,0,0,0,15,0,14,0,0,0,0
391072,2,1,1990,0,0,0,0,0,0,0,0,10,0
391073,1,1,1990,0,0,0,0,0,0,0,0,0,0
391074,1,1,1990,0,0,0,0,0,0,0,0,0,0
391074,2,1,1990,0,0,0,0,0,0,0,0,0,0
391075,1,1,1990,0,0,0,0,15,0,0,0,0,0
391075,2,1,1990,0,0,0,0,0,0,0,0,0,0
391076,1,1,1990,0,0,0,0,0,0,0,0,0,0
391076,2,1,1990,0,0,19,0,0,0,0,0,0,0
391077,1,1,1990,0,0,0,0,0,0,0,0,0,0
391078,1,1,1990,0,0,0,0,0,0,0,0,0,0
391078,2,1,1990,0,0,0,0,0,0,0,0,0,0
391078,3,1,1990,0,14,0,0,0,0,0,0,0,0
391079,1,1,1990,0,0,0,0,0,0,0,0,0,0
391079,2,1,1990,0,0,0,0,0,0,0,0,0,0
391080,1,1,1990,20,20,20,20,20,20,20,20,20,20
391081,1,1,1990,0,0,14,38,0,0,13,23,12,27
391082,1,1,1990,0,0,0,0,0,0,0,0,0,0
391082,2,1,1990,0,0,0,0,0,0,0,22,0,0
391082,3,1,1990,0,0,0,0,9,0,0,0,0,0
391083,1,1,1990,11,13,6,18,6,6,0,17,13,20
391084,0,1,1990,0,0,0,0,0,0,0,0,0,0
391084,1,1,1990,5,0,0,0,0,0,0,32,0,0
391085,1,1,1990,0,0,22,0,0,0,0,0,0,41
391085,2,1,1990,3,0,0,38,18,22,25,10,18,7
391085,3,1,1990,0,0,0,0,0,0,0,0,0,0
391086,1,1,1990,0,13,18,0,12,38,0,23,0,13
391086,2,1,1990,0,2,0,0,0,0,0,0,0,0
391086,3,1,1990,0,0,0,0,0,0,0,0,11,0
391087,1,1,1990,20,20,20,20,20,20,20,20,20,20
391088,1,1,1990,30,30,30,30,30,30,30,30,30,30
391089,0,1,1990,21,0,0,0,0,0,0,0,0,0
391089,1,1,1990,22,22,22,22,22,22,22,22,22,22
391090,1,1,1990,0,0,0,0,0,0,0,0,0,0
391090,2,1,1990,17,29,8,13,16,14,9,11,40,0
391091,1,1,1990,0,0,27,0,12,0,10,0,0,0
391092,1,1,1990,8,8,8,8,8,8,8,8,8,8
391093,1,1,1990,9,9,9,9,9,9,9,9,9,9
391094,1,1,1990,0,0,0,0,0,0,0,0,0,0
391094,2,1,1990,0,0,0,0,0,0,0,0,0,0
391095,1,1,1990,3,3,3,3,3,3,3,3,3,3
391096,1,1,1990,0,0,11,0,0,10,0,0,0,0
391096,2,1,1990,0,0,0,0,0,0,0,0,0,0
391097,1,1,1990,0,0,0,0,0,0,0,0,0,0
391098,1,1,1990,27,27,27,27,27,27,27,27,27,27
391099,1,1,1990,0,0,0,0,0,0,0,0,0,0
391099,2,1,1990,23,23,23,23,23,23,23,23,23,23
391100,1,1,1990,0,0,0,0,0,0,0,0,0,0
391100,2,1,1990,0,0,0,0,0,0,0,0,0,0
391101,1,1,1990,0,0,0,0,0,0,12,0,0,0
391101,2,1,1990,0,0,0,0,0,0,0,0,0,0
391102,1,1,1990,14,10,15,0,18,4,18,0,20,0
391103,1,1,1990,0,0,0,0,0,0,0,0,0,0
391103,2,1,1990,0,0,0,0,0,0,0,0,0,0
391104,1,1,1990,0,21,11,17,3,14,20,25,0,31
391104,2,1,1990,9,9,9,9,9,9,9,9,9,9
391105,1,1,1990,0,0,0,0,4,0,0,0,0,0
391105,2,1,1990,0,0,0,0,0,0,31,13,0,0
391106,1,1,1990,32,17,31,27,24,0,34,25,13,17
391106,2,1,1990,0,0,0,0,0,0,0,0,0,0
391107,1,1,1990,0,23,17,23,0,18,15,30,16,0
391107,2,1,1990,0,0,0,0,0,0,0,0,0,6
391108,1,1,1990,0,0,0,0,0,0,0,0,0,0
391108,2,1,1990,21,21,21,21,21,21,21,21,21,21
391109,1,1,1990,0,0,0,0,0,0,0,0,0,0
391110,1,1,1990,0,0,0,0,0,0,0,0,0,0
391110,2,1,1990,0,0,0,0,0,0,0,0,0,0
391111,1,1,1990,0,0,0,0,0,0,0,0,0,0
391112,1,1,1990,0,0,0,0,0,0,0,0,0,0
391113,1,1,1990,20,20,20,20,20,20,20,20,20,20
391114,1,1,1990,0,0,0,0,0,0,0,0,0,0
391114,2,1,1990,0,0,0,0,0,0,0,0,0,0
391115,1,1,1990,0,0,0,15,0,0,29,17,29,0
391115,2,1,1990,0,0,0,0,0,0,0,2,0,0
391116,1,1,1990,8,0,0,0,0,0,23,0,0,0
391116,2,1,1990,0,0,0,0,0,0,0,0,0,0
391117,1,1,1990,19,24,10,0,10,14,36,13,22,21
391118,1,1,1990,0,0,0,21,0,0,0,9,0,24
391118,2,1,1990,0,0,0,0,0,0,0,0,0,0
391119,1,1,1990,15,0,30,23,0,18,0,0,21,0
391120,1,1,1990,0,8,9,19,0,0,8,8,8,10
391120,2,1,1990,10,10,10,10,10,10,10,10,10,10
391121,0,1,1990,0,0,0,0,0,0,0,0,0,0
391121,1,1,1990,0,0,0,0,0,0,0,0,0,0
391122,1,1,1990,7,5,31,24,17,43,12,16,19,5
391123,0,1,1990,16,25,17,23,27,13,20,28,20,19
391123,1,1,1990,0,25,14,0,18,14,19,21,13,24
391124,1,1,1990,0,0,0,0,0,0,0,0,0,0
391124,2,1,1990,0,0,0,0,0,0,0,0,0,0
391125,1,1,1990,0,0,0,0,0,0,0,0,0,0
391125,2,1,1990,0,0,0,0,26,0,0,0,0,13
391126,0,1,1990,15,15,15,15,15,15,15,15,15,15
391126,0,2,1990,14,16,45,27,34,34,17,8,10,14
391126,1,1,1990,0,10,16,29,0,12,0,18,0,18
391127,1,1,1990,0,0,0,0,0,0,0,6,0,0
391127,2,1,1990,0,0,0,0,0,0,0,0,0,10
391128,1,1,1990,0,0,0,0,0,15,0,0,0,0
391128,2,1,1990,0,0,0,0,0,0,0,0,0,0
391128,3,1,1990,0,0,0,0,0,0,0,0,0,0
391128,4,1,1990,0,0,0,0,0,0,0,0,0,0
391129,0,1,1990,0,0,0,0,0,0,0,0,0,0
391129,1,1,1990,0,0,0,0,0,0,0,0,0,0
391130,0,1,1990,0,0,0,0,0,0,0,0,28,0
391130,1,1,1990,0,0,0,0,0,0,0,0,0,0
391131,1,1,1990,0,0,0,0,0,0,0,0,0,0
391131,2,1,1990,0,0,0,0,0,0,0,0,0,0
391131,3,1,1990,0,0,0,0,0,0,0,0,0,0
391131,4,1,1990,0,0,0,0,0,0,0,0,0,0
391132,1,1,1990,19,17,18,22,0,7,0,12,9,22
391133,0,1,1990,0,0,23,0,0,0,0,0,0,0
391133,1,1,1990,0,0,0,0,0,0,0,0,0,0
391134,1,1,1990,0,0,0,0,0,0,0,0,0,0
391134,2,1,1990,0,0,0,0,0,0,0,0,0,0
391136,0,1,1990,0,0,0,0,0,38,0,0,0,0
391136,1,1,1990,0,0,0,0,0,14,0,0,0,33
391137,1,1,1990,0,0,0,0,0,0,0,0,0,0
391138,1,1,1990,0,0,0,0,0,0,0,0,0,0
391138,2,1,1990,0,0,0,0,0,0,0,0,0,0
391139,1,1,1990,0,0,0,0,0,0,0,0,0,0
391139,2,1,1990,18,9,15,25,12,16,27,0,6,15
391140,1,1,1990,0,0,0,0,0,0,0,0,0,0
391140,2,1,1990,0,0,0,0,0,0,0,0,0,0
391141,1,1,1990,0,0,0,0,0,0,0,0,0,0
391141,2,1,1990,0,0,0,0,0,0,0,0,0,0
391141,3,1,1990,0,0,0,0,0,0,0,0,0,0
391141,4,1,1990,0,0,0,0,0,0,0,0,0,0
391142,1,1,1990,0,0,0,0,0,0,0,0,0,0
391142,2,1,1990,0,0,0,0,0,0,8,0,0,0
391143,0,1,1990,0,0,0,0,0,0,0,0,0,0
391143,1,1,1990,0,0,0,0,0,0,0,0,0,0
391144,1,1,1990,22,16,16,8,32,13,0,13,32,30
391145,0,1,1990,19,0,0,0,0,0,0,0,0,0
391145,0,2,1990,0,0,0,0,0,0,0,0,0,0
391145,1,1,1990,0,0,0,0,0,0,19,0,0,11
391146,0,1,1990,0,0,0,0,0,0,0,0,0,0
391146,1,1,1990,3,14,11,18,16,22,19,28,16,16
391147,1,1,1990,0,0,0,0,0,0,0,0,0,0
391147,2,1,1990,0,0,0,0,0,0,0,0,0,0
391148,1,1,1990,22,26,4,10,10,7,11,27,0,5
391149,1,1,1990,0,0,0,0,0,0,0,0,0,0
391150,1,1,1990,0,0,0,0,0,0,0,0,0,0
391150,2,1,1990,0,0,0,0,0,0,0,0,0,0
391151,1,1,1990,15,23,17,17,27,20,17,17,16,22
391152,1,1,1990,22,11,16,18,33,0,30,25,30,13
391153,1,1,1990,0,0,0,11,0,0,0,11,0,0
391154,0,1,1990,0,0,0,0,0,0,0,0,24,0
391154,1,1,1990,0,0,0,0,0,0,0,0,0,0
391155,1,1,1990,0,28,20,0,17,15,0,0,0,0
391155,2,1,1990,0,0,0,0,0,0,0,0,0,0
391156,1,1,1990,5,12,3,35,0,0,3,0,0,0
391156,2,1,1990,0,0,0,0,0,0,0,0,0,0
391157,1,1,1990,0,3,0,0,0,0,0,0,0,0
391158,0,1,1990,0,0,0,0,5,0,0,0,0,0
391158,1,1,1990,0,0,0,0,0,0,0,0,0,0
391159,1,1,1990,0,0,0,0,0,0,0,0,0,0
391159,2,1,1990,0,0,0,0,0,0,0,0,0,0
391160,0,1,1990,0,11,12,0,0,0,30,0,0,0
391160,1,1,1990,0,0,0,0,0,0,0,0,0,0
391161,1,1,1990,14,11,7,18,19,0,0,20,17,21
391162,1,1,1990,0,0,2,0,0,0,0,0,0,0
391162,2,1,1990,0,0,0,0,0,0,0,0,0,0
391163,1,1,1990,0,0,0,0,0,0,0,0,0,0
391163,2,1,1990,10,10,10,10,10,10,10,10,10,10
391164,1,1,1990,0,23,0,23,0,0,19,19,0,0
391165,1,1,1990,7,0,0,23,22,17,0,0,3,0
391166,1,1,1990,0,0,0,0,0,0,0,0,0,0
391166,2,1,1990,0,0,0,0,0,0,0,0,0,0
391167,1,1,1990,0,0,0,0,0,0,13,0,0,0
391168,1,1,1990,0,0,0,0,0,0,0,0,0,0
391168,2,1,1990,0,11,0,0,45,0,0,0,0,0
391169,1,1,1990,14,13,25,22,25,36,11,14,22,22
391170,1,1,1990,25,5,0,0,0,0,0,0,0,0
391171,1,1,1990,0,0,0,0,0,0,0,0,0,0
391171,2,1,1990,0,0,0,0,0,0,0,0,0,0
391173,1,1,1990,0,0,11,0,0,0,0,0,0,0
391173,2,1,1990,0,0,0,0,0,0,0,0,0,0
391173,3,1,1990,0,0,0,0,0,0,0,0,0,0
391174,0,1,1990,0,0,0,0,0,0,0,0,8,0
391174,1,1,1990,0,13,0,0,0,0,0,0,0,0
391175,0,1,1990,0,0,0,0,0,0,0,0,0,0
391175,1,1,1990,0,0,0,0,0,0,0,14,0,0
391176,1,1,1990,0,0,0,0,0,0,0,0,0,0
391177,1,1,1990,19,16,37,15,21,24,19,14,18,29
391178,1,1,1990,32,32,32,32,32,32,32,32,32,32
391179,1,1,1990,0,0,13,17,7,15,0,18,7,0
391180,1,1,1990,18,5,17,26,7,14,24,39,20,19
391181,1,1,1990,28,28,28,28,28,28,28,28,28,28
391182,1,1,1990,0,0,0,0,0,0,0,0,0,0
391182,2,1,1990,0,0,0,0,0,0,0,0,7,0
391183,0,1,1990,26,24,0,36,31,0,16,0,0,21
391183,1,1,1990,26,26,22,9,20,27,11,15,26,0
391184,1,1,1990,25,0,20,13,0,7,15,22,13,0
391185,1,1,1990,15,13,17,6,7,16,25,7,19,14
391186,1,1,1990,30,20,0,9,16,0,0,0,0,18
391187,1,1,1990,0,0,0,0,0,0,0,0,0,0
391188,1,1,1990,0,0,0,0,0,0,0,0,0,0
391189,1,1,1990,0,0,0,0,0,0,0,0,0,0
391190,1,1,1990,9,29,25,18,9,14,22,23,22,28
391191,1,1,1990,0,0,0,0,0,9,0,0,0,0
391191,2,1,1990,9,20,15,19,0,12,26,0,21,12
391192,1,1,1990,0,0,0,0,0,0,0,0,0,0
391193,1,1,1990,0,0,0,0,0,0,0,0,0,0
391193,2,1,1990,0,0,0,3,0,0,0,0,24,0
391194,1,1,1990,0,0,0,0,0,0,5,0,0,0
391194,2,1,1990,0,0,0,0,0,0,0,0,0,0
391195,0,1,1990,2,2,2,2,2,2,2,2,2,2
391195,1,1,1990,0,0,0,0,0,0,0,0,0,0
391196,1,1,1990,15,15,15,15,15,15,15,15,15,15
391197,1,1,1990,0,0,0,0,0,0,0,0,0,0
391197,2,1,1990,0,0,0,0,0,0,0,0,0,0
391198,1,1,1990,0,0,0,0,0,0,0,0,0,0
391198,2,1,1990,0,0,0,0,0,0,0,0,12,0
391199,1,1,1990,0,0,25,0,0,0,0,0,0,12
391201,1,1,1990,17,17,17,17,17,17,17,17,17,17
391202,0,1,1990,0,0,16,0,21,0,0,13,0,0
391202,1,1,1990,0,19,5,23,0,13,19,12,0,11
391203,1,1,1990,18,16,0,0,0,0,0,0,0,11
391204,1,1,1990,0,0,0,0,0,0,0,0,0,0
391204,2,1,1990,0,0,0,0,0,0,0,0,0,0
391205,1,1,1990,27,33,13,24,14,22,22,19,12,13
391205,2,1,1990,0,0,0,0,0,0,0,0,0,0
391206,1,1,1990,0,0,0,0,0,0,0,0,0,0
391207,1,1,1990,0,0,0,0,0,0,0,0,0,0
391207,2,1,1990,0,0,0,16,0,0,0,0,0,0
391208,1,1,1990,22,0,23,30,18,23,24,0,20,39
391209,0,1,1990,0,10,16,33,41,16,0,0,22,4
391209,1,1,1990,0,0,0,0,0,7,0,0,0,0
391210,1,1,1990,0,0,0,0,0,0,0,0,0,0
391210,2,1,1990,0,0,0,0,0,0,0,0,0,0
391211,0,1,1990,13,13,13,13,13,13,13,13,13,13
391211,1,1,1990,12,14,22,14,0,0,28,18,35,22
391212,1,1,1990,0,0,0,0,9,0,0,0,0,0
391212,2,1,1990,0,0,0,0,0,0,0,0,0,0
391213,1,1,1990,0,0,0,0,0,0,0,0,0,0
391213,2,1,1990,0,0,5,0,12,0,0,0,13,0
391214,1,1,1990,40,18,24,19,17,3,0,2,25,19
391214,2,1,1990,18,0,0,0,0,0,0,8,0,0
391215,1,1,1990,0,0,0,0,0,0,0,0,10,0
391216,0,1,1990,10,0,23,25,23,31,39,0,11,11
391216,1,1,1990,0,0,0,0,0,0,0,0,0,0
391217,1,1,1990,0,0,0,0,8,0,0,0,0,0
391217,2,1,1990,5,24,16,16,19,10,13,11,19,25
391218,0,1,1990,35,15,27,12,12,0,0,26,11,0