ST_CASE,VEH_NO,PER_NO,YEAR,P1,P2,P3,P4,P5,P6,P7,P8,P9,P10
391507,1,1,1990,0,0,0,0,0,0,0,0,0,0
391507,2,1,1990,0,0,0,0,0,0,0,0,0,0
391507,3,1,1990,0,0,0,0,0,0,0,0,0,0
391508,1,1,1990,2,2,2,2,2,2,2,2,2,2
391508,2,1,1990,0,0,0,0,0,11,0,0,28,0
391509,1,1,1990,0,0,0,0,0,0,0,0,0,0
391509,2,1,1990,0,0,0,0,0,0,0,0,0,0
391510,1,1,1990,0,9,0,0,0,0,0,0,0,0
391511,1,1,1990,16,16,16,16,16,16,16,16,16,16
391512,0,1,1990,0,32,29,13,16,18,0,21,27,21
391512,1,1,1990,8,24,0,0,17,21,0,15,0,10
391513,1,1,1990,0,0,0,0,0,0,0,0,0,0
391513,2,1,1990,0,0,0,0,0,0,0,0,0,0
391514,1,1,1990,9,9,9,9,9,9,9,9,9,9
391515,0,1,1990,0,25,15,0,14,19,25,24,0,24
391515,1,1,1990,0,0,0,0,14,0,0,0,0,10
391516,1,1,1990,20,18,25,32,20,27,20,9,22,16
391517,1,1,1990,16,16,16,16,16,16,16,16,16,16
391517,2,1,1990,0,0,0,0,0,13,0,0,0,0
391518,1,1,1990,23,23,23,23,23,23,23,23,23,23
391519,1,1,1990,0,0,0,0,0,0,0,0,0,0
391519,2,1,1990,0,0,0,0,0,0,0,0,0,0
391519,3,1,1990,0,0,0,0,0,0,0,0,0,0
391520,0,1,1990,0,0,0,0,0,0,0,0,0,0
391520,1,1,1990,0,0,0,0,0,0,0,0,0,0
391521,1,1,1990,0,0,0,0,0,0,0,0,0,0
391521,2,1,1990,0,0,0,0,0,0,0,0,0,0
391521,3,1,1990,0,0,0,0,6,0,0,0,0,0
391521,4,1,1990,0,0,0,0,0,0,0,0,0,0
391522,1,1,1990,0,0,0,0,0,0,0,0,0,0
391522,2,1,1990,0,0,0,0,0,0,0,0,0,0
391524,0,1,1990,0,24,0,0,0,0,0,0,0,0
391524,1,1,1990,0,0,0,0,0,0,0,0,0,0
391524,2,1,1990,0,0,0,0,0,0,0,0,0,0
391526,1,1,1990,0,0,0,0,0,0,0,0,0,0
391526,2,1,1990,0,0,0,0,0,0,0,0,0,0
391527,1,1,1990,9,9,9,9,9,9,9,9,9,9
391527,2,1,1990,0,0,14,0,0,16,0,0,0,0
391528,1,1,1990,21,21,21,21,21,21,21,21,21,21
391528,2,1,1990,0,0,0,0,0,0,0,0,0,0
391529,1,1,1990,18,0,0,0,0,0,0,0,0,0
391529,2,1,1990,0,0,0,0,0,0,0,0,0,0
391530,1,1,1990,0,0,0,0,0,0,0,0,0,0
391531,1,1,1990,10,0,0,0,0,0,0,0,0,0
391531,2,1,1990,0,0,0,0,0,0,0,0,0,0
391531,3,1,1990,0,0,10,0,0,0,0,0,0,0
391532,0,1,1990,0,0,0,0,0,0,0,0,0,0
391532,1,1,1990,0,0,0,0,0,0,0,0,0,0
400001,1,1,1990,13,13,13,13,13,13,13,13,13,13
400002,1,1,1990,0,0,0,0,0,0,0,0,0,0
400002,2,1,1990,0,0,0,0,0,0,0,0,0,0
400003,1,1,1990,0,0,0,0,0,0,0,0,0,0
400004,1,1,1990,0,0,0,0,0,0,0,0,0,0
400004,2,1,1990,0,0,0,0,0,0,0,0,0,0
400005,1,1,1990,20,20,20,20,20,20,20,20,20,20
400005,2,1,1990,25,9,0,0,21,24,20,0,0,22
400006,1,1,1990,9,0,0,0,12,0,0,0,0,0
400006,2,1,1990,0,0,7,20,0,0,0,0,15,0
400007,1,1,1990,19,19,19,19,19,19,19,19,19,19
400008,1,1,1990,0,0,0,0,0,0,0,0,0,0
400008,2,1,1990,0,0,0,0,0,0,0,0,0,0
400008,3,1,1990,0,0,0,0,0,0,0,0,0,0
400009,1,1,1990,0,18,18,0,16,0,10,0,0,0
400010,1,1,1990,26,28,15,27,28,0,30,22,30,24
400011,1,1,1990,0,0,0,0,0,0,0,0,0,0
400011,2,1,1990,0,0,26,0,0,0,0,0,0,0
400012,1,1,1990,11,11,11,11,11,11,11,11,11,11
400013,1,1,1990,17,17,17,17,17,17,17,17,17,17
400014,1,1,1990,5,5,5,5,5,5,5,5,5,5
400014,2,1,1990,20,20,20,20,20,20,20,20,20,20
400015,0,1,1990,0,0,0,0,28,0,0,0,0,0
400015,1,1,1990,0,0,0,0,0,0,0,0,0,0
400015,2,1,1990,0,0,0,0,0,0,0,0,0,0
400016,1,1,1990,0,0,0,0,0,0,0,0,0,0
400016,2,1,1990,0,0,0,0,0,0,6,0,0,0
400017,1,1,1990,0,0,0,0,0,0,0,0,0,0
400018,1,1,1990,8,16,19,24,15,13,15,29,23,5
400019,1,1,1990,0,0,0,0,0,0,0,0,0,0
400019,2,1,1990,0,0,0,0,0,0,0,0,0,0
400020,1,1,1990,0,0,0,0,0,0,0,0,0,0
400020,2,1,1990,0,0,0,0,0,0,0,0,0,0
400021,1,1,1990,18,18,18,18,18,18,18,18,18,18
400022,1,1,1990,0,0,0,0,0,0,0,0,0,0
400023,1,1,1990,0,0,0,0,0,0,0,0,0,0
400024,1,1,1990,14,14,14,14,14,14,14,14,14,14
400025,1,1,1990,0,0,0,0,0,0,0,0,0,0
400026,0,1,1990,0,0,0,0,0,0,0,0,0,0
400026,1,1,1990,23,10,0,19,9,0,0,31,0,4
400027,1,1,1990,21,21,21,21,21,21,21,21,21,21
400028,1,1,1990,0,0,0,0,0,12,0,0,0,0
400028,2,1,1990,0,0,0,0,0,0,0,0,0,0
400029,1,1,1990,0,0,0,0,0,0,0,0,0,0
400030,1,1,1990,21,25,32,16,15,22,20,14,40,29
400031,1,1,1990,19,19,19,19,19,19,19,19,19,19
400032,1,1,1990,0,0,0,0,0,0,0,0,0,0
400033,1,1,1990,23,23,23,23,23,23,23,23,23,23
400033,2,1,1990,0,0,0,0,0,0,0,0,0,0
400034,1,1,1990,0,0,0,0,0,0,0,0,0,0
400035,1,1,1990,13,0,0,0,0,0,0,0,0,0
400035,2,1,1990,0,0,0,0,0,0,0,0,0,0
400036,1,1,1990,0,0,0,0,18,0,0,0,8,0
400037,1,1,1990,0,0,0,0,0,0,0,0,0,0
400037,2,1,1990,0,0,7,0,0,0,0,0,0,0
400039,1,1,1990,23,23,23,23,23,23,23,23,23,23
400039,2,1,1990,0,10,22,0,0,0,25,6,0,0
400040,1,1,1990,25,0,0,0,0,0,0,19,0,0
400041,1,1,1990,0,0,0,0,0,0,0,0,0,0
400042,1,1,1990,0,0,0,0,0,0,0,0,0,0
400042,2,1,1990,0,10,0,0,0,0,0,0,0,0
400044,1,1,1990,0,0,0,0,0,0,0,0,0,0
400045,1,1,1990,0,30,0,24,0,16,0,0,0,0
400045,2,1,1990,0,0,0,0,0,0,0,0,0,0
400046,0,1,1990,32,13,19,28,24,15,11,59,34,23
400046,1,1,1990,0,0,0,0,0,0,0,0,0,0
400047,1,1,1990,4,4,4,4,4,4,4,4,4,4
400047,2,1,1990,0,0,0,0,0,0,10,0,0,0
400048,1,1,1990,0,0,0,0,0,0,0,0,0,0
400048,2,1,1990,0,0,0,0,0,0,0,0,0,0
400049,1,1,1990,0,0,0,0,0,0,0,0,0,0
400049,2,1,1990,0,0,0,0,0,0,0,0,0,0
400050,1,1,1990,13,13,13,13,13,13,13,13,13,13
400051,1,1,1990,0,0,0,0,0,0,0,0,0,0
400051,2,1,1990,1,1,1,1,1,1,1,1,1,1
400051,3,1,1990,0,0,0,0,0,0,0,0,0,0
400052,1,1,1990,0,0,0,0,0,0,0,0,0,0
400053,1,1,1990,31,13,7,0,7,17,14,18,11,21
400054,1,1,1990,14,14,14,14,14,14,14,14,14,14
400054,2,1,1990,0,0,0,0,0,0,0,0,0,0
400055,1,1,1990,0,0,0,0,0,0,0,0,0,0
400055,2,1,1990,0,0,0,0,0,0,0,0,0,0
400055,3,1,1990,0,0,0,0,0,0,0,5,0,0
400056,1,1,1990,11,11,11,11,11,11,11,11,11,11
400056,2,1,1990,0,0,0,0,0,0,0,0,8,0
400057,0,1,1990,6,6,6,6,6,6,6,6,6,6
400057,1,1,1990,0,0,0,0,0,0,0,0,0,0
400058,1,1,1990,16,16,16,16,16,16,16,16,16,16
400059,1,1,1990,0,0,0,0,0,0,0,0,0,0
400059,2,1,1990,0,0,0,0,0,0,0,0,0,0
400060,1,1,1990,0,0,0,0,0,0,0,0,0,0
400061,1,1,1990,25,25,25,25,25,25,25,25,25,25
400062,1,1,1990,0,0,0,0,0,0,0,0,0,0
400063,0,1,1990,22,22,22,22,22,22,22,22,22,22
400063,0,3,1990,25,34,19,9,18,27,10,14,4,0
400063,1,1,1990,0,0,0,0,0,0,0,0,0,0
400063,2,1,1990,0,0,0,0,0,0,0,15,0,0
400064,1,1,1990,22,22,22,22,22,22,22,22,22,22
400065,1,1,1990,22,22,22,22,22,22,22,22,22,22
400066,1,1,1990,24,24,24,24,24,24,24,24,24,24
400067,1,1,1990,22,5,0,14,0,39,26,19,14,13
400068,1,1,1990,0,0,0,0,0,0,0,0,0,0
400068,2,1,1990,0,0,0,0,0,0,0,0,0,0
400069,1,1,1990,23,20,7,25,15,19,28,27,23,0
400070,0,1,1990,0,0,0,0,0,0,0,0,0,0
400070,1,1,1990,0,0,0,0,0,0,0,0,0,0
400071,1,1,1990,0,0,0,0,0,0,0,0,0,0
400071,2,1,1990,0,0,0,0,0,0,0,0,0,0
400072,1,1,1990,0,0,0,0,0,0,0,0,0,0
400072,2,1,1990,0,0,0,0,0,0,0,0,0,0
400074,1,1,1990,0,0,0,0,0,0,0,0,0,0
400074,2,1,1990,0,0,0,0,0,0,0,0,0,0
400075,1,1,1990,17,31,2,17,6,27,11,34,13,0
400075,2,1,1990,0,0,0,0,0,0,0,0,0,0
400075,3,1,1990,0,0,0,0,0,0,3,0,0,0
400076,1,1,1990,0,0,0,0,0,0,0,0,0,0
400077,1,1,1990,0,0,0,0,0,0,0,0,0,0
400077,2,1,1990,6,0,0,0,0,0,0,0,0,0
400078,1,1,1990,0,0,0,0,0,0,0,0,0,0
400078,2,1,1990,0,0,0,0,0,0,0,0,0,0
400079,1,1,1990,0,0,0,0,0,0,0,0,0,0
400079,2,1,1990,0,0,0,0,0,0,0,0,0,0
400079,3,1,1990,0,0,0,0,0,0,0,0,0,0
400080,1,1,1990,0,0,0,0,0,0,0,0,0,0
400080,2,1,1990,0,0,8,0,0,0,0,0,0,0
400081,1,1,1990,18,18,18,18,18,18,18,18,18,18
400081,2,1,1990,0,0,0,0,0,0,0,0,0,0
400082,1,1,1990,0,0,0,0,7,0,0,0,14,0
400083,1,1,1990,13,13,13,13,13,13,13,13,13,13
400085,1,1,1990,0,0,0,0,0,0,0,0,0,0
400086,1,1,1990,0,0,0,0,0,0,0,0,0,0
400086,2,1,1990,0,0,0,0,0,0,0,0,0,0
400087,0,1,1990,30,30,30,30,30,30,30,30,30,30
400087,1,1,1990,0,0,0,0,0,0,0,0,0,0
400088,1,1,1990,0,0,0,0,0,0,0,0,0,10
400088,2,1,1990,0,0,0,0,0,0,0,0,0,0
400089,1,1,1990,22,22,22,22,22,22,22,22,22,22
400090,1,1,1990,24,24,24,24,24,24,24,24,24,24
400090,2,1,1990,0,0,0,0,0,0,0,0,0,0
400090,3,1,1990,0,0,0,0,0,0,0,0,0,0
400091,1,1,1990,0,0,19,0,0,0,0,0,0,0
400091,2,1,1990,0,0,0,0,0,0,0,0,0,0
400092,1,1,1990,0,0,0,0,0,0,0,0,0,0
400093,1,1,1990,13,13,13,13,13,13,13,13,13,13
400093,2,1,1990,12,12,12,12,12,12,12,12,12,12
400093,3,1,1990,0,0,0,0,0,0,0,0,0,0
400094,1,1,1990,0,0,0,0,0,0,0,0,0,6
400094,2,1,1990,0,9,0,0,0,0,0,0,8,0
400095,1,1,1990,17,17,17,17,17,17,17,17,17,17
400096,1,1,1990,0,0,0,0,0,0,0,0,0,7
400096,2,1,1990,0,0,16,0,0,0,0,0,0,21
400097,0,1,1990,0,0,0,0,0,0,0,0,0,0
400097,1,1,1990,0,0,0,0,0,0,0,0,0,0
400097,2,1,1990,0,0,0,0,0,0,0,0,0,0
400098,1,1,1990,29,29,29,29,29,29,29,29,29,29
400099,1,1,1990,26,26,26,26,26,26,26,26,26,26
400100,0,1,1990,22,22,22,22,22,22,22,22,22,22
400100,0,2,1990,25,11,21,6,0,28,11,25,11,15
400100,1,1,1990,0,0,0,17,13,11,0,10,0,0
400101,1,1,1990,19,26,30,22,14,17,34,42,19,20
400102,1,1,1990,0,0,0,0,0,0,0,0,0,0
400103,1,1,1990,0,0,0,0,0,0,0,0,0,0
400103,2,1,1990,3,3,3,3,3,3,3,3,3,3
400103,3,1,1990,0,0,0,0,0,8,0,0,0,0
400104,1,1,1990,8,8,8,8,8,8,8,8,8,8
400104,2,1,1990,0,0,0,0,0,0,0,0,0,0
400105,1,1,1990,0,0,0,0,0,0,0,0,0,0
400105,2,1,1990,0,0,0,0,0,0,0,0,0,0
400106,1,1,1990,22,22,22,22,22,22,22,22,22,22
400107,1,1,1990,0,0,0,0,0,0,0,0,0,0
400109,1,1,1990,0,0,0,0,0,0,0,0,0,0
400109,2,1,1990,0,0,0,0,0,0,0,0,0,0
400110,1,1,1990,0,0,0,0,0,0,0,0,0,0
400110,2,1,1990,0,0,12,0,0,0,0,0,0,0
400111,1,1,1990,0,0,0,0,0,0,0,0,0,0
400111,2,1,1990,0,0,0,0,0,0,0,0,0,0
400112,1,1,1990,0,0,12,0,0,0,0,0,0,0
400112,2,1,1990,0,0,0,0,0,0,0,0,0,0
400113,1,1,1990,5,5,5,5,5,5,5,5,5,5
400113,2,1,1990,0,0,0,0,0,0,0,0,0,0
400114,1,1,1990,0,0,0,0,0,0,0,0,0,0
400115,1,1,1990,0,0,0,0,0,0,0,0,0,0
400116,1,1,1990,3,0,0,0,0,0,13,0,0,0
400117,1,1,1990,24,24,24,24,24,24,24,24,24,24
400117,2,1,1990,0,0,0,0,0,0,0,0,0,0
400118,0,1,1990,0,0,0,0,0,0,0,0,0,0
400118,1,1,1990,0,0,0,0,0,0,0,0,0,0
400119,1,1,1990,16,16,16,16,16,16,16,16,16,16
400119,2,2,1990,9,17,9,15,16,3,10,0,11,6
400120,1,1,1990,0,0,0,0,0,0,0,0,0,0
400121,1,1,1990,0,15,0,0,0,8,0,0,0,0
400122,1,1,1990,13,13,13,13,13,13,13,13,13,13
400123,1,1,1990,0,0,0,0,0,0,0,0,0,0
400124,1,1,1990,14,14,14,14,14,14,14,14,14,14
400125,1,1,1990,0,13,19,7,0,11,0,36,0,20
400126,1,1,1990,3,0,11,0,21,0,11,21,0,13
400127,1,1,1990,0,0,0,0,0,0,0,0,0,0
400127,2,1,1990,0,0,0,0,0,0,0,0,0,0
400129,1,1,1990,15,5,16,17,7,9,13,11,0,20
400129,2,1,1990,0,0,0,0,0,0,0,0,0,0
400130,1,1,1990,0,0,0,0,0,0,0,0,0,0
400130,2,1,1990,0,0,0,0,8,0,0,0,0,0
400131,1,1,1990,15,18,11,30,10,20,12,24,21,14
400132,1,1,1990,17,17,17,17,17,17,17,17,17,17
400133,1,1,1990,0,14,0,0,0,2,0,0,0,0
400134,1,1,1990,1,1,1,1,1,1,1,1,1,1
400135,1,1,1990,0,0,0,0,0,0,0,0,0,0
400136,0,1,1990,0,0,0,0,0,0,0,0,0,0
400136,1,1,1990,30,0,0,0,0,0,0,0,0,0
400137,1,1,1990,0,0,0,0,0,0,0,0,0,0
400138,1,1,1990,14,0,27,0,0,0,0,0,0,0
400139,1,1,1990,0,0,0,0,0,0,0,0,0,0
400139,2,1,1990,0,0,0,0,0,0,0,0,0,7
400139,3,1,1990,6,0,0,0,0,0,0,0,0,0
400140,1,1,1990,0,0,0,0,0,0,0,20,0,0
400140,2,1,1990,0,0,0,0,0,0,0,0,0,0
400141,1,1,1990,25,25,25,25,25,25,25,25,25,25
400141,2,1,1990,0,4,0,0,0,0,0,0,0,0
400142,1,1,1990,16,16,16,16,16,16,16,16,16,16
400142,2,1,1990,0,0,0,0,0,0,0,0,0,0
400143,1,1,1990,0,0,0,0,0,0,0,0,7,0
400143,2,1,1990,13,9,0,15,11,8,2,10,14,25
400144,1,1,1990,0,0,0,0,0,0,0,0,0,0
400144,2,1,1990,0,0,0,0,0,0,0,0,0,0
400145,1,1,1990,0,0,0,0,0,0,0,0,0,0
400146,1,1,1990,0,0,0,0,0,13,0,0,0,0
400146,2,1,1990,0,9,0,0,0,0,0,0,0,0
400148,1,1,1990,0,0,0,0,0,0,0,0,0,0
400148,2,1,1990,0,0,0,0,0,0,0,0,0,0
400149,1,1,1990,0,0,0,0,0,0,0,0,0,0
400149,2,1,1990,27,0,0,0,0,0,0,0,0,0
400150,1,1,1990,25,25,25,25,25,25,25,25,25,25
400150,2,1,1990,0,0,0,0,0,0,0,0,6,0
400150,3,1,1990,0,0,2,0,0,0,0,20,9,0
400151,0,1,1990,0,0,0,0,0,0,0,0,0,0
400151,1,1,1990,0,21,0,0,0,0,0,13,0,0
400152,1,1,1990,0,0,0,0,0,0,0,0,0,0
400153,1,1,1990,26,26,26,26,26,26,26,26,26,26
400153,2,1,1990,0,0,0,0,0,0,0,0,0,0
400154,1,1,1990,22,22,22,22,22,22,22,22,22,22
400154,2,1,1990,0,0,0,0,14,0,0,0,0,0
400155,0,1,1990,17,17,17,17,17,17,17,17,17,17
400155,1,1,1990,0,0,0,0,0,0,0,0,0,0
400156,1,1,1990,16,16,16,16,16,16,16,16,16,16
400156,2,1,1990,0,0,0,0,0,0,0,0,0,0
400157,1,1,1990,0,0,0,0,0,0,0,0,0,0
400157,2,1,1990,0,0,0,0,0,0,0,0,0,0
400157,3,1,1990,0,0,0,0,0,0,0,0,0,0
400158,1,1,1990,0,0,0,0,0,0,0,0,0,0
400159,1,1,1990,17,17,17,17,17,17,17,17,17,17
400159,2,1,1990,0,0,0,0,0,15,0,0,0,0
400160,1,1,1990,0,0,0,0,0,0,0,0,0,0
400160,2,1,1990,13,0,0,0,0,0,0,0,0,8
400161,1,1,1990,0,0,0,0,0,0,0,0,0,0
400161,2,1,1990,0,0,0,0,0,0,0,0,0,0
400162,1,1,1990,0,0,0,0,0,0,0,0,0,0
400162,2,1,1990,0,0,0,0,0,0,0,0,0,0
400163,1,1,1990,0,0,0,0,0,0,0,0,0,0
400163,2,1,1990,0,0,0,0,0,0,0,0,0,0
400164,1,1,1990,0,0,0,0,0,0,0,0,0,0
400164,2,1,1990,0,0,0,0,0,0,0,0,0,0
400165,1,1,1990,0,0,0,0,0,0,0,0,0,0
400165,2,1,1990,0,0,0,0,0,0,0,0,0,0
400166,1,1,1990,25,0,0,0,0,0,22,0,0,0
400166,2,1,1990,0,0,0,0,0,0,0,0,0,0
400167,1,1,1990,0,0,0,0,0,0,0,0,0,0
400168,1,1,1990,0,0,0,0,0,0,0,0,0,0
400169,0,1,1990,0,0,0,0,0,0,0,0,0,0
400169,1,1,1990,0,0,0,0,0,0,0,0,0,0
400170,1,1,1990,0,0,0,0,0,0,0,0,0,0
400170,2,1,1990,0,0,0,0,0,0,0,0,0,0
400171,1,1,1990,0,0,21,29,0,0,0,0,0,15
400171,2,1,1990,20,0,0,0,0,0,0,0,0,0
400172,1,1,1990,0,0,0,0,0,0,0,12,0,0
400172,2,1,1990,0,0,0,0,0,0,0,0,0,0
400173,1,1,1990,0,0,0,0,0,0,0,0,0,0
400173,2,1,1990,0,0,0,0,0,0,0,0,0,0
400174,0,1,1990,0,0,0,0,0,0,0,0,0,0
400174,1,1,1990,0,0,0,0,0,0,0,0,0,0
400175,1,1,1990,17,17,17,17,17,17,17,17,17,17
400175,2,1,1990,0,0,0,0,0,0,0,0,0,0
400176,1,1,1990,16,13,14,0,18,0,0,0,14,0
400176,2,1,1990,19,19,19,19,19,19,19,19,19,19
400177,1,1,1990,0,0,0,0,0,0,0,0,0,0
400179,1,1,1990,4,4,4,4,4,4,4,4,4,4
400179,2,1,1990,0,0,0,0,0,0,0,0,0,0
400180,1,1,1990,0,0,0,0,0,0,0,0,0,0
400180,2,1,1990,0,0,0,0,0,0,0,0,0,0
400181,1,1,1990,0,0,0,0,0,0,0,0,0,0
400182,1,1,1990,2,0,13,10,22,0,0,0,14,11
400185,1,1,1990,0,0,0,0,0,5,0,0,0,0
400185,2,1,1990,0,0,0,0,0,0,0,0,0,0
400186,1,1,1990,9,9,9,9,9,9,9,9,9,9
400187,1,1,1990,27,27,27,27,27,27,27,27,27,27
400188,1,1,1990,0,0,0,0,0,0,0,0,0,0
400188,2,1,1990,0,9,0,0,0,0,0,0,0,0
400189,0,1,1990,0,0,0,0,0,0,0,0,0,0
400189,1,1,1990,0,0,0,4,0,0,0,0,0,0
400190,1,1,1990,0,0,0,0,0,0,0,0,0,0
400190,2,1,1990,0,0,0,0,0,0,0,0,0,0
400191,1,1,1990,13,13,13,13,13,13,13,13,13,13
400192,1,1,1990,0,0,0,0,0,0,0,0,0,0
400193,1,1,1990,0,0,8,0,0,0,0,0,0,0
400194,1,1,1990,0,0,0,0,0,0,0,0,0,0
400194,2,1,1990,0,0,0,9,0,0,0,0,0,0
400195,1,1,1990,0,0,0,0,0,0,0,0,0,0
400195,2,1,1990,5,0,17,0,0,0,0,0,0,0
400196,0,1,1990,0,0,0,0,0,0,0,0,0,0
400196,0,2,1990,0,0,0,0,0,0,0,0,0,0
400196,1,1,1990,15,18,0,21,18,0,12,0,0,9
400197,1,1,1990,29,29,29,29,29,29,29,29,29,29
400198,0,1,1990,0,0,0,0,0,0,0,0,0,0
400198,0,2,1990,0,0,0,0,0,0,0,0,0,0
400198,1,1,1990,0,0,0,6,0,0,0,0,0,0
400199,1,1,1990,20,20,20,20,20,20,20,20,20,20
400199,2,1,1990,4,4,4,4,4,4,4,4,4,4
400200,1,1,1990,11,11,11,11,11,11,11,11,11,11
400201,1,1,1990,0,0,0,0,0,0,0,0,0,0
400201,2,1,1990,0,0,0,0,0,0,0,0,0,0
400202,0,1,1990,24,24,24,24,24,24,24,24,24,24
400202,1,1,1990,0,0,0,0,0,0,0,3,0,0
400203,1,1,1990,31,31,31,31,31,31,31,31,31,31
400203,2,1,1990,15,0,16,0,0,0,0,0,0,12
400204,1,1,1990,21,21,21,21,21,21,21,21,21,21
400205,1,1,1990,0,0,0,0,0,0,0,0,0,0
400205,2,1,1990,0,0,0,0,0,0,0,0,0,0
400206,1,1,1990,0,0,0,0,0,0,0,0,0,0
400206,2,1,1990,0,0,0,0,0,0,0,0,0,0
400207,1,1,1990,3,12,0,0,0,0,0,0,0,0
400208,1,1,1990,0,0,0,0,0,5,0,0,0,0
400208,2,1,1990,0,0,0,0,0,0,0,0,0,0
400209,1,1,1990,29,29,29,29,29,29,29,29,29,29
400210,1,1,1990,3,17,13,32,13,18,13,30,41,15
400211,1,1,1990,0,8,0,0,0,0,0,0,0,0
400211,2,1,1990,0,0,0,0,0,0,0,0,0,0
400212,1,1,1990,0,0,0,0,0,0,0,0,0,0
400214,1,1,1990,0,0,0,0,0,0,0,0,0,0
400214,2,1,1990,0,0,0,0,0,0,0,0,0,0
400215,1,1,1990,0,0,0,0,0,0,0,0,0,7
400215,2,1,1990,19,0,0,0,0,8,0,0,13,0
400216,1,1,1990,0,0,0,0,0,0,0,0,0,10
400217,1,1,1990,0,0,22,0,0,0,0,0,0,0
400217,2,1,1990,0,0,0,0,0,0,0,0,0,0
400218,1,1,1990,25,25,25,25,25,25,25,25,25,25
400218,2,1,1990,0,0,0,0,0,0,0,0,0,0
400219,0,1,1990,23,23,23,23,23,23,23,23,23,23
400219,1,1,1990,0,0,0,0,0,0,0,1,0,0
400220,1,1,1990,0,0,0,0,0,0,0,0,0,0
400220,2,1,1990,0,0,0,0,0,0,0,0,0,0
400221,1,1,1990,22,22,22,22,22,22,22,22,22,22
400221,2,1,1990,13,8,2,19,0,28,0,20,11,17
400222,1,1,1990,0,0,0,0,0,0,0,0,0,0
400222,2,1,1990,0,0,0,0,0,0,0,0,0,0
400223,1,1,1990,5,5,5,5,5,5,5,5,5,5
400223,2,1,1990,0,31,0,0,0,0,0,0,12,0
400224,1,1,1990,18,18,18,18,18,18,18,18,18,18
400224,2,1,1990,0,0,0,0,0,0,0,0,0,0
400225,1,1,1990,0,0,0,0,0,0,0,0,0,0
400225,2,1,1990,0,0,0,0,0,0,0,0,0,0
400226,1,1,1990,0,7,6,24,11,27,15,27,14,14
400227,1,1,1990,6,6,6,6,6,6,6,6,6,6
400228,1,1,1990,23,23,23,23,23,23,23,23,23,23
400229,1,1,1990,0,0,0,0,0,0,0,0,0,0
400230,1,1,1990,16,0,0,0,0,20,0,0,0,0
400230,2,1,1990,0,0,0,0,0,0,0,0,0,0
400231,1,1,1990,0,0,0,0,0,0,0,0,0,0
400232,0,1,1990,0,0,0,0,0,0,0,0,0,0
400232,1,1,1990,0,0,0,0,0,0,0,0,0,0
400233,1,1,1990,0,0,0,0,0,0,0,0,0,0
400233,2,1,1990,2,2,2,2,2,2,2,2,2,2
400234,1,1,1990,0,0,0,0,0,0,0,0,0,0
400234,2,1,1990,0,0,0,0,0,0,0,0,0,0
400235,1,1,1990,0,0,0,0,0,0,0,0,0,0
400235,2,1,1990,0,0,0,0,0,0,0,0,0,0
400236,1,1,1990,0,0,0,0,6,0,0,0,0,0
400236,2,1,1990,0,0,0,0,0,0,0,0,0,0
400236,3,1,1990,0,0,0,0,0,0,0,0,9,0
400237,1,1,1990,5,5,5,5,5,5,5,5,5,5
400238,1,1,1990,0,22,0,0,21,0,0,8,14,0
400239,1,1,1990,10,10,10,10,10,10,10,10,10,10
400239,2,1,1990,0,0,0,0,0,0,0,0,0,0
400240,1,1,1990,2,2,2,2,2,2,2,2,2,2
400240,2,1,1990,0,0,0,0,0,0,0,0,0,0
400241,1,1,1990,0,0,0,0,0,0,0,0,0,0
400242,1,1,1990,0,0,0,0,0,0,0,0,0,0
400243,1,1,1990,0,0,0,0,8,0,0,0,0,0
400244,0,1,1990,0,0,0,0,0,0,0,0,0,0
400244,1,1,1990,0,0,0,0,0,0,0,0,0,0
400245,1,1,1990,0,14,0,0,0,0,0,0,0,0
400245,2,1,1990,0,0,11,0,0,0,0,0,0,0
400246,1,1,1990,0,0,0,0,0,0,0,0,0,0
400246,2,1,1990,0,0,0,0,0,0,0,0,0,0
400247,1,1,1990,20,20,20,20,20,20,20,20,20,20
400248,1,1,1990,8,8,8,8,8,8,8,8,8,8
400249,1,1,1990,22,22,22,22,22,22,22,22,22,22
400249,2,1,1990,0,0,0,0,0,8,0,0,0,0
400250,1,1,1990,0,0,0,0,0,0,0,0,0,0
400251,1,1,1990,22,22,22,22,22,22,22,22,22,22
400251,2,1,1990,3,0,0,0,0,0,0,0,0,0
400252,1,1,1990,0,0,0,0,0,0,0,0,0,19
400253,1,1,1990,0,0,0,10,0,0,0,0,0,0
400254,1,1,1990,0,0,0,0,0,0,0,0,0,0
400254,2,1,1990,0,0,0,0,0,0,0,0,0,0
400256,1,1,1990,19,19,19,19,19,19,19,19,19,19
400258,0,1,1990,21,21,21,21,21,21,21,21,21,21
400258,1,1,1990,2,5,8,8,0,0,0,0,0,0
400259,1,1,1990,16,24,0,24,21,14,0,16,23,13
400260,1,1,1990,18,0,0,11,0,4,0,0,0,0
400261,1,1,1990,0,0,0,0,0,0,0,0,0,0
400261,2,1,1990,0,0,0,0,0,0,0,0,0,0
400263,1,1,1990,0,0,0,0,0,0,0,0,0,0
400263,2,1,1990,0,0,0,0,0,0,0,0,0,0
400264,1,1,1990,0,0,0,0,0,0,0,0,0,0
400264,2,1,1990,0,0,0,0,0,0,0,0,0,0
400265,1,1,1990,0,0,0,0,0,0,0,0,0,0
400266,1,1,1990,23,0,0,0,5,0,0,0,21,0