ST_CASE,VEH_NO,PER_NO,YEAR,P1,P2,P3,P4,P5,P6,P7,P8,P9,P10
421409,1,1,1990,24,24,24,24,24,24,24,24,24,24
421409,2,1,1990,6,6,6,6,6,6,6,6,6,6
421410,0,1,1990,0,0,0,37,0,0,21,0,0,21
421410,0,2,1990,9,13,31,11,21,0,25,0,0,7
421410,1,1,1990,0,0,0,0,0,14,0,0,0,0
421411,1,1,1990,5,18,24,7,23,16,0,17,17,16
421412,1,1,1990,6,6,6,6,6,6,6,6,6,6
421413,1,1,1990,23,23,23,23,23,23,23,23,23,23
421414,0,1,1990,0,0,0,0,0,0,0,0,0,0
421414,1,1,1990,0,0,0,0,0,0,0,0,0,0
421415,1,1,1990,13,13,13,13,13,13,13,13,13,13
421416,0,1,1990,0,0,0,0,0,0,0,0,0,0
421416,1,1,1990,0,0,0,0,0,0,0,0,0,0
421417,1,1,1990,25,25,25,25,25,25,25,25,25,25
421418,1,1,1990,28,28,28,28,28,28,28,28,28,28
421419,1,1,1990,0,0,0,0,0,0,0,0,0,0
421420,1,1,1990,26,26,26,26,26,26,26,26,26,26
421421,1,1,1990,18,18,18,18,18,18,18,18,18,18
421422,1,1,1990,0,0,0,0,0,0,0,0,0,0
421423,1,1,1990,28,0,0,0,19,16,0,18,0,0
421424,1,1,1990,20,20,20,20,20,20,20,20,20,20
421425,0,1,1990,13,0,0,0,0,0,0,0,0,0
421425,1,1,1990,0,13,0,14,14,17,0,20,0,13
421426,1,1,1990,0,0,0,0,0,0,0,0,0,0
421426,2,1,1990,0,0,0,0,0,0,0,0,0,0
421427,1,1,1990,5,5,5,5,5,5,5,5,5,5
421427,2,1,1990,0,0,0,0,0,0,0,0,0,0
421427,3,1,1990,0,0,0,0,0,0,0,0,0,0
421428,1,1,1990,15,15,15,15,15,15,15,15,15,15
421428,2,1,1990,0,0,0,0,0,0,0,0,0,0
421428,3,1,1990,0,0,0,0,0,0,0,0,0,0
421429,0,1,1990,0,0,0,0,0,0,0,0,0,0
421429,1,1,1990,15,0,27,13,22,6,11,23,0,0
421430,1,1,1990,2,2,2,2,2,2,2,2,2,2
421430,2,1,1990,0,0,0,0,0,0,0,0,0,0
421431,1,1,1990,0,0,0,0,0,0,0,0,0,0
421432,1,1,1990,0,0,0,0,0,0,0,0,0,0
421432,2,1,1990,0,13,0,10,0,0,0,0,0,0
421433,1,1,1990,0,0,0,0,0,0,0,0,0,0
421433,2,1,1990,0,0,0,0,0,0,0,21,0,0
421434,1,1,1990,10,10,10,10,10,10,10,10,10,10
421435,1,1,1990,0,0,0,0,0,0,0,0,0,0
421436,0,1,1990,0,0,0,0,0,0,0,0,0,0
421436,1,1,1990,0,0,0,0,0,0,0,0,0,0
421437,1,1,1990,9,0,0,0,0,15,0,0,19,35
421437,2,1,1990,0,21,0,0,0,0,9,0,0,13
421438,1,1,1990,19,19,19,19,19,19,19,19,19,19
421439,1,1,1990,0,0,0,0,0,0,0,0,0,0
421440,1,1,1990,1,1,1,1,1,1,1,1,1,1
421441,1,1,1990,0,0,0,0,0,0,0,0,0,0
421441,2,1,1990,0,0,0,0,0,0,0,0,0,0
421441,3,1,1990,0,0,0,0,0,0,0,0,0,0
421442,1,1,1990,0,0,0,0,0,0,0,0,0,0
421443,1,1,1990,0,0,0,0,0,0,0,0,0,0
421443,2,1,1990,0,0,0,0,0,0,0,0,0,0
421444,1,1,1990,0,0,0,0,0,0,0,0,0,0
421445,0,1,1990,0,0,0,0,0,0,0,0,0,0
421445,1,1,1990,0,0,0,0,0,0,0,0,0,0
421445,2,1,1990,0,0,0,6,0,0,0,0,0,0
421446,0,1,1990,0,0,0,0,0,0,0,0,0,0
421446,1,1,1990,0,0,0,0,0,0,0,0,0,0
421447,1,1,1990,18,18,18,18,18,18,18,18,18,18
421448,0,1,1990,0,0,0,0,0,0,0,0,0,0
421448,1,1,1990,0,0,0,0,0,0,0,0,0,0
421449,0,1,1990,13,26,15,0,22,14,27,14,17,28
421449,1,1,1990,0,0,0,0,0,0,0,0,0,0
421450,0,1,1990,29,12,11,0,41,0,16,31,11,0
421450,1,1,1990,0,0,0,0,0,0,0,0,0,0
421451,0,1,1990,25,0,0,0,0,22,0,16,0,0
421451,1,1,1990,15,24,0,6,14,23,0,31,20,12
421452,1,1,1990,0,0,0,0,0,0,0,0,0,0
421453,0,1,1990,0,0,0,0,0,0,0,0,0,0
421453,1,1,1990,0,0,0,0,0,0,0,0,0,0
421454,1,1,1990,0,0,0,8,0,0,0,0,0,0
421454,2,1,1990,0,0,0,0,0,0,0,0,0,0
421455,0,1,1990,26,26,26,26,26,26,26,26,26,26
421455,1,1,1990,9,9,9,9,9,9,9,9,9,9
421456,1,1,1990,7,7,7,7,7,7,7,7,7,7
421456,2,1,1990,0,0,0,0,0,0,0,0,0,0
421456,3,1,1990,0,16,0,0,0,0,0,0,0,0
421457,0,1,1990,20,20,20,20,20,20,20,20,20,20
421457,1,1,1990,21,7,30,12,12,11,0,14,17,28
421458,0,1,1990,0,0,0,0,0,0,0,0,0,0
421458,1,1,1990,0,0,0,0,0,0,0,0,0,0
421459,0,1,1990,0,0,0,0,0,0,0,0,0,0
421459,1,1,1990,0,0,0,0,0,0,0,0,0,0
421460,1,1,1990,0,0,0,0,0,0,0,0,0,0
421460,2,1,1990,17,17,17,17,17,17,17,17,17,17
421461,1,1,1990,18,8,17,18,0,0,9,0,26,21
421462,1,1,1990,16,13,20,0,0,0,17,0,19,5
421463,1,1,1990,11,11,11,11,11,11,11,11,11,11
421464,1,1,1990,26,26,26,26,26,26,26,26,26,26
421464,2,1,1990,0,0,0,0,0,0,0,0,0,0
421465,1,1,1990,28,28,28,28,28,28,28,28,28,28
421465,2,1,1990,0,0,0,0,0,0,0,0,0,0
421466,1,1,1990,19,16,23,26,27,18,19,21,12,20
421467,1,1,1990,0,0,0,0,0,0,0,0,0,0
421467,2,1,1990,0,0,0,0,0,0,0,0,0,0
421468,0,1,1990,0,0,0,0,0,0,0,0,0,0
421468,1,1,1990,3,11,0,6,0,0,0,0,4,0
421468,2,1,1990,12,0,0,8,0,22,0,0,0,14
421468,3,1,1990,8,0,0,0,0,0,0,0,0,0
421469,0,1,1990,0,0,0,0,0,0,0,0,0,0
421469,1,1,1990,0,0,0,0,0,0,0,0,0,0
421470,1,1,1990,22,22,22,22,22,22,22,22,22,22
421471,1,1,1990,12,0,24,9,0,0,0,0,0,16
421472,0,1,1990,0,0,0,0,0,0,0,0,0,0
421472,1,1,1990,0,0,0,0,0,0,0,0,0,0
421473,0,1,1990,0,0,5,0,0,0,0,0,0,0
421473,1,1,1990,19,19,19,19,19,19,19,19,19,19
421474,0,1,1990,0,0,0,19,0,0,28,0,0,0
421474,1,1,1990,0,0,0,0,0,0,0,0,0,0
421475,1,1,1990,0,0,0,0,0,0,0,0,0,0
421476,1,1,1990,0,0,15,0,0,0,0,22,0,0
421477,1,1,1990,0,0,0,0,0,0,0,0,0,0
421477,2,1,1990,0,0,0,0,0,0,0,0,0,0
421478,1,1,1990,0,0,0,0,0,0,0,0,0,0
421479,0,1,1990,11,11,11,11,11,11,11,11,11,11
421479,1,1,1990,16,0,0,0,0,0,22,0,22,23
421480,1,1,1990,17,17,17,17,17,17,17,17,17,17
421481,1,1,1990,0,0,0,0,0,0,0,0,0,0
421481,2,1,1990,0,0,0,0,0,0,0,0,0,0
421482,1,1,1990,0,0,0,0,0,0,0,0,0,0
421482,2,1,1990,0,0,0,0,0,0,0,0,0,0
421483,0,1,1990,0,0,0,0,23,0,0,0,0,6
421483,1,1,1990,0,0,0,0,0,0,0,0,0,0
421484,0,1,1990,0,0,0,0,0,0,0,0,0,0
421484,1,1,1990,0,0,0,0,6,0,0,0,0,0
421485,0,1,1990,0,13,0,0,0,0,0,0,0,0
421485,1,1,1990,0,0,26,0,0,0,0,0,0,0
421486,1,1,1990,19,19,19,19,19,19,19,19,19,19
421487,1,1,1990,0,0,0,0,0,0,0,0,0,0
421488,1,1,1990,23,23,23,23,23,23,23,23,23,23
421488,2,1,1990,22,0,0,11,9,0,0,16,0,20
421488,3,1,1990,28,0,0,0,0,0,12,0,0,8
421489,1,1,1990,0,45,16,10,0,12,12,14,10,18
421489,2,1,1990,19,19,19,19,19,19,19,19,19,19
421490,1,1,1990,27,27,27,27,27,27,27,27,27,27
421491,1,1,1990,9,9,9,9,9,9,9,9,9,9
421492,1,1,1990,4,4,4,4,4,4,4,4,4,4
421493,1,1,1990,10,10,10,10,10,10,10,10,10,10
421494,1,1,1990,19,19,19,19,19,19,19,19,19,19
421495,1,1,1990,0,0,0,0,0,0,0,0,0,0
421495,2,1,1990,0,0,0,0,0,0,0,0,0,0
421496,1,1,1990,0,0,0,0,0,0,0,0,0,0
421496,2,1,1990,0,0,0,0,0,0,0,0,0,0
421497,1,1,1990,0,0,0,0,0,0,0,0,0,0
421498,0,1,1990,26,26,26,26,26,26,26,26,26,26
421498,1,1,1990,0,0,0,0,0,0,0,0,0,0
421499,1,1,1990,0,0,0,0,0,0,0,0,0,0
421500,1,1,1990,0,0,0,0,0,0,0,0,0,0
421501,0,1,1990,0,0,0,21,17,0,0,0,0,29
421501,1,1,1990,0,0,19,0,0,0,0,0,0,19
421502,1,1,1990,0,0,0,0,0,0,0,0,0,0
421502,2,1,1990,0,0,0,0,0,0,0,0,0,0
421503,1,1,1990,31,31,31,31,31,31,31,31,31,31
421503,2,1,1990,0,0,0,0,0,0,9,0,0,0
421504,1,1,1990,0,0,0,0,0,0,0,0,0,0
421506,1,1,1990,0,0,14,0,8,18,27,0,0,13
421507,1,1,1990,0,0,0,0,0,0,0,0,4,0
421508,0,1,1990,23,0,0,24,0,0,0,0,0,0
421508,1,1,1990,0,30,0,6,0,0,17,0,0,0
421509,1,1,1990,21,21,21,21,21,21,21,21,21,21
421510,1,1,1990,21,21,21,21,21,21,21,21,21,21
421511,1,1,1990,5,21,0,0,12,26,0,0,32,0
421512,1,1,1990,14,14,14,14,14,14,14,14,14,14
421512,2,1,1990,0,0,0,0,0,0,0,0,0,0
421513,1,1,1990,14,16,36,19,0,22,15,17,27,17
421514,1,1,1990,0,0,0,0,0,0,0,0,0,0
421514,2,1,1990,0,0,0,0,0,0,0,0,0,0
421515,1,1,1990,0,0,0,0,0,0,0,0,0,0
421515,2,1,1990,0,0,0,0,0,0,0,0,0,0
421516,0,1,1990,0,0,0,0,0,0,0,0,0,0
421516,1,1,1990,0,0,0,0,12,0,0,0,0,0
421517,1,1,1990,31,31,31,31,31,31,31,31,31,31
421518,1,1,1990,0,0,0,0,0,0,0,0,0,0
421518,2,1,1990,0,0,0,0,0,0,0,0,0,0
421519,1,1,1990,0,6,0,0,0,0,0,0,0,0
421519,2,1,1990,0,0,0,0,0,0,0,0,0,0
421519,3,1,1990,0,0,0,0,0,0,0,0,0,0
421520,1,1,1990,0,13,0,0,0,0,15,0,0,0
421521,1,1,1990,0,0,14,0,0,0,0,0,0,0
421522,0,1,1990,0,11,9,0,0,0,0,21,0,0
421522,1,1,1990,0,0,0,0,0,0,0,0,0,0
421523,1,1,1990,3,3,3,3,3,3,3,3,3,3
421523,2,1,1990,0,0,0,0,0,0,0,0,0,0
421524,1,1,1990,0,0,0,0,0,0,0,0,0,0
421524,2,1,1990,0,0,0,0,0,0,0,0,0,0
421525,1,1,1990,0,0,0,0,0,0,0,0,0,0
421525,2,1,1990,0,0,0,0,0,0,0,0,0,0
421526,1,1,1990,0,0,0,0,0,0,0,0,0,0
421526,2,1,1990,0,0,0,0,0,0,0,0,0,0
421527,0,1,1990,0,0,0,0,0,0,0,0,0,0
421527,1,1,1990,26,0,0,0,0,0,0,0,0,0
421528,1,1,1990,0,0,19,0,0,0,23,0,0,0
421529,1,1,1990,34,0,0,0,0,0,0,0,0,14
421529,2,1,1990,0,0,0,0,0,0,0,0,0,0
421530,0,1,1990,0,0,0,0,0,0,0,0,0,0
421530,1,1,1990,0,0,0,0,0,0,0,0,0,0
421531,1,1,1990,21,21,21,21,21,21,21,21,21,21
421531,2,1,1990,0,0,26,14,0,0,16,0,0,0
421532,0,1,1990,0,0,0,0,0,0,0,0,0,0
421532,0,2,1990,11,41,6,15,21,25,0,0,23,0
421532,1,1,1990,0,0,0,0,0,0,0,0,0,0
421533,0,1,1990,0,0,0,0,0,0,0,0,0,0
421533,1,1,1990,0,0,0,0,0,14,0,0,0,0
421534,1,1,1990,0,0,0,0,0,0,0,0,0,0
421534,2,1,1990,0,13,0,0,0,0,0,0,0,0
421535,1,1,1990,0,0,0,0,0,0,0,0,0,0
421535,2,1,1990,0,0,0,0,0,0,0,0,0,0
440001,0,1,1990,19,19,19,19,19,19,19,19,19,19
440001,1,1,1990,0,9,0,22,0,3,0,9,0,6
440002,1,1,1990,31,31,31,31,31,31,31,31,31,31
440003,0,1,1990,0,0,0,0,0,0,0,0,0,0
440003,1,1,1990,0,0,0,0,0,0,0,0,0,0
440004,1,1,1990,0,0,0,0,0,0,0,0,0,0
440004,2,1,1990,0,0,0,0,0,0,0,0,0,0
440005,1,1,1990,0,0,0,0,0,0,0,0,0,0
440005,2,1,1990,0,0,0,0,0,0,0,0,0,0
440006,1,1,1990,20,20,20,20,20,20,20,20,20,20
440006,2,2,1990,16,8,12,0,0,0,0,0,0,5
440007,1,1,1990,0,0,0,0,0,0,0,0,0,0
440008,0,1,1990,0,0,0,0,0,0,0,0,0,0
440008,1,1,1990,0,0,0,0,0,0,0,0,0,0
440009,1,1,1990,26,26,26,26,26,26,26,26,26,26
440009,2,1,1990,24,24,24,24,24,24,24,24,24,24
440010,0,1,1990,24,24,24,24,24,24,24,24,24,24
440010,0,2,1990,24,7,0,0,0,0,0,0,0,18
440010,1,1,1990,24,14,12,21,21,13,29,14,32,24
440011,1,1,1990,0,0,0,0,0,0,0,0,0,0
440011,2,1,1990,0,0,0,0,0,0,0,0,0,0
440012,1,2,1990,0,16,0,0,10,19,5,0,14,12
440013,1,1,1990,0,0,0,0,0,0,0,0,0,0
440014,0,1,1990,0,0,0,0,0,0,0,0,0,0
440014,1,1,1990,0,21,0,0,0,0,0,0,0,0
440015,0,1,1990,0,0,0,0,0,0,0,0,0,0
440015,1,1,1990,0,0,0,0,0,0,0,0,0,0
440016,1,1,1990,0,0,0,0,0,0,0,0,0,0
440016,2,1,1990,0,0,0,0,0,0,0,0,0,0
440017,1,2,1990,17,11,14,0,0,0,0,0,0,26
440018,1,1,1990,3,3,3,3,3,3,3,3,3,3
440019,1,1,1990,0,0,0,0,0,0,0,0,0,0
440020,1,1,1990,0,0,0,0,0,0,0,0,0,0
440021,1,2,1990,0,0,0,0,5,0,0,0,0,0
440021,2,1,1990,0,0,0,0,0,0,0,0,27,0
440022,1,1,1990,29,29,29,29,29,29,29,29,29,29
440023,1,1,1990,32,32,32,32,32,32,32,32,32,32
440024,1,1,1990,26,26,26,26,26,26,26,26,26,26
440024,2,1,1990,12,0,9,14,0,8,4,10,10,18
440025,0,1,1990,0,0,0,0,0,0,0,0,0,0
440025,1,1,1990,17,8,25,17,13,8,27,22,0,23
440026,0,1,1990,0,0,0,0,0,0,0,0,0,0
440026,1,1,1990,11,11,11,11,11,11,11,11,11,11
440027,1,1,1990,0,0,0,0,0,0,0,0,0,0
440027,2,1,1990,0,0,0,14,0,0,0,0,0,0
440027,3,1,1990,0,21,0,0,0,0,0,0,0,0
440028,1,1,1990,12,12,12,12,12,12,12,12,12,12
440029,1,1,1990,29,29,29,29,29,29,29,29,29,29
440030,1,1,1990,0,0,0,0,0,0,0,0,0,0
440030,2,1,1990,0,0,0,0,0,0,0,0,0,0
440031,1,2,1990,12,14,23,19,0,33,14,0,0,0
440032,1,1,1990,12,12,12,12,12,12,12,12,12,12
440033,1,2,1990,5,17,16,11,11,29,17,20,12,7
440034,0,1,1990,4,4,4,4,4,4,4,4,4,4
440034,0,2,1990,13,27,40,8,5,16,9,24,16,22
440034,1,1,1990,0,0,0,0,0,0,33,0,0,0
440035,1,1,1990,0,0,0,0,0,0,0,0,0,0
440035,2,1,1990,0,0,0,0,0,0,0,0,0,0
440036,1,1,1990,25,25,25,25,25,25,25,25,25,25
440037,1,1,1990,22,22,22,22,22,22,22,22,22,22
440038,1,1,1990,0,0,0,0,0,0,0,0,0,0
440039,1,1,1990,21,21,21,21,21,21,21,21,21,21
440040,1,1,1990,25,25,25,25,25,25,25,25,25,25
440041,1,1,1990,11,11,11,11,11,11,11,11,11,11
440042,0,1,1990,29,29,29,29,29,29,29,29,29,29
440042,1,1,1990,0,0,0,0,0,0,9,0,0,0
440043,1,1,1990,21,21,21,21,21,21,21,21,21,21
440043,2,1,1990,24,16,12,11,19,4,31,19,14,19
440044,1,1,1990,12,12,12,12,12,12,12,12,12,12
440045,1,2,1990,16,23,2,13,0,10,0,17,0,12
440046,1,1,1990,15,15,15,15,15,15,15,15,15,15
440047,1,2,1990,0,0,0,0,0,0,0,0,0,0
440047,2,1,1990,22,12,13,14,23,19,9,4,9,3
440048,1,1,1990,21,21,21,21,21,21,21,21,21,21
440048,2,1,1990,0,9,18,0,0,5,0,0,0,0
440049,1,2,1990,0,0,0,0,0,0,0,0,0,6
440049,2,1,1990,1,1,1,1,1,1,1,1,1,1
440050,1,1,1990,24,24,24,24,24,24,24,24,24,24
440051,0,1,1990,0,0,0,0,0,0,0,0,0,0
440051,1,1,1990,0,0,0,0,0,0,0,0,0,0
440052,0,1,1990,0,0,0,0,0,0,0,0,0,0
440052,0,2,1990,0,10,0,0,0,0,0,0,17,0
440052,1,1,1990,0,0,24,0,33,0,0,0,0,0
440053,1,1,1990,4,4,4,4,4,4,4,4,4,4
440054,0,1,1990,0,0,0,0,0,0,0,0,0,0
440054,1,1,1990,0,0,0,0,0,0,0,0,0,0
440055,1,1,1990,35,35,35,35,35,35,35,35,35,35
440056,1,1,1990,0,0,0,0,0,0,0,0,0,0
440056,2,1,1990,0,0,0,0,0,0,0,0,0,0
440057,1,1,1990,4,4,4,4,4,4,4,4,4,4
440057,2,1,1990,0,0,0,0,0,0,0,0,0,0
440058,1,1,1990,18,18,18,18,18,18,18,18,18,18
440059,1,1,1990,0,0,0,0,0,0,0,0,0,0
440060,1,2,1990,14,21,8,14,15,19,12,16,23,10
440061,1,2,1990,28,22,17,14,28,0,3,2,9,40
440062,1,1,1990,6,6,6,6,6,6,6,6,6,6
440063,1,1,1990,18,18,18,18,18,18,18,18,18,18
440064,1,1,1990,0,0,0,0,0,0,0,0,0,0
440064,2,1,1990,0,0,0,0,0,0,0,0,0,0
440065,1,1,1990,18,18,18,18,18,18,18,18,18,18
440066,1,1,1990,0,0,0,0,0,0,0,0,0,0
440067,1,1,1990,28,28,28,28,28,28,28,28,28,28
440068,1,2,1990,0,0,0,0,18,0,0,0,0,0
440068,2,1,1990,13,7,17,12,10,8,19,13,13,0
440068,3,1,1990,0,0,0,0,0,0,0,0,10,23
440069,1,2,1990,0,0,0,0,0,0,0,10,0,0
440070,0,1,1990,0,0,0,0,0,0,0,0,0,0
440070,1,1,1990,0,0,0,0,0,0,0,0,0,0
440071,1,1,1990,0,0,0,0,0,0,0,0,0,0
440071,2,1,1990,0,0,0,0,0,0,0,0,0,0
440072,1,1,1990,0,0,0,0,0,0,0,0,0,0
440072,2,1,1990,18,10,17,23,21,11,16,26,6,7
440072,3,1,1990,0,0,0,0,0,0,0,0,0,0
440073,1,1,1990,0,0,0,0,0,0,0,0,0,0
440073,2,1,1990,0,0,0,0,0,0,0,0,0,0
440074,1,2,1990,5,0,0,0,0,0,0,0,0,0
440075,1,1,1990,23,23,23,23,23,23,23,23,23,23
440076,1,2,1990,0,0,11,6,15,0,0,0,0,0
440076,2,1,1990,21,0,0,24,0,7,30,16,16,17
440077,1,1,1990,0,0,0,0,0,0,0,0,0,0
440077,2,1,1990,0,0,0,0,0,0,22,7,0,0
440078,1,1,1990,18,18,18,18,18,18,18,18,18,18
440079,1,1,1990,0,0,0,0,0,0,0,0,0,0
450001,1,1,1990,28,28,28,28,28,28,28,28,28,28
450002,1,1,1990,20,20,20,20,20,20,20,20,20,20
450002,2,1,1990,20,20,20,20,20,20,20,20,20,20
450003,1,1,1990,21,21,21,21,21,21,21,21,21,21
450004,1,1,1990,6,6,6,6,6,6,6,6,6,6
450005,1,1,1990,7,7,7,7,7,7,7,7,7,7
450005,2,1,1990,10,0,0,0,0,0,0,0,0,0
450005,3,1,1990,0,0,0,0,0,0,0,0,0,0
450005,4,1,1990,0,0,13,0,0,0,0,0,0,0
450006,1,1,1990,0,0,0,0,0,0,0,0,10,0
450006,2,1,1990,0,0,0,0,0,14,16,0,0,6
450007,1,1,1990,3,3,3,3,3,3,3,3,3,3
450008,1,1,1990,12,28,29,29,19,0,19,0,32,12
450009,1,1,1990,0,0,0,0,0,0,0,0,0,0
450010,1,1,1990,17,17,17,17,17,17,17,17,17,17
450011,1,1,1990,0,0,0,0,0,0,0,0,0,0
450013,1,1,1990,0,0,0,0,0,0,0,0,0,0
450013,2,1,1990,0,0,0,0,0,0,0,0,0,0
450013,3,1,1990,0,0,0,0,0,0,0,0,0,0
450013,4,1,1990,0,0,0,0,0,0,0,0,0,0
450013,5,1,1990,0,0,0,0,0,0,0,0,0,0
450014,1,1,1990,0,0,0,0,0,0,0,0,0,0
450014,2,1,1990,0,0,0,0,0,0,0,0,0,0
450015,1,1,1990,17,17,17,17,17,17,17,17,17,17
450016,1,1,1990,21,21,21,21,21,21,21,21,21,21
450017,1,1,1990,0,0,0,0,0,0,0,0,0,0
450017,2,1,1990,0,0,0,0,0,0,0,0,0,0
450018,1,1,1990,0,0,0,0,0,0,0,0,0,0
450019,1,1,1990,0,0,0,0,0,0,0,0,0,0
450020,1,1,1990,0,0,0,0,0,0,0,0,0,0
450020,2,1,1990,0,0,0,0,0,0,0,0,0,0
450021,1,1,1990,0,0,10,0,0,21,29,0,13,0
450022,1,1,1990,30,30,30,30,30,30,30,30,30,30
450023,1,1,1990,13,13,13,13,13,13,13,13,13,13
450023,2,1,1990,0,0,15,0,9,0,0,6,0,6
450024,1,1,1990,0,0,0,0,0,0,0,0,0,0
450024,2,1,1990,0,0,0,0,0,0,0,0,0,0
450025,1,1,1990,0,0,0,0,0,0,0,0,0,0
450026,1,1,1990,0,0,0,0,0,0,0,0,0,0
450027,0,1,1990,0,0,0,0,0,0,0,0,0,0
450027,1,1,1990,0,0,0,0,0,0,0,0,0,0
450028,1,1,1990,0,0,0,0,0,0,0,3,0,0
450028,2,1,1990,0,0,0,0,0,0,0,0,0,0
450028,3,1,1990,0,0,0,0,0,0,0,0,0,0
450029,1,1,1990,0,0,0,0,0,0,0,0,0,0
450030,1,1,1990,0,0,0,0,0,0,0,0,0,0
450030,2,1,1990,0,0,0,0,0,0,0,0,0,0
450031,1,1,1990,17,17,17,17,17,17,17,17,17,17
450032,1,1,1990,16,16,16,16,16,16,16,16,16,16
450033,1,1,1990,0,0,0,0,0,0,0,0,0,0
450033,2,1,1990,0,0,0,0,0,0,0,0,0,0
450034,1,1,1990,5,5,5,5,5,5,5,5,5,5
450034,2,1,1990,0,0,0,0,0,0,0,0,0,0
450035,1,1,1990,18,18,18,18,18,18,18,18,18,18
450036,1,1,1990,0,0,0,0,0,0,0,0,0,0
450036,2,1,1990,0,0,0,0,0,0,0,0,0,0
450037,1,1,1990,0,0,0,0,0,0,0,0,0,0
450037,2,1,1990,32,32,32,32,32,32,32,32,32,32
450038,1,1,1990,7,7,7,7,7,7,7,7,7,7
450039,1,1,1990,0,0,0,0,0,0,0,0,0,0
450040,1,1,1990,24,24,24,24,24,24,24,24,24,24
450041,1,1,1990,0,0,0,0,0,0,0,0,0,0
450041,2,1,1990,18,18,18,18,18,18,18,18,18,18
450042,0,1,1990,0,0,0,0,0,0,0,0,0,0
450042,1,1,1990,0,0,0,0,0,12,0,6,0,0
450043,1,1,1990,1,1,1,1,1,1,1,1,1,1
450044,1,1,1990,0,0,0,0,0,0,0,0,0,0
450044,2,1,1990,0,0,0,0,0,0,0,0,0,0
450045,1,1,1990,0,0,0,0,0,0,0,0,0,0
450045,2,1,1990,17,17,17,17,17,17,17,17,17,17
450046,1,1,1990,0,0,0,0,0,0,0,0,0,0
450047,1,1,1990,21,21,21,21,21,21,21,21,21,21
450048,1,1,1990,0,0,0,0,0,0,0,0,0,0
450048,2,1,1990,0,14,0,0,0,0,0,0,0,0
450049,1,1,1990,0,0,0,0,0,0,0,0,0,0
450049,2,1,1990,0,0,0,0,0,0,0,0,0,0
450050,1,1,1990,0,0,0,0,0,0,0,0,0,0
450051,1,1,1990,3,3,3,3,3,3,3,3,3,3
450052,1,1,1990,0,0,0,0,0,0,0,0,0,0
450052,2,1,1990,0,0,0,0,0,0,0,0,0,0
450064,1,1,1990,0,0,0,0,0,0,0,0,0,0
450065,1,1,1990,0,0,0,0,0,0,0,0,0,0
450065,2,1,1990,0,0,0,0,0,0,0,0,0,0
450066,1,1,1990,17,0,0,0,0,0,0,0,0,0
450067,1,1,1990,0,0,0,0,0,0,0,0,0,0
450067,2,1,1990,0,0,0,0,0,0,0,0,0,0
450068,1,1,1990,0,0,0,0,0,0,0,0,0,0
450068,2,1,1990,2,0,0,0,0,0,0,0,0,0
450069,1,1,1990,0,0,0,0,0,0,0,0,0,0
450070,1,1,1990,0,0,0,0,0,0,0,0,0,0
450071,1,1,1990,0,0,0,0,0,0,0,0,0,0
450071,2,1,1990,22,22,22,22,22,22,22,22,22,22
450072,1,1,1990,0,0,0,0,0,0,0,0,0,0
450072,2,1,1990,20,20,20,20,20,20,20,20,20,20
450073,0,1,1990,9,14,0,0,27,31,25,4,16,20
450073,1,1,1990,0,0,0,0,19,6,0,0,0,0
450074,0,1,1990,37,37,37,37,37,37,37,37,37,37
450074,1,1,1990,0,0,0,0,0,0,0,0,0,0
450075,0,1,1990,0,0,0,0,0,0,0,0,0,0
450075,0,2,1990,0,0,0,0,0,0,0,0,0,0
450075,1,1,1990,3,3,3,3,3,3,3,3,3,3
450076,1,1,1990,0,0,0,0,0,0,0,0,0,0
450076,2,1,1990,0,0,0,0,0,0,0,0,0,0
450077,0,1,1990,0,0,0,0,0,0,0,0,0,0
450077,1,1,1990,36,0,0,0,0,0,0,0,0,0
450078,1,1,1990,0,0,0,0,0,0,0,0,0,0
450079,1,1,1990,0,0,0,0,0,0,0,0,0,0
450079,2,1,1990,0,0,0,0,0,0,0,0,0,0
450079,3,1,1990,0,0,0,0,0,0,0,0,0,0
450079,4,1,1990,0,0,0,0,0,0,9,0,0,0
450080,1,1,1990,0,0,0,0,0,0,0,0,0,0
450080,2,1,1990,0,0,0,0,0,0,0,0,0,0
450081,0,1,1990,0,0,0,0,0,0,0,0,0,0
450081,1,1,1990,21,21,21,21,21,21,21,21,21,21
450082,1,1,1990,16,16,16,16,16,16,16,16,16,16
450083,1,1,1990,31,31,31,31,31,31,31,31,31,31
450083,2,1,1990,0,0,0,0,0,0,0,0,0,0
450084,1,1,1990,0,0,0,0,0,0,0,0,0,0
450084,2,1,1990,0,0,0,0,0,0,0,0,0,0
450085,0,1,1990,33,16,20,17,0,20,21,0,36,0
450085,1,1,1990,0,0,0,0,0,0,0,0,0,0
450086,1,1,1990,0,0,0,0,0,0,0,0,0,0
450087,1,1,1990,0,0,0,0,0,0,0,0,0,0
450087,2,1,1990,0,0,0,0,0,0,0,0,0,0
450088,1,1,1990,0,0,0,0,0,0,0,0,0,19
450088,2,1,1990,0,0,0,0,0,0,0,0,0,0