ST_CASE,VEH_NO,PER_NO,YEAR,P1,P2,P3,P4,P5,P6,P7,P8,P9,P10
460040,0,1,1990,17,17,17,17,17,17,17,17,17,17
460040,1,1,1990,0,6,0,0,0,0,0,0,0,0
460041,1,1,1990,0,0,0,0,0,0,0,0,0,0
460041,2,1,1990,0,0,0,0,0,0,0,0,0,0
460042,1,1,1990,6,6,6,6,6,6,6,6,6,6
460043,1,1,1990,0,0,0,0,0,0,0,0,0,0
460043,2,1,1990,0,0,0,0,0,0,0,0,0,0
460044,1,1,1990,19,19,19,19,19,19,19,19,19,19
460044,2,1,1990,0,0,0,0,0,0,0,0,0,0
460045,1,1,1990,21,21,21,21,21,21,21,21,21,21
460046,0,1,1990,0,0,0,0,0,0,0,0,0,0
460046,1,1,1990,0,0,0,0,0,0,0,0,0,0
460047,0,1,1990,0,0,0,0,0,0,0,0,0,0
460047,1,1,1990,0,0,0,0,0,0,0,0,0,0
460048,1,1,1990,29,29,29,29,29,29,29,29,29,29
460048,2,1,1990,26,26,26,26,26,26,26,26,26,26
460049,1,1,1990,0,0,0,0,0,0,0,0,0,0
460049,2,1,1990,0,0,0,0,0,0,0,0,0,0
460050,1,1,1990,0,0,0,0,0,0,0,0,0,0
460050,2,1,1990,0,0,0,0,0,0,0,0,0,0
460051,1,1,1990,17,17,17,17,17,17,17,17,17,17
460052,1,1,1990,23,23,23,23,23,23,23,23,23,23
460053,0,1,1990,0,0,0,0,0,0,0,0,0,0
460053,1,1,1990,0,0,0,0,0,0,0,0,0,0
460054,1,1,1990,2,2,2,2,2,2,2,2,2,2
460055,1,1,1990,0,0,0,0,0,0,0,0,0,0
460055,2,1,1990,0,0,0,0,0,0,0,0,0,0
460056,1,1,1990,0,0,0,0,0,0,0,0,0,0
460057,1,1,1990,0,0,0,0,0,0,0,0,0,0
460057,2,1,1990,13,13,13,13,13,13,13,13,13,13
460058,0,1,1990,0,0,0,0,0,0,0,0,0,0
460058,1,1,1990,0,0,0,0,0,0,0,0,0,0
460059,1,1,1990,11,11,11,11,11,11,11,11,11,11
460060,1,1,1990,16,16,16,16,16,16,16,16,16,16
460060,2,1,1990,0,0,0,0,0,0,0,0,0,0
460061,1,1,1990,0,9,0,0,0,0,0,0,0,0
460061,2,1,1990,0,0,0,0,0,0,0,0,0,0
460062,1,1,1990,0,0,0,0,0,0,0,0,0,0
460063,1,1,1990,0,0,0,0,0,0,0,0,0,0
460063,2,1,1990,0,0,0,0,0,0,0,0,0,0
460064,1,1,1990,11,11,11,11,11,11,11,11,11,11
460065,1,1,1990,19,19,19,19,19,19,19,19,19,19
460066,1,1,1990,16,0,0,0,0,0,7,0,0,0
460067,1,1,1990,33,33,33,33,33,33,33,33,33,33
460068,1,1,1990,0,0,0,0,0,0,0,0,0,0
460069,1,1,1990,1,1,1,1,1,1,1,1,1,1
460070,1,1,1990,0,0,0,0,0,0,0,0,0,0
460070,2,1,1990,0,0,0,0,0,0,0,0,0,0
460071,1,1,1990,10,10,10,10,10,10,10,10,10,10
460072,0,1,1990,0,0,0,0,0,0,0,0,0,0
460072,1,1,1990,11,0,0,0,0,0,0,0,0,0
460073,1,1,1990,21,21,21,21,21,21,21,21,21,21
460074,1,1,1990,0,0,0,0,0,0,0,0,0,0
460074,2,1,1990,0,0,0,0,0,0,0,0,0,0
460075,1,1,1990,0,0,0,0,19,0,0,3,0,0
460076,1,1,1990,0,0,0,0,0,0,0,0,0,0
460077,1,1,1990,0,0,0,0,0,0,0,0,0,0
460077,2,1,1990,0,0,0,0,0,0,0,0,0,0
460078,1,1,1990,10,10,10,10,10,10,10,10,10,10
460079,1,1,1990,8,8,8,8,8,8,8,8,8,8
460079,2,1,1990,7,7,7,7,7,7,7,7,7,7
460080,1,1,1990,13,13,13,13,13,13,13,13,13,13
460080,2,1,1990,0,0,0,0,0,0,0,0,0,0
460081,1,1,1990,8,8,8,8,8,8,8,8,8,8
460082,1,1,1990,0,0,0,0,0,0,0,0,0,0
460083,1,1,1990,0,0,0,0,0,0,0,0,0,0
460084,1,1,1990,0,0,0,0,0,0,0,0,0,0
460084,2,1,1990,0,0,0,0,0,0,0,0,0,0
460084,3,1,1990,0,0,0,0,0,0,0,0,0,0
460085,0,1,1990,0,0,0,0,0,0,0,0,0,0
460085,1,1,1990,25,25,25,25,25,25,25,25,25,25
460086,1,1,1990,14,14,14,14,14,14,14,14,14,14
460087,1,1,1990,24,24,24,24,24,24,24,24,24,24
460088,1,1,1990,0,0,0,0,0,0,0,0,0,0
460088,2,1,1990,0,0,0,0,0,0,0,0,0,0
460089,0,1,1990,0,0,0,0,0,0,0,0,0,0
460089,1,1,1990,0,0,0,0,0,0,0,0,0,0
460090,1,1,1990,20,20,20,20,20,20,20,20,20,20
460091,1,1,1990,18,18,18,18,18,18,18,18,18,18
460092,1,1,1990,16,16,16,16,16,16,16,16,16,16
460093,1,1,1990,0,0,0,0,0,0,0,0,0,0
460094,1,1,1990,15,15,15,15,15,15,15,15,15,15
460095,1,1,1990,0,0,0,0,0,0,0,0,0,0
460096,0,1,1990,0,0,0,0,0,0,0,0,0,0
460096,1,1,1990,17,17,17,17,17,17,17,17,17,17
460096,2,1,1990,0,0,0,20,0,0,0,0,0,0
460097,1,1,1990,0,0,18,0,0,0,0,0,0,0
460098,1,1,1990,0,0,0,0,0,0,0,0,0,0
460098,2,1,1990,0,0,0,0,0,0,0,0,0,0
460099,1,1,1990,13,13,13,13,13,13,13,13,13,13
460100,1,1,1990,0,0,0,0,0,0,0,0,0,0
460100,2,1,1990,0,0,0,0,0,0,0,0,0,0
460101,1,1,1990,19,19,19,19,19,19,19,19,19,19
460102,1,1,1990,26,26,26,26,26,26,26,26,26,26
460103,1,1,1990,0,0,0,0,0,0,0,0,0,0
460104,1,1,1990,34,34,34,34,34,34,34,34,34,34
460105,1,1,1990,20,20,20,20,20,20,20,20,20,20
460106,1,1,1990,0,0,0,0,0,0,0,0,0,0
460107,0,1,1990,32,32,32,32,32,32,32,32,32,32
460107,1,1,1990,0,0,0,0,0,0,0,0,0,0
460108,1,1,1990,22,22,22,22,22,22,22,22,22,22
460109,1,1,1990,34,34,34,34,34,34,34,34,34,34
460110,1,1,1990,0,0,0,0,0,0,0,0,0,0
460110,2,1,1990,0,0,0,0,0,0,0,0,0,0
460111,1,1,1990,0,0,0,0,0,0,0,0,0,0
460112,1,1,1990,7,7,7,7,7,7,7,7,7,7
460112,2,1,1990,7,0,0,0,0,0,0,0,0,0
460113,1,1,1990,10,10,10,10,10,10,10,10,10,10
460114,1,1,1990,16,16,16,16,16,16,16,16,16,16
460114,2,1,1990,1,1,1,1,1,1,1,1,1,1
460115,1,1,1990,0,0,0,0,0,0,0,0,0,0
460116,0,1,1990,0,0,0,0,0,0,0,0,0,0
460116,1,1,1990,1,1,1,1,1,1,1,1,1,1
460117,1,1,1990,11,11,11,11,11,11,11,11,11,11
460117,2,1,1990,0,0,0,0,0,0,0,0,0,0
460118,1,1,1990,0,0,0,0,0,0,0,0,0,0
460119,1,1,1990,0,0,0,0,10,0,0,0,0,0
460120,1,1,1990,0,0,0,0,0,0,0,0,0,0
460120,2,1,1990,0,0,0,0,0,0,0,0,0,0
460121,0,1,1990,0,19,0,0,0,0,0,0,0,15
460121,1,1,1990,0,0,0,0,0,0,0,0,0,0
460122,1,1,1990,0,0,0,0,0,0,0,0,0,0
460123,1,1,1990,0,0,0,0,0,0,0,0,0,0
460124,1,1,1990,0,0,0,0,0,0,0,0,0,0
460125,0,1,1990,0,0,0,0,0,0,0,0,0,0
460125,1,1,1990,0,0,0,0,0,0,0,0,0,0
460126,1,1,1990,11,11,11,11,11,11,11,11,11,11
460126,2,1,1990,0,0,0,0,0,0,0,0,0,0
460127,1,1,1990,18,18,18,18,18,18,18,18,18,18
460128,1,1,1990,0,11,0,0,0,0,0,0,0,0
460129,1,1,1990,0,0,0,0,0,25,0,0,0,0
460129,2,1,1990,0,0,0,0,0,0,0,0,0,0
460130,1,1,1990,0,0,0,0,0,0,0,0,0,0
460130,2,1,1990,11,11,11,11,11,11,11,11,11,11
460132,1,1,1990,0,0,0,0,0,0,0,0,0,0
460132,2,1,1990,17,17,17,17,17,17,17,17,17,17
460133,1,1,1990,25,25,25,25,25,25,25,25,25,25
460133,2,1,1990,7,7,7,7,7,7,7,7,7,7
460134,1,1,1990,0,0,0,0,15,0,0,0,0,0
460134,2,1,1990,0,21,13,0,0,20,18,0,21,16
460135,1,1,1990,0,0,0,0,0,0,0,0,0,0
460136,1,1,1990,21,21,21,21,21,21,21,21,21,21
460137,1,1,1990,0,0,0,0,0,0,0,0,0,0
460137,2,1,1990,0,0,0,0,0,0,0,0,0,0
460138,1,1,1990,18,18,18,18,18,18,18,18,18,18
460138,2,1,1990,14,14,14,14,14,14,14,14,14,14
460139,1,1,1990,39,39,39,39,39,39,39,39,39,39
460140,0,1,1990,36,36,36,36,36,36,36,36,36,36
460140,1,1,1990,0,15,0,0,13,0,22,13,0,0
470001,1,1,1990,0,0,0,0,0,0,0,0,0,0
470001,2,1,1990,0,0,0,0,0,0,0,0,0,0
470002,1,1,1990,0,0,0,0,0,0,0,0,0,0
470003,1,1,1990,0,0,0,0,0,0,0,0,0,0
470004,1,1,1990,0,9,0,0,0,0,0,6,0,0
470005,1,1,1990,19,19,19,19,19,19,19,19,19,19
470006,1,1,1990,0,0,0,0,0,0,0,0,0,0
470007,1,1,1990,0,0,0,0,0,0,0,0,0,0
470007,2,1,1990,0,0,0,0,0,0,0,0,0,0
470007,3,1,1990,0,0,0,0,0,0,0,0,0,0
470008,1,1,1990,0,0,0,0,0,0,0,0,0,0
470008,2,1,1990,0,0,0,0,0,0,0,0,0,0
470009,1,1,1990,9,9,9,9,9,9,9,9,9,9
470010,1,1,1990,0,0,0,0,0,0,0,0,0,0
470010,2,1,1990,0,0,0,0,0,0,0,0,0,0
470012,1,1,1990,0,0,0,0,0,0,0,0,0,0
470012,2,1,1990,0,0,0,0,0,0,0,0,0,0
470013,0,1,1990,28,28,28,28,28,28,28,28,28,28
470013,1,1,1990,0,0,0,0,0,0,0,0,0,0
470014,1,1,1990,12,23,25,11,16,24,13,20,16,18
470015,1,1,1990,0,0,0,0,0,0,0,0,0,0
470015,2,1,1990,0,0,13,0,19,0,0,0,0,0
470016,0,1,1990,20,20,20,20,20,20,20,20,20,20
470016,1,1,1990,29,0,0,0,20,0,9,23,0,0
470017,1,1,1990,31,31,31,31,31,31,31,31,31,31
470018,1,1,1990,25,25,25,25,25,25,25,25,25,25
470019,1,1,1990,25,25,25,25,25,25,25,25,25,25
470020,1,1,1990,12,12,12,12,12,12,12,12,12,12
470021,1,1,1990,38,38,38,38,38,38,38,38,38,38
470021,2,1,1990,0,0,0,4,0,0,0,0,0,0
470022,1,1,1990,0,0,0,0,0,0,0,0,0,0
470022,2,1,1990,0,0,0,0,0,0,0,0,0,0
470023,1,1,1990,24,24,24,24,24,24,24,24,24,24
470024,1,1,1990,0,0,0,0,0,0,0,0,0,0
470024,2,1,1990,19,19,19,19,19,19,19,19,19,19
470025,1,1,1990,0,10,0,0,0,0,27,0,0,0
470025,2,1,1990,9,9,9,9,9,9,9,9,9,9
470026,1,1,1990,0,0,0,0,0,0,0,0,0,0
470026,2,1,1990,0,0,0,0,0,0,0,0,0,0
470026,3,1,1990,0,0,0,0,0,0,0,0,0,0
470026,4,1,1990,0,0,0,0,0,0,0,0,0,0
470026,5,1,1990,12,0,0,0,0,0,0,0,0,0
470027,1,1,1990,0,0,0,0,0,0,0,0,0,0
470029,1,1,1990,32,32,32,32,32,32,32,32,32,32
470030,1,1,1990,28,28,28,28,28,28,28,28,28,28
470031,0,1,1990,0,0,0,0,0,14,0,0,0,0
470031,1,1,1990,37,37,37,37,37,37,37,37,37,37
470032,0,1,1990,22,22,22,22,22,22,22,22,22,22
470032,1,1,1990,4,4,4,4,4,4,4,4,4,4
470033,1,1,1990,0,0,0,0,0,0,0,0,0,0
470034,1,1,1990,29,29,29,29,29,29,29,29,29,29
470034,2,1,1990,0,0,0,0,0,0,0,0,0,0
470035,1,1,1990,0,0,0,0,0,0,0,0,0,0
470035,2,1,1990,0,0,0,0,0,0,0,0,0,0
470036,1,1,1990,0,0,0,0,0,0,0,0,0,0
470037,1,1,1990,0,0,0,0,0,0,0,0,0,0
470037,2,1,1990,27,27,27,27,27,27,27,27,27,27
470038,1,1,1990,7,23,12,18,24,21,9,12,0,13
470039,1,1,1990,0,0,0,0,0,0,0,0,0,0
470039,2,1,1990,0,0,0,0,0,0,0,0,0,0
470040,1,1,1990,0,0,0,0,0,0,0,0,0,0
470041,1,1,1990,28,28,28,28,28,28,28,28,28,28
470042,1,1,1990,0,0,0,0,0,0,0,0,0,0
470042,2,1,1990,2,2,2,2,2,2,2,2,2,2
470043,1,1,1990,0,0,0,0,0,6,0,0,0,0
470044,1,1,1990,0,0,0,0,0,0,0,0,12,0
470044,2,1,1990,20,20,20,20,20,20,20,20,20,20
470045,0,1,1990,18,18,18,18,18,18,18,18,18,18
470045,1,1,1990,0,0,14,0,15,0,4,12,7,13
470045,2,1,1990,26,8,16,6,14,0,11,11,8,8
470046,1,1,1990,0,0,0,0,0,0,0,0,0,0
470046,2,1,1990,27,27,27,27,27,27,27,27,27,27
470047,0,1,1990,0,0,0,0,0,0,10,0,0,0
470047,1,1,1990,0,0,14,0,0,0,0,0,0,0
470048,0,1,1990,0,0,0,0,0,0,0,0,0,0
470048,1,1,1990,0,0,0,0,0,0,0,0,0,0
470049,0,1,1990,13,13,13,13,13,13,13,13,13,13
470049,1,1,1990,0,0,0,0,0,0,4,0,0,0
470050,1,1,1990,0,0,0,9,0,0,0,0,0,0
470050,2,1,1990,0,0,0,0,9,13,0,22,0,0
470051,1,1,1990,0,0,0,0,0,0,0,0,0,0
470052,1,1,1990,22,22,22,22,22,22,22,22,22,22
470052,2,1,1990,0,0,0,0,0,0,0,0,0,0
470053,1,1,1990,27,27,27,27,27,27,27,27,27,27
470054,1,1,1990,0,0,0,0,0,0,0,0,0,0
470054,2,1,1990,0,0,0,7,0,0,0,0,0,0
470055,1,1,1990,0,0,0,0,0,0,0,0,0,0
470055,2,1,1990,0,0,0,0,0,0,0,0,0,0
470056,1,1,1990,0,0,0,0,0,0,0,0,0,0
470056,2,1,1990,0,0,0,0,0,0,0,0,0,0
470057,1,1,1990,14,14,14,14,14,14,14,14,14,14
470058,1,1,1990,0,0,0,0,0,0,0,0,0,0
470058,2,1,1990,0,0,0,0,0,0,0,0,0,0
470059,1,1,1990,0,0,0,0,0,0,0,0,0,0
470060,1,1,1990,0,0,0,0,0,0,0,0,0,0
470060,2,1,1990,0,0,0,0,0,0,0,0,0,0
470061,1,1,1990,22,22,22,22,22,22,22,22,22,22
470062,1,1,1990,0,0,0,0,0,0,0,0,0,0
470062,2,1,1990,0,0,0,0,0,0,0,0,0,0
470063,1,1,1990,0,32,22,0,8,22,15,29,10,16
470064,1,1,1990,0,0,0,0,0,0,0,0,0,0
470064,2,1,1990,0,0,0,0,0,0,0,0,0,0
470065,1,1,1990,0,0,0,0,0,0,0,0,0,0
470066,1,1,1990,0,0,0,0,0,0,0,0,0,0
470066,2,1,1990,0,0,0,0,0,0,0,0,0,0
470067,1,1,1990,0,0,0,0,0,0,0,0,0,0
470067,2,1,1990,1,1,1,1,1,1,1,1,1,1
470068,1,1,1990,2,2,2,2,2,2,2,2,2,2
470069,0,1,1990,0,0,0,0,0,0,0,0,0,0
470069,1,1,1990,0,0,0,0,0,0,0,0,0,30
470070,1,1,1990,0,0,0,0,0,0,0,0,0,0
470071,0,1,1990,0,0,0,0,0,0,0,0,0,0
470071,1,1,1990,0,0,0,0,12,0,9,0,0,0
470072,1,1,1990,24,24,24,24,24,24,24,24,24,24
470072,2,1,1990,0,0,0,0,0,0,0,0,0,0
470072,3,1,1990,0,0,0,0,0,0,0,0,0,0
470073,1,1,1990,0,20,0,0,3,0,0,0,0,0
470074,0,1,1990,0,0,0,0,0,0,0,0,0,0
470074,1,1,1990,0,0,0,0,0,0,0,0,0,0
470076,0,1,1990,0,0,0,0,0,0,0,0,0,0
470076,1,1,1990,0,0,0,0,0,0,0,0,0,0
470077,1,1,1990,0,0,0,0,0,0,0,0,0,0
470077,2,1,1990,0,0,0,0,0,0,0,0,0,0
470077,3,1,1990,0,0,0,0,0,0,0,0,0,0
470078,1,1,1990,0,0,0,0,0,0,0,0,0,0
470078,2,1,1990,2,2,2,2,2,2,2,2,2,2
470079,1,1,1990,15,15,15,15,15,15,15,15,15,15
470079,2,1,1990,0,0,0,0,0,0,0,0,0,0
470080,0,1,1990,8,8,8,8,8,8,8,8,8,8
470080,1,1,1990,10,7,9,17,23,13,13,25,12,10
470081,1,1,1990,0,0,0,0,0,0,0,0,14,0
470081,2,1,1990,0,0,0,0,0,0,0,0,0,0
470082,1,1,1990,0,0,0,0,0,0,0,0,0,0
470082,2,1,1990,0,0,0,0,0,0,0,0,0,0
470083,1,1,1990,0,0,0,0,0,0,0,0,0,0
470084,1,1,1990,17,45,38,19,27,20,21,0,32,19
470085,1,1,1990,14,14,14,14,14,14,14,14,14,14
470086,0,1,1990,4,4,4,4,4,4,4,4,4,4
470086,1,1,1990,0,0,0,0,0,0,0,0,0,0
470087,1,1,1990,13,13,13,13,13,13,13,13,13,13
470088,1,1,1990,0,0,0,0,0,0,0,0,0,0
470089,0,1,1990,0,0,0,0,0,0,0,0,0,0
470089,1,1,1990,0,0,0,0,0,0,0,0,0,0
470090,1,1,1990,4,4,4,4,4,4,4,4,4,4
470090,2,1,1990,0,0,0,0,0,0,0,0,0,0
470091,1,1,1990,17,17,17,17,17,17,17,17,17,17
470092,1,1,1990,9,9,9,9,9,9,9,9,9,9
470093,1,1,1990,14,14,14,14,14,14,14,14,14,14
470094,1,1,1990,15,15,15,15,15,15,15,15,15,15
470095,1,1,1990,0,0,0,0,0,0,0,0,0,0
470095,2,1,1990,0,0,0,0,24,0,0,0,0,0
470096,1,1,1990,0,0,0,0,0,0,0,0,0,0
470096,2,1,1990,0,0,0,0,0,0,0,0,0,0
470097,0,1,1990,0,0,0,0,0,0,0,0,0,0
470097,1,1,1990,0,0,0,0,0,0,0,0,0,0
470097,2,1,1990,0,0,0,0,0,0,0,0,0,0
470098,1,1,1990,0,0,0,0,0,0,0,0,0,0
470099,1,1,1990,39,39,39,39,39,39,39,39,39,39
470100,1,1,1990,0,0,0,0,0,0,0,0,0,0
470100,2,1,1990,0,0,0,0,0,0,0,0,0,0
470101,1,1,1990,18,18,18,18,18,18,18,18,18,18
470101,2,1,1990,0,0,0,0,0,0,0,0,0,0
470102,1,1,1990,0,0,0,15,0,14,0,16,15,17
470102,2,1,1990,10,10,10,10,10,10,10,10,10,10
470102,3,1,1990,0,0,0,0,0,0,0,0,0,0
470103,1,1,1990,0,0,0,0,0,0,0,0,0,0
470104,1,1,1990,0,0,0,0,0,0,0,0,11,0
470106,1,1,1990,0,0,0,0,0,0,0,0,0,0
470109,0,1,1990,0,0,0,0,0,0,0,0,0,0
470109,1,1,1990,0,0,0,0,0,0,0,0,0,0
470110,1,1,1990,17,17,17,17,17,17,17,17,17,17
470111,1,1,1990,0,0,0,0,0,0,0,0,0,0
470111,2,1,1990,0,0,0,0,0,0,0,0,0,0
470112,1,1,1990,13,13,13,13,13,13,13,13,13,13
470113,1,1,1990,0,0,0,0,0,0,0,0,0,0
470114,1,1,1990,0,0,0,0,0,0,0,0,0,0
470114,2,1,1990,0,0,0,0,0,0,0,0,0,0
470115,1,1,1990,0,0,0,0,0,0,0,0,0,0
470116,0,1,1990,0,0,0,6,0,24,0,23,0,0
470116,1,1,1990,0,0,0,0,0,0,0,0,0,0
470117,1,1,1990,0,0,0,0,0,0,0,0,0,0
470118,1,1,1990,0,0,0,0,0,0,0,0,0,0
470120,1,1,1990,0,0,0,0,0,0,0,0,0,0
470120,2,1,1990,0,0,0,0,0,0,0,0,0,0
470121,0,1,1990,0,0,0,0,0,0,0,0,0,0
470121,1,1,1990,0,0,0,7,0,0,0,0,0,0
470122,0,1,1990,0,0,0,0,0,0,0,0,0,0
470122,1,1,1990,0,0,0,0,0,0,0,0,0,0
470123,1,1,1990,0,0,0,0,0,0,0,0,0,0
470124,1,1,1990,28,28,28,28,28,28,28,28,28,28
470124,2,1,1990,18,18,18,18,18,18,18,18,18,18
470125,1,1,1990,0,0,0,0,0,0,0,0,0,0
470126,1,1,1990,23,23,23,23,23,23,23,23,23,23
470127,1,1,1990,0,0,0,0,0,0,0,0,0,0
470127,2,1,1990,0,0,0,0,0,0,0,0,0,0
470128,1,1,1990,17,17,17,17,17,17,17,17,17,17
470128,2,1,1990,11,16,25,17,16,20,6,17,14,15
470128,3,1,1990,0,0,0,0,0,0,0,0,0,0
470129,1,1,1990,0,0,0,0,0,0,0,0,0,0
470130,1,1,1990,19,19,19,19,19,19,19,19,19,19
470131,1,1,1990,0,0,0,0,0,0,0,0,0,0
470131,2,1,1990,0,0,0,0,0,0,0,0,0,0
470131,3,1,1990,0,0,0,0,0,0,0,0,0,0
470131,4,1,1990,0,0,0,0,0,0,0,0,0,0
470132,0,1,1990,38,38,38,38,38,38,38,38,38,38
470132,1,1,1990,0,0,0,0,0,0,0,0,0,0
470133,1,1,1990,23,23,23,23,23,23,23,23,23,23
470133,2,1,1990,0,0,0,0,0,0,0,0,0,0
470134,1,1,1990,24,24,24,24,24,24,24,24,24,24
470135,0,1,1990,27,27,27,27,27,27,27,27,27,27
470135,1,1,1990,0,0,0,0,0,0,28,0,0,0
470136,1,1,1990,25,25,25,25,25,25,25,25,25,25
470136,2,1,1990,0,0,0,0,0,0,0,0,0,0
470136,3,1,1990,0,0,0,0,0,0,0,0,0,0
470137,1,1,1990,27,27,27,27,27,27,27,27,27,27
470138,1,1,1990,10,31,0,18,22,10,9,11,27,12
470138,2,1,1990,23,19,19,13,21,0,25,8,6,17
470139,1,1,1990,12,15,13,21,9,0,0,0,0,0
470140,1,1,1990,2,2,2,2,2,2,2,2,2,2
470141,0,1,1990,0,0,0,0,0,0,0,0,0,0
470141,1,1,1990,20,0,0,0,0,0,0,0,0,0
470142,1,1,1990,0,0,0,0,0,0,0,0,0,0
470142,2,1,1990,0,0,0,0,0,0,0,0,0,0
470143,1,1,1990,0,14,12,0,0,0,0,31,0,0
470144,1,1,1990,0,0,0,0,0,0,0,0,0,0
470144,2,1,1990,0,0,0,0,0,0,0,0,0,0
470145,1,1,1990,31,31,31,31,31,31,31,31,31,31
470145,2,1,1990,0,0,0,0,0,0,0,0,0,0
470146,1,1,1990,11,11,11,11,11,11,11,11,11,11
470147,1,1,1990,0,0,0,0,0,0,0,0,0,0
470147,2,1,1990,0,0,0,0,0,0,0,0,0,0
470148,1,1,1990,9,0,0,30,23,0,0,0,0,25
470149,0,1,1990,23,23,23,23,23,23,23,23,23,23
470149,1,1,1990,0,0,0,0,0,11,0,0,0,0
470150,1,1,1990,0,0,0,0,0,0,0,0,0,0
470150,2,1,1990,12,12,12,12,12,12,12,12,12,12
470152,1,1,1990,0,0,0,0,0,0,0,0,0,0
470152,2,1,1990,32,30,5,25,7,9,0,17,8,35
470153,1,1,1990,25,25,25,25,25,25,25,25,25,25
470154,1,1,1990,0,0,0,0,0,0,0,0,0,0
470154,2,1,1990,0,0,0,0,0,0,0,0,0,0
470155,1,1,1990,0,0,0,0,0,0,0,0,0,0
470156,1,1,1990,0,0,0,0,0,0,0,0,0,0
470156,2,1,1990,0,0,0,0,0,0,0,0,0,0
470157,0,1,1990,7,7,7,7,7,7,7,7,7,7
470157,1,1,1990,0,0,0,0,0,0,0,0,0,0
470158,0,1,1990,0,0,0,0,0,0,0,0,0,0
470158,1,1,1990,0,0,0,0,0,0,0,0,0,0
470160,1,1,1990,0,0,0,0,0,0,0,0,0,0
470160,2,1,1990,30,30,30,30,30,30,30,30,30,30
470161,1,1,1990,0,0,0,0,0,0,0,0,0,0
470161,2,1,1990,0,0,0,0,0,0,0,0,0,0
470162,1,1,1990,0,0,0,0,0,0,0,0,0,0
470162,2,1,1990,0,0,5,0,0,0,0,0,0,0
470162,3,1,1990,0,0,0,0,0,0,0,0,0,0
470162,4,1,1990,0,0,0,0,0,0,0,0,0,0
470163,1,1,1990,13,0,0,23,0,7,0,22,3,0
470164,0,1,1990,21,21,21,21,21,21,21,21,21,21
470164,1,1,1990,17,0,0,31,0,0,24,0,0,0
470165,1,1,1990,0,0,0,0,22,0,0,0,0,0
470165,2,1,1990,0,0,0,0,0,0,0,0,0,0
470166,1,1,1990,0,0,0,0,0,0,0,0,0,0
470166,2,1,1990,0,17,0,0,24,21,9,17,11,0
470167,1,1,1990,14,14,14,14,14,14,14,14,14,14
470168,0,1,1990,0,0,0,0,0,0,0,0,0,0
470168,0,2,1990,0,0,0,0,0,0,0,0,0,0
470168,1,1,1990,0,0,0,0,0,0,0,0,0,0
470169,1,1,1990,19,19,19,19,19,19,19,19,19,19
470170,0,1,1990,7,0,0,11,0,21,0,13,0,0
470170,1,1,1990,6,6,6,6,6,6,6,6,6,6
470171,1,1,1990,0,0,0,0,0,0,0,0,0,0
470171,2,1,1990,0,0,0,0,0,0,0,0,0,0
470172,1,1,1990,20,20,20,20,20,20,20,20,20,20
470172,2,1,1990,0,0,0,0,10,0,0,0,0,0
470173,1,1,1990,17,17,17,17,17,17,17,17,17,17
470173,2,1,1990,0,0,0,0,0,0,0,0,0,0
470174,1,1,1990,0,0,0,0,0,0,0,0,0,0
470174,2,1,1990,0,0,0,0,0,0,0,0,0,0
470175,1,1,1990,0,0,0,0,0,0,0,0,0,0
470175,2,1,1990,20,20,20,20,20,20,20,20,20,20
470176,1,1,1990,0,0,0,0,0,0,0,0,0,0
470176,2,1,1990,0,21,0,25,0,0,0,0,0,0
470177,1,1,1990,0,0,0,0,0,0,0,0,0,0
470177,2,1,1990,0,0,0,0,0,0,0,0,0,0
470178,1,1,1990,23,23,23,23,23,23,23,23,23,23
470179,1,1,1990,0,0,0,0,0,0,0,0,0,0
470179,2,1,1990,0,0,0,0,0,0,0,0,0,0
470180,1,1,1990,0,0,0,0,0,0,0,0,0,0
470181,1,1,1990,0,0,0,0,0,0,0,0,0,0
470182,1,1,1990,0,0,0,0,0,0,0,0,0,0
470183,1,1,1990,0,0,0,0,0,0,0,0,0,0
470184,1,1,1990,0,0,0,0,0,0,0,0,0,0
470185,1,1,1990,0,0,0,0,0,0,0,0,0,0
470185,2,1,1990,3,3,3,3,3,3,3,3,3,3
470186,1,1,1990,0,0,0,0,0,0,0,0,0,0
470186,2,1,1990,0,0,0,0,0,0,0,0,0,0
470187,1,1,1990,0,0,0,0,0,0,0,0,0,0
470187,2,1,1990,0,0,0,0,0,0,0,0,0,0
470188,1,1,1990,23,23,23,23,23,23,23,23,23,23
470189,1,1,1990,12,12,12,12,12,12,12,12,12,12
470189,2,1,1990,0,0,0,0,0,0,0,0,0,0
470189,3,1,1990,0,0,0,0,0,0,0,0,0,0
470190,1,1,1990,14,14,14,14,14,14,14,14,14,14
470191,1,1,1990,0,0,0,0,0,0,0,0,0,0
470191,2,1,1990,0,0,0,0,0,0,0,0,0,0
470192,0,1,1990,32,32,32,32,32,32,32,32,32,32
470192,1,1,1990,0,0,0,0,0,0,0,0,0,0
470193,1,1,1990,20,20,20,20,20,20,20,20,20,20
470194,1,1,1990,22,22,22,22,22,22,22,22,22,22