ST_CASE,VEH_NO,PER_NO,YEAR,P1,P2,P3,P4,P5,P6,P7,P8,P9,P10
470799,2,1,1990,0,0,0,0,0,0,0,0,0,0
470800,1,1,1990,6,6,6,6,6,6,6,6,6,6
470800,2,1,1990,0,0,0,0,0,0,0,0,0,0
470801,1,1,1990,0,0,0,0,0,0,0,0,0,0
470801,2,1,1990,0,0,0,0,0,0,0,0,0,0
470801,3,1,1990,0,0,0,0,0,0,0,0,0,0
470802,1,1,1990,0,0,0,0,0,0,0,0,0,0
470802,2,1,1990,0,0,0,0,0,0,0,0,0,0
470803,0,1,1990,28,28,28,28,28,28,28,28,28,28
470803,0,2,1990,22,21,15,31,13,13,20,5,35,14
470803,1,1,1990,16,16,16,16,16,16,16,16,16,16
470804,1,1,1990,0,0,0,0,0,0,0,0,0,0
470804,2,1,1990,17,0,0,5,0,0,0,0,11,0
470805,1,1,1990,9,9,9,9,9,9,9,9,9,9
470806,1,1,1990,0,0,0,0,0,0,0,0,0,0
470807,0,1,1990,0,0,0,0,0,0,0,0,0,0
470807,1,1,1990,0,0,0,0,0,0,0,0,0,0
470809,1,1,1990,0,0,0,0,0,0,0,0,0,0
470810,1,1,1990,9,9,9,9,9,9,9,9,9,9
470812,1,1,1990,1,1,1,1,1,1,1,1,1,1
470812,2,1,1990,0,0,0,0,0,0,0,0,0,0
470813,1,1,1990,0,0,0,0,0,0,0,0,0,0
470813,2,1,1990,0,0,0,0,0,0,0,0,0,0
470814,1,1,1990,12,12,12,12,12,12,12,12,12,12
470815,1,1,1990,17,17,17,17,17,17,17,17,17,17
470816,1,1,1990,10,10,10,10,10,10,10,10,10,10
470817,1,1,1990,0,0,0,0,0,0,0,0,0,0
470818,1,1,1990,0,0,0,0,8,0,0,0,0,0
470818,2,1,1990,0,0,0,0,0,0,0,0,0,0
470819,1,1,1990,0,0,0,0,0,0,0,0,0,0
470819,2,1,1990,0,0,0,0,0,0,0,0,0,0
470820,1,1,1990,0,12,0,0,0,0,0,0,15,0
470821,1,1,1990,0,0,0,0,0,0,0,0,0,0
470823,1,1,1990,0,0,0,0,13,0,14,0,0,0
470824,1,1,1990,16,16,16,16,16,16,16,16,16,16
470824,2,1,1990,0,0,0,0,0,0,0,0,0,0
470825,1,1,1990,0,0,0,0,0,0,0,0,0,0
470826,1,1,1990,0,0,0,0,0,0,0,0,0,0
470826,2,1,1990,0,0,0,0,0,0,0,0,0,0
470828,1,1,1990,31,17,13,4,11,6,10,16,17,0
470829,1,1,1990,22,22,22,22,22,22,22,22,22,22
470830,1,1,1990,0,0,0,0,0,0,0,0,0,0
470831,1,1,1990,16,16,16,16,16,16,16,16,16,16
470832,1,1,1990,0,0,0,0,0,0,0,0,0,0
470832,2,1,1990,17,17,17,17,17,17,17,17,17,17
470833,1,1,1990,0,0,13,0,0,0,0,25,0,0
470833,2,1,1990,0,0,0,0,0,0,0,0,0,0
470834,0,1,1990,32,32,32,32,32,32,32,32,32,32
470834,1,1,1990,0,0,17,11,20,10,21,0,0,16
470835,1,1,1990,0,0,3,15,0,0,0,0,0,9
470835,2,1,1990,0,0,0,0,0,0,0,0,0,0
470836,1,1,1990,16,19,14,22,0,11,18,21,32,26
470837,1,1,1990,24,24,24,24,24,24,24,24,24,24
470838,1,1,1990,0,0,0,0,0,0,0,0,0,0
470838,2,1,1990,0,0,0,13,0,10,0,0,0,0
470838,3,1,1990,0,0,24,0,0,0,16,0,0,0
470839,1,1,1990,0,0,0,0,0,0,0,0,0,0
470839,2,1,1990,0,0,0,0,0,0,0,0,0,0
470840,1,1,1990,10,0,14,28,0,0,14,0,33,15
470841,1,1,1990,0,0,0,0,0,0,0,0,0,0
470841,2,1,1990,0,0,0,0,0,0,0,0,0,0
470842,1,1,1990,0,0,0,0,0,0,0,0,0,0
470842,2,1,1990,0,0,0,0,0,0,0,0,0,0
470843,1,1,1990,0,12,0,0,0,3,13,15,0,24
470844,0,1,1990,0,0,0,0,0,0,0,0,0,0
470844,1,1,1990,0,0,0,0,0,0,0,0,0,0
470844,2,1,1990,0,0,0,0,0,0,0,0,0,0
470845,1,1,1990,0,0,0,0,0,0,0,0,0,0
470845,2,1,1990,0,0,0,0,0,0,0,0,0,0
470846,1,1,1990,0,0,0,0,0,0,0,0,0,0
470846,2,1,1990,0,0,0,0,0,0,0,0,0,0
470847,1,1,1990,33,33,33,33,33,33,33,33,33,33
470848,1,1,1990,18,18,18,18,18,18,18,18,18,18
470849,1,1,1990,33,33,33,33,33,33,33,33,33,33
470850,1,1,1990,0,0,0,0,0,0,0,0,0,0
470851,0,1,1990,0,0,0,0,0,0,0,0,0,0
470851,1,1,1990,0,0,0,0,24,0,16,6,5,0
470853,1,1,1990,14,19,9,11,23,0,3,0,0,9
470853,2,1,1990,0,0,19,0,6,0,16,18,0,17
470854,1,1,1990,0,0,0,0,0,0,0,0,0,0
470854,2,1,1990,0,0,0,0,0,0,0,0,0,0
470854,3,1,1990,0,0,0,0,0,0,0,0,0,0
470855,1,1,1990,19,19,19,19,19,19,19,19,19,19
470855,2,1,1990,0,0,0,0,18,0,15,0,0,0
470856,1,1,1990,0,0,0,0,0,0,0,0,17,0
470856,2,1,1990,31,13,19,23,0,16,31,21,14,7
470858,1,1,1990,20,20,20,20,20,20,20,20,20,20
470859,1,1,1990,0,0,0,0,0,0,0,0,0,0
470859,2,1,1990,0,0,0,0,0,0,0,0,0,0
470859,3,1,1990,22,22,22,22,22,22,22,22,22,22
470860,1,1,1990,19,19,19,19,19,19,19,19,19,19
470861,0,1,1990,0,0,0,0,0,0,0,0,0,0
470861,1,1,1990,0,0,0,0,0,0,0,0,0,0
470862,1,1,1990,4,4,4,4,4,4,4,4,4,4
470862,2,1,1990,21,25,6,13,27,31,12,13,9,0
470863,0,1,1990,0,0,0,0,0,0,0,0,0,0
470863,1,1,1990,0,0,0,0,0,0,0,16,0,0
470864,1,1,1990,0,0,0,0,0,0,0,0,0,0
470865,0,1,1990,0,0,0,0,0,0,0,0,0,0
470865,1,1,1990,0,0,0,0,0,0,0,0,0,0
470866,1,1,1990,24,24,27,32,38,15,17,10,17,21
470867,1,1,1990,0,0,0,0,0,0,0,0,0,0
470867,2,1,1990,0,0,0,0,0,0,0,0,0,0
470868,1,1,1990,0,0,0,0,0,0,0,0,0,0
470869,1,1,1990,0,0,0,0,0,0,0,0,0,0
470869,2,1,1990,0,0,0,0,0,0,0,0,0,0
470871,1,1,1990,22,22,22,22,22,22,22,22,22,22
470872,1,1,1990,0,0,0,0,0,0,0,0,0,0
470872,2,1,1990,2,2,2,2,2,2,2,2,2,2
470873,1,1,1990,18,18,18,18,18,18,18,18,18,18
470874,1,1,1990,0,0,0,0,0,0,0,0,0,0
470874,2,1,1990,0,0,0,0,0,0,0,0,0,0
470875,1,1,1990,28,28,28,28,28,28,28,28,28,28
470876,1,1,1990,0,0,0,0,0,0,0,0,0,0
470876,2,1,1990,0,0,0,0,0,0,0,0,0,0
470877,1,1,1990,0,0,0,0,0,0,0,0,0,0
470878,0,1,1990,0,0,0,0,0,0,0,0,0,0
470878,1,1,1990,0,0,0,0,0,0,8,0,9,0
470879,1,1,1990,22,22,22,22,22,22,22,22,22,22
470879,2,1,1990,0,0,0,0,0,0,0,0,0,0
470880,1,1,1990,0,0,0,0,0,0,0,0,0,0
470880,2,1,1990,0,0,11,0,0,0,0,0,0,0
470880,3,1,1990,0,0,0,0,0,0,0,0,0,0
470880,4,1,1990,0,0,0,0,0,0,0,8,0,0
470882,1,1,1990,0,0,0,0,0,0,0,0,0,0
470882,2,1,1990,0,0,0,0,0,0,0,0,0,0
470882,3,1,1990,0,0,0,0,0,0,0,0,0,0
470883,0,1,1990,4,4,4,4,4,4,4,4,4,4
470883,1,1,1990,0,11,25,0,0,0,22,8,7,12
470884,1,1,1990,0,0,0,0,0,0,0,0,0,0
470885,1,1,1990,0,0,0,0,0,0,0,0,0,0
470885,2,1,1990,11,0,0,0,12,0,0,0,0,9
470886,1,1,1990,31,31,31,31,31,31,31,31,31,31
470887,0,1,1990,28,28,28,28,28,28,28,28,28,28
470887,1,1,1990,0,0,0,0,0,0,0,0,0,0
470888,1,1,1990,0,0,0,0,0,0,0,0,0,0
470888,2,1,1990,17,17,17,17,17,17,17,17,17,17
470889,1,1,1990,0,0,0,0,0,0,0,0,0,0
470890,1,1,1990,13,13,13,13,13,13,13,13,13,13
470891,1,1,1990,24,12,11,4,15,10,23,17,4,15
470892,1,1,1990,0,0,0,0,0,0,0,0,0,0
470892,2,1,1990,0,0,0,0,0,0,0,0,0,0
470893,1,1,1990,0,23,27,15,15,9,16,29,15,0
470894,1,1,1990,0,0,0,0,0,0,0,0,0,0
470894,2,1,1990,0,0,0,0,0,3,0,0,0,0
470894,3,1,1990,0,0,0,0,0,0,0,0,0,0
470894,4,1,1990,0,0,0,6,0,0,0,0,12,0
470895,1,1,1990,0,0,0,0,0,0,0,0,0,0
470895,2,1,1990,0,0,0,0,0,0,0,0,0,0
470896,0,1,1990,0,0,0,0,0,0,0,0,0,0
470896,1,1,1990,0,6,0,0,0,22,0,22,0,0
470897,1,1,1990,0,0,0,0,0,0,0,0,2,0
470897,2,1,1990,0,0,0,0,0,0,0,0,0,0
470898,1,1,1990,10,10,10,10,10,10,10,10,10,10
470899,1,1,1990,29,29,29,29,29,29,29,29,29,29
470900,1,1,1990,12,14,11,15,17,6,27,20,12,14
470901,1,1,1990,5,0,13,27,0,0,0,0,0,0
470902,1,1,1990,3,3,3,3,3,3,3,3,3,3
470903,1,1,1990,0,0,0,0,0,0,0,0,0,0
470903,2,1,1990,8,8,8,8,8,8,8,8,8,8
470904,1,1,1990,0,0,0,0,0,0,0,0,0,0
470904,2,1,1990,0,0,0,0,0,0,0,0,0,0
470904,3,1,1990,0,0,0,0,0,0,0,0,0,0
470905,1,1,1990,0,0,0,0,0,0,0,0,0,0
470905,2,1,1990,0,0,0,0,0,0,0,0,0,0
470906,1,1,1990,19,19,19,19,19,19,19,19,19,19
470906,2,1,1990,0,0,0,0,0,0,0,0,0,0
470906,3,1,1990,0,0,0,0,0,0,0,0,0,0
470907,1,1,1990,16,16,16,16,16,16,16,16,16,16
470908,1,1,1990,15,0,0,0,0,0,0,0,0,0
470909,1,1,1990,0,0,0,0,0,0,0,0,0,0
470910,1,1,1990,0,0,0,0,0,0,0,0,0,0
470910,2,1,1990,0,0,0,0,0,0,0,0,0,0
470910,3,1,1990,0,0,0,0,0,0,0,0,0,0
470911,1,1,1990,1,1,1,1,1,1,1,1,1,1
470911,2,1,1990,0,0,0,0,0,0,0,0,0,0
470912,1,1,1990,23,23,23,23,23,23,23,23,23,23
470912,2,1,1990,0,0,0,0,0,0,0,0,0,0
470913,1,1,1990,0,0,0,0,0,0,0,0,0,0
470913,2,1,1990,0,0,0,0,0,0,0,0,0,0
470913,3,1,1990,0,0,0,0,0,0,0,0,0,0
470913,4,1,1990,0,0,0,0,0,0,0,0,0,0
470914,1,1,1990,0,0,0,0,0,0,0,0,0,0
470914,2,1,1990,22,0,0,0,0,0,10,0,0,0
470915,1,1,1990,0,0,0,0,0,0,0,0,0,0
470915,2,1,1990,6,6,6,6,6,6,6,6,6,6
470916,1,1,1990,0,0,0,0,0,0,0,0,0,0
470916,2,1,1990,0,0,0,0,0,0,0,0,0,0
470917,1,1,1990,0,0,0,0,0,0,0,0,0,0
470917,2,1,1990,0,0,0,0,0,0,0,0,0,0
470918,1,1,1990,23,23,23,23,23,23,23,23,23,23
470919,1,1,1990,0,0,8,0,11,0,14,0,0,7
470921,1,1,1990,0,0,0,0,0,0,0,0,0,0
470921,2,1,1990,0,0,0,0,0,0,0,0,0,0
470922,1,1,1990,2,2,2,2,2,2,2,2,2,2
470922,2,1,1990,0,0,0,0,0,0,0,0,0,0
470923,1,1,1990,0,0,0,0,0,0,0,0,0,0
470924,1,1,1990,25,25,25,25,25,25,25,25,25,25
470925,1,1,1990,0,0,0,0,0,0,0,0,0,0
470926,1,1,1990,0,0,0,0,0,0,0,0,0,0
470926,2,1,1990,0,0,0,0,0,0,0,0,0,0
470927,1,1,1990,19,19,19,19,19,19,19,19,19,19
470927,2,1,1990,16,16,16,16,16,16,16,16,16,16
470928,1,1,1990,18,18,18,18,18,18,18,18,18,18
470929,1,1,1990,13,13,13,13,13,13,13,13,13,13
470930,1,1,1990,30,30,30,30,30,30,30,30,30,30
470931,1,1,1990,4,4,4,4,4,4,4,4,4,4
470932,1,1,1990,14,22,25,21,18,20,13,23,18,13
470933,0,1,1990,0,0,0,0,0,0,0,0,0,0
470933,1,1,1990,0,0,0,0,0,0,0,0,0,0
470934,1,1,1990,0,0,0,0,0,0,0,0,0,0
470934,2,1,1990,0,0,0,0,0,0,0,0,0,0
470935,1,1,1990,0,0,0,0,0,0,0,9,0,0
470936,1,1,1990,0,0,0,0,0,0,0,0,0,0
470936,2,1,1990,0,0,0,0,11,16,0,0,0,0
470937,1,1,1990,12,25,12,12,25,40,0,25,0,18
470937,2,1,1990,0,0,0,0,0,0,0,0,0,0
470939,1,1,1990,0,0,0,0,0,0,0,0,0,0
470939,2,1,1990,4,4,4,4,4,4,4,4,4,4
470940,1,1,1990,18,0,0,0,0,15,0,14,11,14
470941,1,1,1990,0,0,0,0,0,0,0,0,0,0
470942,1,1,1990,17,17,17,17,17,17,17,17,17,17
470943,0,1,1990,0,0,0,0,0,0,0,0,0,0
470943,1,1,1990,0,0,0,0,0,0,0,0,0,0
470944,0,1,1990,0,0,0,0,0,0,0,0,0,0
470944,1,1,1990,0,0,0,0,0,0,0,0,0,0
470945,1,1,1990,0,0,0,0,0,0,0,0,0,0
470945,2,1,1990,0,0,0,0,0,0,0,0,0,0
470946,1,1,1990,19,19,19,19,19,19,19,19,19,19
470947,1,1,1990,0,10,19,0,12,14,25,12,14,9
470948,1,1,1990,19,19,19,19,19,19,19,19,19,19
470949,1,1,1990,13,13,13,13,13,13,13,13,13,13
470950,0,1,1990,0,0,0,0,0,0,0,0,0,0
470950,1,1,1990,0,0,0,0,0,0,0,0,0,0
470951,1,1,1990,0,0,0,0,0,0,0,0,0,0
470951,2,1,1990,0,0,0,0,0,0,0,0,0,0
470951,3,1,1990,0,0,0,0,0,0,0,0,0,0
470951,4,1,1990,0,0,16,0,0,0,0,0,0,0
470952,0,1,1990,35,35,35,35,35,35,35,35,35,35
470952,1,1,1990,0,0,0,0,0,0,0,0,0,0
470953,1,1,1990,27,27,27,27,27,27,27,27,27,27
470954,1,1,1990,0,0,0,0,0,0,0,0,0,0
470954,2,1,1990,20,0,0,0,0,0,0,0,0,0
470955,0,1,1990,32,32,32,32,32,32,32,32,32,32
470955,1,1,1990,1,1,1,1,1,1,1,1,1,1
470956,1,1,1990,4,4,4,4,4,4,4,4,4,4
470957,1,1,1990,2,2,2,2,2,2,2,2,2,2
470958,1,1,1990,0,0,0,0,0,0,0,0,0,0
470958,2,1,1990,0,0,0,0,0,0,0,0,10,0
470959,1,1,1990,0,0,0,0,0,0,0,0,0,0
470959,2,1,1990,0,0,0,0,0,0,0,0,0,0
470960,1,1,1990,14,14,14,14,14,14,14,14,14,14
470961,1,1,1990,0,0,0,0,0,0,0,0,0,0
470962,1,1,1990,11,11,11,11,11,11,11,11,11,11
470963,1,1,1990,0,0,0,0,0,0,0,0,0,0
470963,2,1,1990,0,0,0,0,0,0,0,0,0,0
470964,1,1,1990,0,0,0,0,0,0,0,0,0,0
470964,2,1,1990,0,0,0,0,0,0,0,0,0,0
470965,1,1,1990,21,21,21,21,21,21,21,21,21,21
470965,2,1,1990,0,0,0,0,0,0,0,0,0,0
470965,3,1,1990,0,0,0,0,0,0,0,0,0,0
470966,0,1,1990,16,8,16,34,0,19,0,0,0,20
470966,1,1,1990,0,0,0,0,0,0,5,0,0,0
470967,1,1,1990,18,25,9,0,22,16,22,15,0,9
470967,2,1,1990,0,0,0,0,0,0,0,0,0,18
470968,1,1,1990,13,13,13,13,13,13,13,13,13,13
470969,1,1,1990,17,17,17,17,17,17,17,17,17,17
470971,1,1,1990,0,0,0,0,0,0,0,0,0,0
470971,2,1,1990,0,0,0,0,0,0,0,0,0,0
470971,3,1,1990,0,0,0,0,0,0,0,0,0,0
470972,1,1,1990,0,0,0,0,0,0,0,0,0,0
470973,1,1,1990,0,0,0,0,0,0,0,0,0,0
470974,1,1,1990,5,5,5,5,5,5,5,5,5,5
470975,1,1,1990,1,1,1,1,1,1,1,1,1,1
470975,2,1,1990,0,0,14,0,7,18,0,7,12,0
470976,1,1,1990,0,0,0,0,0,0,0,0,0,0
470976,2,1,1990,0,0,0,0,0,0,0,0,0,0
470977,1,1,1990,0,16,0,0,0,0,14,0,0,0
470977,2,1,1990,0,0,9,0,0,0,8,0,0,0
470978,1,1,1990,16,16,16,16,16,16,16,16,16,16
470979,1,1,1990,0,0,0,0,0,0,0,0,0,0
470979,2,1,1990,0,0,7,0,0,0,0,0,0,0
470980,1,1,1990,0,0,0,17,0,0,0,0,0,0
470980,2,1,1990,22,22,37,13,0,15,14,14,9,6
470981,1,1,1990,18,18,18,18,18,18,18,18,18,18
470981,2,1,1990,39,39,39,39,39,39,39,39,39,39
470982,1,1,1990,0,0,0,0,0,0,0,0,0,0
470982,2,1,1990,0,0,0,0,0,0,0,0,0,0
470983,1,1,1990,0,0,0,0,0,0,0,0,0,0
470984,1,1,1990,0,0,0,0,0,0,0,0,0,0
470984,2,1,1990,0,0,0,0,0,0,0,0,0,0
470984,3,1,1990,0,0,0,0,0,0,0,0,0,0
470984,4,1,1990,0,0,0,0,0,0,0,0,0,0
470984,5,1,1990,0,0,0,0,0,0,0,0,0,0
470985,1,1,1990,23,23,23,23,23,23,23,23,23,23
470987,0,1,1990,0,0,0,0,0,0,0,0,0,0
470987,1,1,1990,0,0,0,0,0,0,0,0,0,0
470988,1,1,1990,36,36,36,36,36,36,36,36,36,36
470988,2,1,1990,10,10,10,10,10,10,10,10,10,10
470989,1,1,1990,0,0,0,0,0,0,0,0,0,0
470990,1,1,1990,24,24,24,24,24,24,24,24,24,24
470990,2,1,1990,0,0,0,0,0,0,0,0,0,0
470990,3,1,1990,0,0,0,0,0,0,0,0,0,0
470991,0,1,1990,0,0,0,0,0,0,0,0,0,0
470991,1,1,1990,10,3,16,10,11,0,23,0,12,23
470992,1,1,1990,0,0,0,0,0,0,0,0,0,0
470993,0,1,1990,18,18,18,18,18,18,18,18,18,18
470993,1,1,1990,0,0,0,0,0,0,0,0,0,0
470994,1,1,1990,19,19,19,19,19,19,19,19,19,19
470994,2,1,1990,0,0,0,0,0,0,0,0,0,0
470995,1,1,1990,17,24,18,0,0,24,0,0,0,20
470996,0,1,1990,0,0,0,0,0,0,0,0,0,0
470996,1,1,1990,12,12,12,12,12,12,12,12,12,12
470997,1,1,1990,14,14,14,14,14,14,14,14,14,14
470998,1,1,1990,0,0,0,0,0,0,0,0,0,0
470999,1,1,1990,8,8,8,8,8,8,8,8,8,8
471000,1,1,1990,0,0,0,0,0,0,0,0,0,0
471000,2,1,1990,0,0,0,0,0,0,0,0,0,0
471001,1,1,1990,23,23,23,23,23,23,23,23,23,23
471002,1,1,1990,12,12,12,12,12,12,12,12,12,12
471003,1,1,1990,13,13,13,13,13,13,13,13,13,13
471004,1,1,1990,19,19,19,19,19,19,19,19,19,19
471005,1,1,1990,0,0,0,0,0,0,0,0,0,0
471005,2,1,1990,0,0,0,0,0,0,0,0,0,0
471006,1,1,1990,16,16,16,16,16,16,16,16,16,16
471008,1,1,1990,0,0,0,0,0,0,0,0,0,0
471009,1,1,1990,0,0,0,0,0,0,0,0,0,0
471010,1,1,1990,0,0,0,0,0,0,0,0,0,0
471010,2,1,1990,0,0,0,0,0,0,0,0,0,0
471011,0,1,1990,0,0,0,0,0,0,0,0,0,0
471011,1,1,1990,0,0,0,0,0,0,0,0,0,0
471012,0,1,1990,0,0,0,0,0,0,0,0,0,0
471012,1,1,1990,0,0,13,0,8,0,0,0,0,0
471013,1,1,1990,0,0,0,0,0,0,0,0,0,0
471013,2,1,1990,0,0,0,0,0,0,0,0,0,0
471014,0,1,1990,0,0,0,0,0,0,0,0,0,0
471014,1,1,1990,0,0,0,0,0,0,0,0,0,0
471015,1,1,1990,21,21,21,21,21,21,21,21,21,21
471015,2,1,1990,0,0,5,0,0,0,0,0,0,0
471016,1,1,1990,18,18,18,18,18,18,18,18,18,18
471017,1,1,1990,0,0,0,0,7,0,0,0,0,0
471017,2,1,1990,0,0,0,0,0,0,0,0,0,0
471018,1,1,1990,12,12,12,12,12,12,12,12,12,12
471019,0,1,1990,0,0,0,0,0,0,0,0,0,0
471019,1,1,1990,0,0,0,0,0,0,0,0,0,0
471020,1,1,1990,0,0,0,0,0,0,0,0,0,0
471020,2,1,1990,0,0,0,0,0,0,0,0,0,0
471021,1,1,1990,14,0,0,0,15,0,19,0,18,31
471022,1,1,1990,15,15,15,15,15,15,15,15,15,15
471022,2,1,1990,0,0,0,0,0,0,0,0,0,0
471022,3,1,1990,0,0,0,0,0,0,0,0,0,0
471022,4,1,1990,0,0,0,0,0,0,0,0,0,0
471023,1,1,1990,0,0,0,11,0,0,0,14,0,0
471023,2,1,1990,0,0,0,0,0,0,0,0,0,0
471024,1,1,1990,0,0,0,0,0,0,0,0,0,0
471025,0,1,1990,0,11,0,0,0,0,0,0,0,0
471025,1,1,1990,0,0,0,0,0,0,0,0,0,0
471026,1,1,1990,14,14,14,14,14,14,14,14,14,14
471026,2,1,1990,0,0,0,0,0,0,0,0,0,0
471027,1,1,1990,0,0,0,0,0,0,0,0,0,0
471027,2,1,1990,0,0,0,0,0,0,0,0,0,0
471028,1,1,1990,0,0,0,0,0,0,0,0,0,0
471028,2,1,1990,0,0,0,0,0,0,0,0,0,0
471028,3,1,1990,0,0,0,0,0,0,0,0,0,0
471029,1,1,1990,15,15,15,15,15,15,15,15,15,15
471031,1,1,1990,0,0,0,0,0,0,0,0,0,0
471031,2,1,1990,0,0,0,0,0,0,0,0,0,0
471032,1,1,1990,19,19,19,19,19,19,19,19,19,19
471033,1,1,1990,0,0,0,0,0,0,0,0,0,0
471033,2,1,1990,0,0,0,0,0,7,0,0,0,0
471034,1,1,1990,15,15,15,15,15,15,15,15,15,15
471034,2,1,1990,20,20,20,20,20,20,20,20,20,20
471035,1,1,1990,0,0,0,0,0,0,0,0,0,0
471035,2,1,1990,6,6,6,6,6,6,6,6,6,6
471035,3,1,1990,19,19,19,19,19,19,19,19,19,19
471036,1,1,1990,0,0,0,0,0,0,0,18,0,11
471036,2,1,1990,0,0,0,0,4,0,0,0,0,0
471037,0,1,1990,17,17,17,17,17,17,17,17,17,17
471037,1,1,1990,15,0,17,15,9,0,8,5,29,13
471038,1,1,1990,0,20,0,0,0,0,0,0,0,0
471038,2,1,1990,0,0,0,0,0,0,0,0,0,0
471038,3,1,1990,14,0,0,0,0,0,0,0,0,0
471039,1,1,1990,0,0,0,0,0,0,0,8,0,0
471039,2,1,1990,0,7,0,0,0,0,0,0,26,0
471040,1,1,1990,0,12,6,0,0,24,27,6,11,0
471041,1,1,1990,0,16,0,0,14,0,17,18,0,0
471042,1,1,1990,0,0,0,0,0,0,0,0,0,0
471042,2,1,1990,0,0,0,0,0,0,0,0,0,0
471043,1,1,1990,0,0,0,0,0,0,0,0,0,0
471045,1,1,1990,17,0,0,0,0,0,0,0,0,0
471045,2,1,1990,0,0,0,0,0,0,0,0,0,0
471046,1,1,1990,20,20,20,20,20,20,20,20,20,20
471046,2,1,1990,0,0,11,0,0,0,0,0,0,0
471046,3,1,1990,0,0,0,0,0,0,12,0,0,15
471046,4,1,1990,0,0,0,0,0,0,0,0,0,0
471047,1,1,1990,2,2,2,2,2,2,2,2,2,2
471047,2,1,1990,0,0,0,0,0,0,0,0,0,0
471048,1,1,1990,0,0,12,23,41,27,27,54,0,15
471049,1,1,1990,0,0,0,0,0,0,0,0,0,0
471050,1,1,1990,0,0,0,0,0,0,0,0,0,0
471051,1,1,1990,0,0,0,0,0,0,0,0,0,0
471051,2,1,1990,0,0,0,0,0,0,0,0,0,0
471052,0,1,1990,0,0,0,0,0,0,0,0,0,0
471052,1,1,1990,0,0,0,0,0,0,0,0,0,0
471053,0,1,1990,0,0,0,0,0,0,16,0,0,0
471053,1,1,1990,0,0,0,0,0,0,0,0,0,0
471055,1,1,1990,0,0,0,0,0,0,0,0,0,0
471055,2,1,1990,0,0,0,0,0,0,0,0,0,0
471056,1,1,1990,0,0,0,0,0,0,0,0,0,0
471056,2,1,1990,0,0,0,0,0,0,0,0,0,0
471057,1,1,1990,0,0,0,0,0,0,0,0,0,0
471057,2,1,1990,0,0,0,0,0,0,0,0,0,0
471058,1,1,1990,0,0,0,0,0,0,0,0,0,0
471058,2,1,1990,0,0,0,0,0,0,0,0,0,0
471058,3,1,1990,0,0,0,0,0,0,0,28,0,0
471059,1,1,1990,0,0,0,0,0,0,0,0,0,0
471060,1,1,1990,23,23,23,23,23,23,23,23,23,23
471061,0,1,1990,0,0,0,0,18,0,0,22,0,0
471061,1,1,1990,0,0,0,0,0,0,0,0,0,0
471062,1,1,1990,16,16,16,16,16,16,16,16,16,16
471063,1,1,1990,0,0,0,0,0,0,0,0,0,0
471063,2,1,1990,0,0,0,0,0,0,0,0,0,0
471063,3,1,1990,0,0,0,0,0,0,0,0,0,0
471063,4,1,1990,0,0,27,0,0,0,0,0,0,0
471063,5,1,1990,0,0,0,0,0,0,0,0,0,0
471063,6,1,1990,0,0,0,0,0,0,0,0,0,0
471063,7,1,1990,0,0,0,0,0,0,0,0,0,0
471064,1,1,1990,11,20,16,0,0,0,0,0,26,0
471065,1,1,1990,21,21,21,21,21,21,21,21,21,21
471066,1,1,1990,10,0,22,16,47,0,0,0,17,0
471067,1,1,1990,0,19,0,0,0,21,0,0,0,0
471067,2,1,1990,0,0,0,0,0,0,0,0,0,0
471068,1,1,1990,0,0,0,4,9,0,0,12,10,2
471069,1,1,1990,16,10,19,13,29,12,31,14,25,17
471070,1,1,1990,0,0,0,0,0,0,0,0,0,0
471070,2,1,1990,0,0,0,0,0,0,0,0,0,0
471070,3,1,1990,0,0,0,0,0,0,0,0,0,0
471070,4,1,1990,0,0,0,0,0,0,0,0,0,0
471070,5,1,1990,0,0,0,0,0,0,0,0,0,0
471070,6,1,1990,0,0,6,0,0,0,0,0,0,0
471070,7,1,1990,0,0,0,0,0,0,0,0,0,0
471070,8,1,1990,0,0,0,0,0,0,0,0,0,0
471070,9,1,1990,0,0,0,0,0,0,0,0,0,0
471070,10,1,1990,0,0,0,0,0,0,0,0,0,0
471070,11,1,1990,0,0,0,0,0,0,9,0,0,0
471070,12,1,1990,0,0,0,0,0,0,0,0,0,0
471070,13,1,1990,0,0,0,0,0,0,0,0,0,0
471070,14,1,1990,0,0,0,0,0,0,0,0,0,0
471070,15,1,1990,0,0,0,0,0,0,0,0,0,0
471070,16,1,1990,0,0,0,0,0,0,0,0,0,0
471070,17,1,1990,0,0,0,0,0,0,0,0,0,0
471071,1,1,1990,0,0,0,0,0,0,0,0,0,0
471071,2,1,1990,0,0,0,0,17,0,0,0,0,0
471071,3,1,1990,0,0,0,0,0,0,0,0,0,0
471071,4,1,1990,0,0,0,0,0,0,0,0,0,0
471071,5,1,1990,0,0,0,0,0,0,0,0,0,0
471071,6,1,1990,0,0,0,0,0,0,0,0,10,0
471071,7,1,1990,0,0,0,0,9,0,0,0,0,0
471071,8,1,1990,0,0,0,0,0,0,0,0,0,0
471072,1,1,1990,0,0,0,0,0,0,0,0,0,0
471072,2,1,1990,0,0,0,0,0,0,0,0,0,0
471072,3,1,1990,0,0,0,0,0,0,0,0,0,0
471072,4,1,1990,0,0,0,0,0,0,0,0,0,0