ST_CASE,VEH_NO,PER_NO,YEAR,P1,P2,P3,P4,P5,P6,P7,P8,P9,P10
481624,1,1,1990,21,21,21,21,21,21,21,21,21,21
481624,2,1,1990,30,0,30,0,18,0,0,21,0,0
481625,1,1,1990,14,14,14,14,14,14,14,14,14,14
481626,1,1,1990,0,0,0,0,0,0,0,0,0,0
481626,2,1,1990,0,0,0,0,0,0,0,0,0,0
481627,1,1,1990,0,0,0,0,0,0,0,0,0,0
481628,1,1,1990,27,27,27,27,27,27,27,27,27,27
481629,1,1,1990,0,0,0,0,0,0,0,0,0,0
481630,1,1,1990,0,0,0,0,0,0,0,0,0,0
481630,2,1,1990,0,0,0,0,0,0,0,0,0,0
481631,1,1,1990,8,8,8,8,8,8,8,8,8,8
481631,2,1,1990,0,14,0,0,14,0,11,0,0,0
481632,0,1,1990,9,9,9,9,9,9,9,9,9,9
481632,1,1,1990,18,0,0,0,0,18,0,0,0,14
481633,1,1,1990,28,28,28,28,28,28,28,28,28,28
481634,0,1,1990,15,15,15,15,15,15,15,15,15,15
481634,1,1,1990,20,20,20,20,20,20,20,20,20,20
481635,1,1,1990,0,0,0,0,0,0,0,0,0,0
481635,2,1,1990,0,0,0,0,0,0,0,0,0,0
481636,1,1,1990,11,11,11,11,11,11,11,11,11,11
481637,1,1,1990,4,4,4,4,4,4,4,4,4,4
481638,0,1,1990,27,6,26,16,35,26,19,23,45,44
481638,1,1,1990,0,0,10,0,0,0,0,11,0,0
481639,1,1,1990,14,14,14,14,14,14,14,14,14,14
481640,1,1,1990,0,0,0,0,0,0,0,0,0,0
481640,2,1,1990,0,0,0,0,0,0,0,0,0,0
481641,1,1,1990,17,17,17,17,17,17,17,17,17,17
481642,1,1,1990,0,0,0,0,0,0,0,0,0,0
481643,0,1,1990,20,20,20,20,20,20,20,20,20,20
481643,1,1,1990,0,0,0,0,0,0,0,0,0,0
481644,1,1,1990,43,43,43,43,43,43,43,43,43,43
481645,1,1,1990,0,15,16,17,44,4,0,22,22,22
481646,1,1,1990,22,22,22,22,22,22,22,22,22,22
481647,1,1,1990,0,0,0,15,0,12,0,0,0,15
481647,2,1,1990,9,0,0,0,0,22,0,0,0,0
481648,1,1,1990,15,15,15,15,15,15,15,15,15,15
481649,1,1,1990,0,0,0,0,0,0,0,0,0,0
481649,2,1,1990,0,0,0,0,0,0,0,0,0,0
481650,1,1,1990,0,0,0,0,0,0,0,0,0,0
481650,2,1,1990,30,30,30,30,30,30,30,30,30,30
481651,1,1,1990,10,22,19,29,30,23,5,19,9,19
481651,2,1,1990,9,0,0,0,0,6,0,10,8,0
481652,1,1,1990,8,8,8,8,8,8,8,8,8,8
481653,0,1,1990,17,17,17,17,17,17,17,17,17,17
481653,1,1,1990,7,0,17,0,0,14,15,14,0,24
481654,1,1,1990,0,0,0,0,0,0,0,0,0,0
481654,2,1,1990,0,0,0,0,0,0,0,0,0,0
481655,0,1,1990,0,0,0,0,0,0,0,0,0,0
481655,1,1,1990,15,8,11,19,15,28,0,11,0,18
481656,1,1,1990,50,50,50,50,50,50,50,50,50,50
481657,1,1,1990,23,23,23,23,23,23,23,23,23,23
481657,2,1,1990,0,0,0,0,12,0,0,0,0,0
481658,1,1,1990,22,22,22,22,22,22,22,22,22,22
481658,2,1,1990,0,0,0,0,0,0,0,0,0,0
481659,1,1,1990,16,16,16,16,16,16,16,16,16,16
481659,2,1,1990,0,0,0,0,13,17,0,33,0,0
481660,0,1,1990,34,34,34,34,34,34,34,34,34,34
481660,1,1,1990,0,0,0,19,0,0,0,0,0,0
481661,1,1,1990,28,28,28,28,28,28,28,28,28,28
481662,0,1,1990,0,0,0,0,0,0,0,0,0,0
481662,1,1,1990,0,0,0,0,0,0,0,0,25,0
481663,0,1,1990,29,36,26,15,14,28,31,27,20,0
481663,1,1,1990,5,10,0,9,0,13,0,0,0,22
481664,0,1,1990,0,0,0,8,0,0,18,0,0,39
481664,1,1,1990,0,0,21,0,0,0,0,0,0,15
481665,1,1,1990,13,13,13,13,13,13,13,13,13,13
481666,0,1,1990,0,0,0,0,0,0,0,0,0,0
481666,1,1,1990,0,0,0,0,0,0,0,0,0,0
481667,1,1,1990,19,19,19,19,19,19,19,19,19,19
481668,1,1,1990,21,21,21,21,21,21,21,21,21,21
481669,0,1,1990,24,0,29,22,31,0,0,0,29,33
481669,1,1,1990,0,21,0,0,0,0,0,33,0,0
481670,1,1,1990,0,0,0,0,6,0,0,13,0,0
481671,1,1,1990,0,0,11,8,0,0,0,0,0,0
481671,2,1,1990,21,21,21,21,21,21,21,21,21,21
481672,1,1,1990,0,0,0,0,0,0,0,0,0,0
481673,1,1,1990,13,20,22,16,12,10,10,20,19,7
481673,2,1,1990,0,10,0,0,0,0,0,0,0,0
481674,1,1,1990,0,0,0,0,0,0,0,0,0,0
481675,1,1,1990,21,21,21,21,21,21,21,21,21,21
481676,1,1,1990,0,0,0,0,0,0,0,0,0,0
481677,1,1,1990,0,0,0,0,0,0,0,0,0,0
481677,2,1,1990,0,24,0,0,10,0,0,0,0,0
481678,1,1,1990,0,0,0,0,0,0,0,0,0,0
481678,2,1,1990,0,0,0,0,0,0,0,0,0,0
481679,1,1,1990,0,0,0,0,0,0,0,0,0,0
481680,1,1,1990,0,0,0,0,0,0,0,0,0,22
481680,2,1,1990,0,0,0,0,0,0,0,0,0,0
481680,3,1,1990,0,0,0,0,0,0,0,0,0,0
481681,1,1,1990,19,19,19,19,19,19,19,19,19,19
481682,1,1,1990,0,0,9,15,7,11,0,0,23,12
481682,2,1,1990,19,19,19,19,19,19,19,19,19,19
481683,1,1,1990,26,26,26,26,26,26,26,26,26,26
481684,1,1,1990,0,0,0,0,0,0,0,0,0,0
481685,1,1,1990,13,13,13,13,13,13,13,13,13,13
481686,1,1,1990,12,12,12,12,12,12,12,12,12,12
481687,1,1,1990,10,10,10,10,10,10,10,10,10,10
481688,1,1,1990,11,11,11,11,11,11,11,11,11,11
481689,0,1,1990,0,0,0,0,0,0,0,0,0,0
481689,1,1,1990,0,0,0,0,0,0,0,0,0,0
481690,0,1,1990,26,26,26,26,26,26,26,26,26,26
481690,1,1,1990,18,7,11,0,0,0,27,34,0,23
481691,1,1,1990,0,0,0,0,0,0,0,20,0,0
481691,2,1,1990,0,0,0,0,0,20,0,0,0,0
481691,3,1,1990,0,0,0,0,0,0,0,0,0,0
481692,1,1,1990,0,0,0,0,0,0,0,0,0,0
481693,1,1,1990,23,23,23,23,23,23,23,23,23,23
481693,2,1,1990,0,0,23,0,0,21,0,10,9,0
481694,0,1,1990,0,0,0,0,0,0,0,0,0,0
481694,1,1,1990,0,0,15,4,32,0,0,0,0,0
481695,0,1,1990,25,25,25,25,25,25,25,25,25,25
481695,0,2,1990,21,19,19,14,12,15,0,0,7,51
481695,1,1,1990,11,7,5,30,13,4,21,0,16,19
481696,1,1,1990,23,23,23,23,23,23,23,23,23,23
481697,1,1,1990,0,0,0,0,0,0,0,0,0,0
481698,1,1,1990,18,18,18,18,18,18,18,18,18,18
481699,1,1,1990,43,25,11,7,14,23,17,26,0,9
481699,2,1,1990,0,0,0,0,0,0,0,0,0,0
481700,1,1,1990,4,4,4,4,4,4,4,4,4,4
481700,2,1,1990,15,16,10,3,19,14,20,0,0,21
481701,1,1,1990,7,6,18,17,21,0,7,22,16,9
481702,1,1,1990,0,10,24,13,4,21,17,16,21,12
481703,0,1,1990,0,0,0,0,0,0,0,0,0,0
481703,1,1,1990,16,0,6,11,0,0,0,0,7,0
481704,1,1,1990,4,4,4,4,4,4,4,4,4,4
481705,1,1,1990,0,0,0,25,18,0,5,0,0,0
481705,2,1,1990,15,15,15,15,15,15,15,15,15,15
481706,1,1,1990,10,23,15,25,24,12,20,31,19,24
481707,1,1,1990,15,32,8,10,5,12,29,7,19,15
481708,1,1,1990,22,22,22,22,22,22,22,22,22,22
481709,1,1,1990,15,15,15,15,15,15,15,15,15,15
481710,0,1,1990,0,0,0,0,0,0,0,0,0,0
481710,1,1,1990,0,7,0,0,0,0,0,0,2,14
481711,0,1,1990,0,16,0,19,12,0,16,15,7,17
481711,1,1,1990,0,13,11,31,0,0,7,19,0,0
481712,1,1,1990,29,29,29,29,29,29,29,29,29,29
481713,0,1,1990,15,15,15,15,15,15,15,15,15,15
481713,1,1,1990,0,0,0,0,0,0,0,0,0,0
481714,1,1,1990,0,0,0,0,0,0,0,0,0,0
481714,2,1,1990,0,0,0,0,0,0,0,18,0,0
481715,1,1,1990,0,30,15,0,0,0,0,0,0,0
481716,1,1,1990,15,15,15,15,15,15,15,15,15,15
481717,1,1,1990,0,0,0,0,0,0,0,0,0,0
481718,1,1,1990,15,17,14,0,12,24,26,19,41,18
481719,1,1,1990,0,0,0,0,0,0,0,0,0,0
481720,1,1,1990,0,0,0,0,0,0,0,0,0,0
481720,2,1,1990,0,0,0,0,0,0,0,0,0,0
481722,1,1,1990,25,25,25,25,25,25,25,25,25,25
481723,0,1,1990,0,15,29,11,40,0,24,31,0,12
481723,1,1,1990,0,0,0,0,0,0,0,0,0,0
481723,2,1,1990,0,0,7,0,0,0,0,0,0,12
481723,3,1,1990,13,0,0,0,8,0,0,0,0,0
481724,1,1,1990,37,7,17,13,29,14,16,6,19,14
481724,3,1,1990,0,0,0,0,3,0,12,0,0,0
481724,4,1,1990,0,10,0,0,0,0,19,0,15,0
481725,1,1,1990,10,8,0,24,24,8,0,24,15,28
481726,0,1,1990,36,36,36,36,36,36,36,36,36,36
481726,1,1,1990,17,0,3,0,4,0,9,0,0,0
481727,0,1,1990,59,12,0,18,18,55,20,12,20,19
481727,1,1,1990,0,7,0,23,0,23,3,9,16,0
481728,1,1,1990,15,15,15,15,15,15,15,15,15,15
481729,1,1,1990,22,22,22,22,22,22,22,22,22,22
481729,2,1,1990,0,0,0,0,0,9,0,0,0,7
481730,0,1,1990,0,0,0,0,0,0,0,0,0,0
481730,1,1,1990,0,0,0,0,0,0,0,0,0,0
481731,1,1,1990,17,17,17,17,17,17,17,17,17,17
481732,1,1,1990,0,0,0,0,0,0,0,0,0,0
481732,2,1,1990,0,0,0,0,0,0,0,0,0,0
481732,3,1,1990,0,10,0,0,0,8,0,0,29,0
481733,1,1,1990,10,17,11,0,0,0,5,9,0,0
481734,0,1,1990,0,0,0,0,0,0,0,0,0,0
481734,1,1,1990,0,0,0,0,0,0,0,0,0,0
481735,1,1,1990,0,0,0,0,0,0,0,0,0,0
481736,1,1,1990,29,29,29,29,29,29,29,29,29,29
481736,2,1,1990,3,3,3,3,3,3,3,3,3,3
481737,1,1,1990,26,0,0,0,0,0,18,31,0,0
481738,1,1,1990,11,11,11,11,11,11,11,11,11,11
481739,1,1,1990,0,26,0,0,0,0,0,0,0,0
481740,1,1,1990,21,21,21,21,21,21,21,21,21,21
481740,2,1,1990,23,23,23,23,23,23,23,23,23,23
481741,1,1,1990,22,22,22,22,22,22,22,22,22,22
481742,1,1,1990,0,0,0,0,0,0,0,0,0,8
481742,2,1,1990,0,0,0,0,0,0,0,0,18,0
481743,1,1,1990,0,0,0,0,0,0,0,0,0,0
481744,0,1,1990,18,0,0,0,0,37,0,0,26,8
481744,1,1,1990,0,0,0,0,19,0,0,0,0,0
481745,1,1,1990,11,11,11,11,11,11,11,11,11,11
481746,1,1,1990,17,17,17,17,17,17,17,17,17,17
481747,1,1,1990,0,0,11,0,0,0,0,0,13,0
481747,2,1,1990,0,0,0,0,0,0,0,0,0,0
481748,1,1,1990,8,8,8,8,8,8,8,8,8,8
481748,2,1,1990,0,0,0,0,0,0,0,0,0,0
481749,1,1,1990,0,15,0,0,0,0,0,0,8,0
481750,1,1,1990,24,24,24,24,24,24,24,24,24,24
481751,1,1,1990,7,7,13,14,16,6,6,27,9,0
481752,1,1,1990,26,18,17,8,16,17,29,22,39,12
481753,1,1,1990,0,0,0,13,0,0,0,0,14,0
481754,1,1,1990,11,11,11,11,11,11,11,11,11,11
481755,1,1,1990,21,18,3,10,8,7,21,7,5,22
481756,0,1,1990,20,16,22,17,28,32,20,26,0,0
481756,1,1,1990,11,0,0,0,14,0,0,0,0,16
481757,1,1,1990,28,28,28,28,28,28,28,28,28,28
481758,1,1,1990,6,6,6,6,6,6,6,6,6,6
481758,2,1,1990,0,33,14,0,0,0,0,0,0,0
481759,1,1,1990,11,11,11,11,11,11,11,11,11,11
481759,2,1,1990,5,0,0,0,11,0,12,5,0,18
481760,0,1,1990,20,15,18,18,17,18,11,15,19,27
481760,1,1,1990,18,14,22,0,8,0,5,0,0,0
481761,0,1,1990,0,0,0,0,0,0,0,0,0,0
481761,0,2,1990,0,0,0,0,0,0,0,0,0,0
481761,0,3,1990,4,14,12,18,0,7,15,0,13,19
481761,1,1,1990,0,0,0,0,0,0,0,0,0,0
481762,1,1,1990,0,0,0,0,0,0,0,0,0,0
481762,2,1,1990,9,0,0,0,0,0,0,0,0,0
481763,1,1,1990,18,18,18,18,18,18,18,18,18,18
481764,0,1,1990,9,9,9,9,9,9,9,9,9,9
481764,1,1,1990,0,0,0,0,0,0,0,0,0,0
481765,1,1,1990,14,14,14,14,14,14,14,14,14,14
481766,1,1,1990,0,0,0,0,0,0,0,0,0,0
481767,1,1,1990,0,0,0,0,4,10,0,0,0,0
481767,2,1,1990,0,0,0,0,0,0,0,0,0,0
481768,1,1,1990,22,22,22,22,22,22,22,22,22,22
481769,1,1,1990,0,0,0,0,0,0,0,0,0,0
481770,0,1,1990,8,8,8,8,8,8,8,8,8,8
481770,1,1,1990,0,17,14,10,5,4,26,15,0,11
481771,1,1,1990,16,0,18,15,8,0,0,9,0,34
481772,1,1,1990,25,21,10,0,9,12,8,4,0,11
481773,1,1,1990,4,4,4,4,4,4,4,4,4,4
481773,2,1,1990,0,0,0,0,0,0,0,0,0,0
481774,1,1,1990,10,10,10,10,10,10,10,10,10,10
481775,1,1,1990,0,0,0,0,0,0,0,0,0,0
481776,1,1,1990,0,0,0,0,36,18,0,0,0,0
481776,2,1,1990,0,0,0,0,6,0,0,0,0,0
481777,1,1,1990,37,37,37,37,37,37,37,37,37,37
481777,2,1,1990,7,0,11,0,9,5,17,0,0,9
481777,3,1,1990,10,10,10,10,10,10,10,10,10,10
481778,1,1,1990,21,21,21,21,21,21,21,21,21,21
481779,1,1,1990,14,14,14,14,14,14,14,14,14,14
481780,1,1,1990,0,0,0,0,0,0,0,0,0,0
481781,1,1,1990,0,0,0,0,0,0,0,0,0,0
481781,2,1,1990,0,0,0,0,0,0,0,0,3,0
481782,1,1,1990,23,23,23,23,23,23,23,23,23,23
481783,1,1,1990,43,43,43,43,43,43,43,43,43,43
481784,1,1,1990,0,0,0,0,0,0,0,0,0,0
481784,2,1,1990,19,19,19,19,19,19,19,19,19,19
481785,1,1,1990,0,0,0,0,0,0,0,0,0,0
481785,2,1,1990,0,0,0,0,0,0,0,0,0,0
481785,3,1,1990,0,0,0,0,0,20,0,0,0,0
481786,0,1,1990,0,0,0,0,0,0,0,0,0,0
481786,1,1,1990,0,0,0,0,0,0,0,0,0,0
481787,0,1,1990,0,0,0,0,0,0,0,0,0,0
481787,1,1,1990,0,0,0,0,0,0,0,0,0,0
481788,1,1,1990,9,0,0,0,0,0,0,0,0,0
481788,2,1,1990,12,12,12,12,12,12,12,12,12,12
481789,1,1,1990,0,0,0,0,0,0,0,0,0,0
481789,2,1,1990,0,0,0,0,0,0,0,0,0,0
481790,0,1,1990,0,0,0,0,0,0,28,0,0,0
481790,1,1,1990,0,0,12,0,0,0,10,0,9,12
481791,1,1,1990,26,26,26,26,26,26,26,26,26,26
481791,2,1,1990,25,0,5,0,0,0,7,0,0,10
481792,1,1,1990,0,0,0,0,0,0,0,0,0,0
481792,2,1,1990,0,0,0,0,0,0,0,0,0,0
481793,0,1,1990,0,0,0,0,0,0,0,0,0,0
481793,1,1,1990,0,0,0,0,13,0,0,7,0,0
481794,0,1,1990,26,26,26,26,26,26,26,26,26,26
481794,1,1,1990,0,0,0,4,0,0,0,0,0,23
481795,1,1,1990,0,0,0,0,0,0,0,0,0,0
481795,2,1,1990,0,0,0,0,0,0,0,0,0,0
481796,1,1,1990,0,0,0,0,0,0,0,0,0,0
481796,2,1,1990,0,0,0,0,0,0,0,0,0,0
481797,1,1,1990,0,0,0,12,0,0,0,14,0,0
481797,2,1,1990,0,0,0,0,32,0,0,0,0,0
481797,3,1,1990,0,0,0,0,0,0,0,0,0,0
481798,1,1,1990,0,18,0,19,0,0,16,0,7,18
481799,1,1,1990,6,18,4,8,22,12,5,12,8,16
481799,2,1,1990,0,0,19,0,0,0,11,0,0,16
481800,1,1,1990,27,27,27,27,27,27,27,27,27,27
481800,2,1,1990,0,0,0,0,0,0,0,0,0,0
481800,3,1,1990,20,0,6,3,0,10,0,0,0,0
481800,4,1,1990,0,0,0,0,0,0,0,0,0,0
481800,5,1,1990,4,0,0,0,0,0,0,0,0,0
481801,1,1,1990,19,19,21,4,21,15,13,14,18,15
481801,2,1,1990,0,0,25,0,0,0,0,0,0,0
481802,1,1,1990,19,19,19,19,19,19,19,19,19,19
481803,0,1,1990,0,20,18,26,30,30,7,41,0,16
481803,1,1,1990,0,0,0,0,0,0,0,0,0,0
481804,1,1,1990,0,0,0,0,0,0,0,0,0,0
481805,0,1,1990,0,0,0,0,0,0,0,0,0,12
481805,0,2,1990,0,0,0,17,0,17,0,0,0,13
481805,1,1,1990,10,10,10,10,10,10,10,10,10,10
481806,1,1,1990,0,0,0,23,0,0,8,0,0,0
481806,2,1,1990,0,0,37,0,0,0,0,0,23,15
481807,1,1,1990,27,14,16,9,22,24,22,13,18,7
481808,1,1,1990,22,22,22,22,22,22,22,22,22,22
481809,1,1,1990,14,14,14,14,14,14,14,14,14,14
481810,1,1,1990,21,21,21,21,21,21,21,21,21,21
481811,0,1,1990,25,0,0,31,4,0,8,15,9,0
481811,1,1,1990,0,7,0,0,0,0,0,15,13,0
481811,2,1,1990,0,0,0,0,0,0,0,0,0,0
481812,1,1,1990,5,5,5,5,5,5,5,5,5,5
481812,2,1,1990,0,0,0,0,0,0,0,0,0,0
481813,1,1,1990,18,18,18,18,18,18,18,18,18,18
481814,1,1,1990,0,0,0,0,0,0,0,0,0,0
481814,2,1,1990,0,0,0,0,0,0,0,0,0,0
481815,1,1,1990,12,23,8,15,0,12,14,10,25,16
481816,1,1,1990,0,0,0,0,0,0,0,0,0,0
481817,0,1,1990,0,11,0,0,0,4,16,0,0,16
481817,1,1,1990,0,0,0,0,0,0,0,0,0,0
481818,1,1,1990,27,27,27,27,27,27,27,27,27,27
481819,1,1,1990,21,21,21,21,21,21,21,21,21,21
481820,1,1,1990,30,30,30,30,30,30,30,30,30,30
481821,1,1,1990,15,0,15,0,0,16,6,12,0,0
481822,1,1,1990,1,1,1,1,1,1,1,1,1,1
481823,1,1,1990,0,0,0,4,0,0,0,0,0,0
481823,2,1,1990,21,21,21,21,21,21,21,21,21,21
481824,1,1,1990,0,0,0,0,0,0,0,0,0,0
481824,2,1,1990,17,17,16,0,0,4,0,0,24,9
481825,0,1,1990,25,25,25,25,25,25,25,25,25,25
481825,1,1,1990,0,0,0,0,0,0,0,0,0,0
481826,1,1,1990,12,6,19,14,13,11,6,15,4,0
481827,1,1,1990,14,14,14,14,14,14,14,14,14,14
481828,1,1,1990,24,10,14,0,19,0,29,38,19,27
481829,1,1,1990,5,5,5,5,5,5,5,5,5,5
481830,1,1,1990,0,0,0,0,0,0,0,0,0,0
481831,1,1,1990,15,0,0,0,0,0,0,0,0,0
481832,1,1,1990,0,0,0,0,0,0,9,0,0,0
481832,2,1,1990,0,0,0,0,0,0,0,0,0,0
481833,1,1,1990,0,0,0,0,0,0,0,0,0,0
481834,1,1,1990,0,0,0,0,0,0,0,0,0,0
481834,2,1,1990,0,0,0,0,0,0,0,0,0,0
481835,1,1,1990,0,0,0,0,0,0,0,0,0,0
481837,1,1,1990,0,0,0,0,0,0,0,0,0,0
481838,1,1,1990,0,29,0,0,0,9,26,0,0,0
481839,1,1,1990,0,0,0,0,0,0,0,0,0,0
481839,2,1,1990,16,16,16,16,16,16,16,16,16,16
481840,1,1,1990,24,24,24,24,24,24,24,24,24,24
481840,2,1,1990,0,0,0,0,0,0,0,0,0,0
481840,3,1,1990,13,0,0,0,7,0,0,0,0,0
481840,4,1,1990,0,0,0,0,0,0,18,0,0,0
481841,1,1,1990,0,0,0,0,0,0,30,11,0,15
481842,1,1,1990,11,8,8,18,0,17,16,11,0,9
481842,2,1,1990,0,25,0,0,0,0,0,0,0,0
481843,1,1,1990,0,0,0,0,0,0,0,0,0,0
481843,2,1,1990,0,0,0,0,0,0,0,0,0,0
481844,1,1,1990,29,29,29,29,29,29,29,29,29,29
481845,0,1,1990,38,35,16,12,54,6,33,0,12,38
481845,1,1,1990,4,4,4,4,4,4,4,4,4,4
481846,1,1,1990,32,32,32,32,32,32,32,32,32,32
481847,1,1,1990,30,30,30,30,30,30,30,30,30,30
481848,1,1,1990,12,12,12,12,12,12,12,12,12,12
481848,2,1,1990,0,0,0,0,0,0,0,0,0,0
481849,1,1,1990,5,16,0,7,0,14,9,4,23,7
481849,2,1,1990,0,0,12,0,0,10,0,0,0,0
481850,1,1,1990,0,0,0,0,0,0,0,0,0,0
481851,0,1,1990,15,0,0,0,0,26,13,35,14,18
481851,0,2,1990,11,15,25,10,22,42,25,37,0,25
481851,0,3,1990,16,22,23,17,0,19,0,18,0,11
481851,1,1,1990,12,12,12,12,12,12,12,12,12,12
481852,0,1,1990,22,22,22,22,22,22,22,22,22,22
481852,1,1,1990,12,12,12,12,12,12,12,12,12,12
481853,1,1,1990,0,0,0,0,0,0,0,0,0,6
481853,2,1,1990,0,0,0,0,0,0,0,0,0,0
481854,1,1,1990,0,0,0,0,0,0,0,0,0,0
481854,2,1,1990,0,0,0,0,0,0,0,0,0,0
481855,1,1,1990,0,0,0,0,0,0,0,0,0,0
481856,1,1,1990,19,15,0,14,0,48,9,10,0,13
481857,1,1,1990,0,0,0,0,0,0,0,0,0,0
481858,0,1,1990,18,18,18,18,18,18,18,18,18,18
481858,1,1,1990,8,14,15,17,0,18,18,8,0,4
481859,1,1,1990,29,29,29,29,29,29,29,29,29,29
481859,2,1,1990,0,0,0,0,0,0,0,0,0,0
481859,3,1,1990,13,13,13,13,13,13,13,13,13,13
481860,1,1,1990,21,21,21,21,21,21,21,21,21,21
481861,0,1,1990,31,31,31,31,31,31,31,31,31,31
481861,1,1,1990,7,7,7,7,7,7,7,7,7,7
481862,1,1,1990,0,0,0,0,0,0,0,0,0,0
481862,2,1,1990,0,0,0,0,0,0,0,0,0,0
481863,1,1,1990,0,4,9,17,18,0,0,0,0,18
481863,2,1,1990,0,0,0,0,0,0,0,0,0,0
481864,0,1,1990,0,0,0,0,0,0,0,0,0,0
481864,1,1,1990,0,0,0,0,0,0,0,0,0,12
481865,1,1,1990,0,0,0,0,0,0,0,0,0,0
481866,1,1,1990,22,22,22,22,22,22,22,22,22,22
481866,2,1,1990,20,20,20,20,20,20,20,20,20,20
481867,1,1,1990,18,18,18,18,18,18,18,18,18,18
481868,1,1,1990,6,6,6,6,6,6,6,6,6,6
481868,2,1,1990,0,0,0,0,0,0,0,0,0,0
481869,1,1,1990,21,21,21,21,21,21,21,21,21,21
481870,0,1,1990,0,0,0,0,0,0,0,0,0,0
481870,1,1,1990,0,0,0,0,0,0,0,0,0,0
481871,1,1,1990,25,25,25,25,25,25,25,25,25,25
481873,1,1,1990,18,18,18,18,18,18,18,18,18,18
481874,1,1,1990,8,0,0,0,0,0,0,0,0,0
481874,2,1,1990,0,0,0,0,0,0,0,0,0,0
481875,1,1,1990,15,24,14,14,12,14,14,16,18,43
481875,2,1,1990,9,11,9,0,9,20,18,2,0,8
481876,1,1,1990,19,30,0,8,15,30,17,0,18,22
481877,1,1,1990,13,15,16,13,27,14,17,17,0,6
481878,1,1,1990,8,9,21,12,17,9,11,19,21,14
481878,2,1,1990,0,0,0,0,0,0,0,0,0,0
481879,1,1,1990,21,21,21,21,21,21,21,21,21,21
481880,1,1,1990,13,21,16,18,7,19,20,4,0,32
481881,1,1,1990,22,10,14,0,18,0,10,0,11,15
481881,2,1,1990,19,19,19,19,19,19,19,19,19,19
481881,3,1,1990,0,0,0,0,0,0,0,0,0,0
481882,1,1,1990,12,22,8,19,14,48,30,14,10,28
481883,1,1,1990,10,25,3,22,3,24,13,19,15,0
481884,1,1,1990,24,36,7,29,11,31,19,27,34,27
481885,1,1,1990,28,28,28,28,28,28,28,28,28,28
481886,1,1,1990,20,20,20,20,20,20,20,20,20,20
481886,2,1,1990,8,0,0,0,0,0,0,5,0,0
481887,1,1,1990,16,16,16,16,16,16,16,16,16,16
481888,1,1,1990,14,14,14,14,14,14,14,14,14,14
481889,1,1,1990,7,7,7,7,7,7,7,7,7,7
481889,2,1,1990,8,8,8,8,8,8,8,8,8,8
481890,1,1,1990,16,28,19,9,0,21,26,34,0,0
481891,1,1,1990,23,0,22,0,20,0,0,15,22,15
481892,0,1,1990,30,21,20,20,22,34,19,24,17,0
481892,1,1,1990,12,9,21,0,0,0,0,0,0,15
481893,1,1,1990,11,21,6,16,0,19,0,23,0,16
481894,0,1,1990,0,8,0,25,13,0,36,13,9,24
481894,0,2,1990,14,14,14,14,14,14,14,14,14,14
481894,1,1,1990,0,22,0,0,0,0,0,0,28,0
481894,2,1,1990,0,0,10,0,0,0,0,13,7,9
481895,1,1,1990,0,0,0,0,0,6,0,0,0,0
481895,2,1,1990,0,0,0,0,0,0,0,0,0,0
481895,3,1,1990,0,0,5,0,17,0,0,0,16,0
481896,1,1,1990,19,19,19,19,19,19,19,19,19,19
481897,1,1,1990,12,22,19,5,23,25,42,0,20,20
481898,1,1,1990,0,0,0,0,0,0,0,0,0,0
481898,2,1,1990,0,0,0,0,0,0,14,0,0,5
481898,3,1,1990,0,0,13,0,0,0,0,0,0,0
481898,4,1,1990,0,0,0,23,0,11,0,0,0,0
481899,0,1,1990,0,0,0,0,0,0,0,0,0,0
481899,1,1,1990,0,0,0,0,10,0,0,0,0,0
481900,1,1,1990,0,23,0,0,0,0,0,7,0,0
481900,2,1,1990,0,0,0,0,0,0,0,0,0,0
481901,1,1,1990,0,0,0,0,0,0,0,0,0,0
481902,1,1,1990,15,15,23,28,23,16,18,19,0,20
481902,2,1,1990,0,0,0,0,0,0,0,0,0,0
481903,1,1,1990,0,0,0,0,0,0,0,0,0,0
481903,2,1,1990,0,0,0,0,0,0,0,0,0,0
481904,1,1,1990,0,0,0,0,0,0,0,0,0,0