ST_CASE,VEH_NO,PER_NO,YEAR,P1,P2,P3,P4,P5,P6,P7,P8,P9,P10
482174,1,1,1990,3,3,3,3,3,3,3,3,3,3
482174,2,1,1990,22,22,22,22,22,22,22,22,22,22
482175,1,1,1990,12,12,12,12,12,12,12,12,12,12
482176,1,1,1990,0,0,0,0,0,0,0,0,0,0
482177,1,1,1990,18,18,18,18,18,18,18,18,18,18
482178,1,1,1990,24,9,4,25,12,19,17,9,19,0
482179,0,1,1990,13,0,13,31,21,18,11,47,25,17
482179,1,1,1990,7,0,0,0,11,0,0,0,0,4
482180,0,1,1990,12,26,24,31,7,13,26,23,23,14
482180,1,1,1990,9,0,0,0,19,0,0,21,0,6
482181,1,1,1990,27,27,27,27,27,27,27,27,27,27
482182,0,1,1990,0,0,0,16,0,0,0,0,0,0
482182,1,1,1990,11,0,0,0,0,0,10,0,0,0
482183,1,1,1990,9,14,19,6,20,10,12,17,10,6
482184,0,1,1990,29,0,25,17,23,0,17,16,5,10
482184,1,1,1990,15,21,26,20,0,17,0,15,0,22
482185,1,1,1990,16,5,19,18,35,13,28,28,23,21
482186,1,1,1990,2,2,2,2,2,2,2,2,2,2
482187,1,1,1990,13,13,13,13,13,13,13,13,13,13
482188,1,1,1990,0,0,0,0,0,0,0,0,0,0
482189,1,1,1990,0,0,0,0,0,0,9,0,0,0
482189,2,1,1990,0,0,4,0,0,8,0,0,0,0
482190,1,1,1990,0,2,2,0,0,0,16,0,0,0
482190,2,1,1990,0,0,0,0,0,0,0,18,0,0
482191,0,1,1990,0,0,0,0,0,0,0,0,0,0
482191,1,1,1990,0,40,0,0,0,0,0,0,0,20
482192,1,1,1990,0,0,0,0,0,0,0,16,0,8
482192,2,1,1990,29,29,29,29,29,29,29,29,29,29
482193,1,2,1990,32,0,13,18,0,29,23,13,22,0
482194,0,1,1990,33,33,33,33,33,33,33,33,33,33
482194,1,1,1990,0,21,17,17,19,27,37,13,19,0
482195,1,1,1990,0,0,19,26,13,16,0,0,23,0
482196,1,1,1990,18,18,18,18,18,18,18,18,18,18
482197,0,1,1990,28,28,28,28,28,28,28,28,28,28
482197,1,1,1990,0,0,0,0,0,0,0,0,0,0
482198,1,1,1990,0,0,0,0,0,0,0,0,0,0
482198,2,1,1990,0,0,0,0,0,0,0,0,0,0
482199,1,1,1990,0,0,0,0,0,0,0,0,0,0
482199,2,1,1990,0,0,0,0,0,0,5,0,0,0
482200,1,1,1990,0,0,0,0,7,0,9,8,0,0
482200,2,1,1990,0,0,0,0,0,0,0,11,0,0
482200,3,1,1990,0,0,0,23,0,21,0,0,15,0
482201,1,1,1990,0,0,15,0,0,0,0,0,0,0
482201,2,1,1990,0,0,0,0,0,0,0,0,0,0
482202,1,1,1990,0,0,12,0,0,0,0,0,0,0
482202,2,1,1990,0,0,5,0,0,0,0,0,0,0
482203,1,1,1990,0,0,0,0,0,0,0,0,0,0
482203,2,1,1990,0,0,0,0,0,0,0,0,0,0
482204,1,1,1990,0,0,0,0,0,0,0,0,0,0
482204,2,1,1990,18,18,18,18,18,18,18,18,18,18
482205,0,1,1990,0,0,0,0,0,0,0,0,0,0
482205,1,1,1990,0,0,0,0,0,0,10,0,0,0
482206,1,1,1990,0,0,0,0,0,0,0,0,0,0
482206,2,1,1990,0,0,0,0,0,0,0,0,0,0
482207,1,1,1990,14,0,28,12,0,0,16,0,0,12
482207,2,1,1990,17,28,0,0,0,0,0,0,21,14
482208,1,1,1990,0,0,0,0,0,0,0,0,0,9
482208,2,1,1990,0,0,0,0,0,0,0,0,0,0
482208,3,1,1990,0,0,0,0,0,0,0,0,0,0
482209,0,1,1990,0,0,0,0,0,0,0,0,0,0
482209,1,1,1990,0,10,0,7,0,0,0,0,25,9
482209,2,1,1990,0,17,19,0,0,0,0,32,0,16
482210,1,1,1990,0,0,0,0,0,0,0,0,0,0
482210,2,1,1990,0,0,0,0,0,0,0,0,0,0
482211,1,1,1990,0,0,0,0,15,0,0,0,0,0
482211,2,1,1990,0,0,0,0,16,23,0,0,0,0
482211,3,1,1990,0,0,0,0,0,0,0,0,0,0
482212,1,1,1990,0,0,0,0,0,0,19,25,0,31
482213,0,1,1990,17,17,17,17,17,17,17,17,17,17
482213,1,1,1990,0,6,0,0,0,0,0,0,0,0
482214,1,1,1990,0,0,0,9,0,0,11,0,13,0
482214,2,1,1990,0,0,0,0,0,0,0,0,0,0
482214,3,1,1990,0,0,4,0,0,0,8,0,0,0
482215,1,1,1990,0,0,0,0,0,0,0,0,0,0
482215,2,1,1990,0,0,0,0,0,0,0,0,0,0
482216,1,1,1990,0,12,0,0,0,0,0,0,26,0
482217,1,1,1990,0,0,0,0,0,0,0,0,0,0
482218,1,1,1990,0,0,0,0,0,0,0,12,0,27
482218,2,1,1990,0,0,20,0,21,0,0,0,0,0
482219,1,1,1990,9,9,9,9,9,9,9,9,9,9
482220,1,1,1990,17,17,17,17,17,17,17,17,17,17
482221,1,1,1990,18,18,18,18,18,18,18,18,18,18
482222,1,1,1990,0,0,0,0,0,0,0,0,0,0
482222,2,1,1990,0,0,0,0,0,0,0,0,0,0
482222,3,1,1990,0,0,0,0,0,0,0,0,0,0
482223,0,1,1990,0,0,0,16,20,0,0,0,0,0
482223,1,1,1990,0,9,24,0,16,0,11,0,0,0
482224,1,1,1990,0,0,0,0,0,0,0,0,0,11
482224,2,1,1990,0,0,0,0,0,0,0,0,0,0
482225,1,1,1990,0,0,0,0,0,0,0,0,0,0
482225,2,1,1990,0,0,0,0,0,0,0,0,0,0
482226,1,1,1990,0,0,0,0,0,0,13,0,0,0
482226,2,1,1990,0,0,0,0,0,0,0,0,0,0
482227,1,1,1990,0,0,0,0,0,0,0,0,4,0
482228,0,1,1990,16,16,16,16,16,16,16,16,16,16
482228,1,1,1990,27,25,10,17,19,9,0,6,0,30
482229,0,1,1990,10,16,44,24,12,0,31,16,20,20
482229,1,1,1990,0,0,0,0,0,13,0,0,0,27
482230,1,1,1990,25,25,25,25,25,25,25,25,25,25
482231,1,1,1990,0,17,20,0,21,10,0,9,25,6
482232,1,1,1990,0,0,0,0,10,0,0,0,0,0
482232,2,1,1990,0,6,0,0,0,0,0,0,0,0
482233,0,1,1990,20,30,0,23,0,32,23,28,3,27
482233,1,1,1990,0,0,3,0,0,0,0,0,0,0
482234,1,1,1990,29,29,29,29,29,29,29,29,29,29
482234,2,1,1990,0,0,0,0,12,0,0,0,0,0
482235,0,1,1990,29,0,27,0,0,0,0,0,0,0
482235,1,1,1990,0,0,0,17,0,0,0,0,0,0
482236,1,1,1990,0,0,0,0,0,0,0,0,0,0
482236,2,1,1990,9,0,9,20,7,15,14,19,0,22
482237,1,1,1990,22,22,22,22,22,22,22,22,22,22
482237,2,1,1990,0,0,0,0,0,0,16,0,0,5
482238,1,1,1990,26,26,26,26,26,26,26,26,26,26
482239,1,1,1990,0,0,0,0,0,0,0,0,0,0
482239,2,1,1990,23,23,23,23,23,23,23,23,23,23
482240,1,1,1990,17,17,17,17,17,17,17,17,17,17
482241,1,1,1990,13,13,13,13,13,13,13,13,13,13
482242,1,1,1990,4,11,14,24,19,13,8,15,10,28
482243,1,1,1990,6,0,37,20,27,12,20,11,5,20
482244,1,1,1990,4,4,4,4,4,4,4,4,4,4
482244,2,1,1990,0,0,0,0,0,0,0,19,0,0
482244,3,1,1990,35,0,0,0,0,0,0,6,0,0
482245,1,1,1990,0,0,0,10,0,0,0,0,0,0
482246,1,1,1990,0,0,0,0,0,0,0,0,0,0
482247,1,1,1990,0,0,0,0,0,0,27,0,0,9
482248,1,1,1990,0,13,0,0,0,0,0,0,0,0
482249,1,1,1990,0,0,0,0,0,0,0,0,8,0
482249,2,1,1990,0,0,0,0,0,0,0,0,0,0
482249,3,1,1990,4,4,4,4,4,4,4,4,4,4
482249,4,1,1990,0,0,8,0,0,0,0,0,0,0
482250,1,1,1990,0,0,0,0,0,0,0,0,0,0
482250,2,1,1990,2,2,2,2,2,2,2,2,2,2
482251,1,1,1990,0,0,0,0,0,0,0,0,0,9
482251,2,1,1990,17,15,14,45,16,25,21,13,18,15
482252,1,1,1990,0,0,0,0,0,0,0,0,0,0
482252,2,1,1990,0,0,0,0,0,0,0,0,0,0
482253,1,1,1990,12,2,0,0,0,0,0,0,6,0
482253,2,1,1990,0,0,0,0,0,0,0,0,0,0
482254,1,1,1990,22,22,22,22,22,22,22,22,22,22
482255,1,1,1990,6,0,0,2,0,11,28,0,0,0
482256,1,1,1990,11,11,11,11,11,11,11,11,11,11
482257,1,1,1990,0,0,13,0,0,0,0,0,9,14
482258,1,1,1990,12,0,0,0,0,14,0,0,0,0
482258,2,1,1990,0,0,0,0,0,0,0,0,0,0
482258,3,1,1990,0,0,0,0,0,0,0,0,0,0
482259,1,1,1990,0,0,0,0,0,0,0,0,0,0
482260,1,1,1990,22,14,0,0,0,26,0,0,26,30
482261,1,1,1990,0,0,0,0,0,0,0,0,0,0
482262,1,1,1990,0,0,0,0,0,14,0,19,0,0
482262,2,1,1990,0,0,0,0,0,0,0,0,0,0
482263,1,1,1990,14,14,14,14,14,14,14,14,14,14
482264,1,1,1990,44,0,0,0,24,0,0,17,0,0
482264,2,1,1990,0,0,0,0,0,16,0,15,0,0
482265,1,1,1990,0,0,0,0,0,0,0,7,0,0
482265,2,1,1990,0,0,0,0,0,0,0,0,0,0
482266,1,1,1990,0,0,0,0,0,0,0,0,0,0
482267,1,1,1990,0,11,0,0,0,17,0,21,0,8
482267,2,1,1990,17,0,0,0,0,0,0,0,18,11
482267,3,1,1990,0,0,0,0,0,0,0,0,0,0
482268,1,1,1990,3,3,3,3,3,3,3,3,3,3
482268,2,1,1990,0,0,0,0,0,0,0,0,0,0
482269,1,1,1990,17,17,17,17,17,17,17,17,17,17
482270,1,1,1990,17,17,0,17,16,27,14,8,17,19
482271,1,1,1990,0,15,0,0,9,0,0,0,0,0
482271,2,1,1990,0,0,0,0,0,0,0,5,0,0
482272,0,1,1990,32,32,32,32,32,32,32,32,32,32
482272,1,1,1990,0,0,0,0,0,0,0,0,0,0
482273,1,1,1990,19,19,19,19,19,19,19,19,19,19
482274,1,1,1990,15,15,15,15,15,15,15,15,15,15
482274,2,1,1990,10,7,0,0,0,0,11,0,0,0
482275,1,1,1990,0,0,0,0,0,7,0,0,0,0
482275,2,1,1990,0,0,0,0,0,0,0,0,0,0
482276,1,1,1990,18,18,18,18,18,18,18,18,18,18
482277,0,1,1990,0,0,0,0,0,0,0,0,0,0
482277,0,2,1990,0,21,0,15,0,42,44,10,13,20
482277,0,3,1990,0,0,24,14,0,24,8,0,21,0
482277,1,1,1990,6,0,0,17,7,14,0,17,9,3
482278,1,1,1990,1,1,1,1,1,1,1,1,1,1
482278,2,1,1990,1,1,1,1,1,1,1,1,1,1
482278,3,1,1990,0,0,0,0,0,0,0,0,0,0
482279,0,1,1990,16,16,16,16,16,16,16,16,16,16
482279,1,1,1990,6,6,6,6,6,6,6,6,6,6
482280,1,1,1990,0,7,0,0,0,0,19,0,0,0
482280,2,1,1990,0,0,0,0,0,0,0,0,0,0
482281,0,1,1990,30,6,14,25,41,26,24,15,37,0
482281,1,1,1990,19,8,7,0,0,0,0,0,28,28
482281,2,1,1990,0,0,0,0,0,0,0,14,0,0
482281,3,1,1990,8,0,13,0,0,0,7,17,0,23
482281,4,1,1990,17,17,0,19,5,0,10,0,0,0
482282,1,1,1990,0,0,0,0,19,0,0,0,0,0
482283,1,1,1990,12,21,10,0,0,0,14,0,0,0
482284,1,1,1990,0,0,0,0,0,0,0,0,0,0
482285,1,1,1990,0,19,0,0,23,21,0,0,18,0
482286,1,1,1990,9,9,15,0,17,22,0,0,0,0
482287,1,1,1990,30,30,30,30,30,30,30,30,30,30
482288,1,1,1990,0,0,0,0,0,0,0,0,0,0
482288,2,1,1990,8,8,8,8,8,8,8,8,8,8
482289,0,1,1990,0,0,0,0,0,0,0,0,0,0
482289,1,1,1990,0,0,0,0,0,0,0,0,0,0
482290,1,1,1990,0,0,0,0,0,0,0,0,0,0
482290,2,1,1990,0,0,0,0,11,0,0,0,16,0
482291,1,1,1990,0,0,0,0,0,0,0,0,0,0
482291,2,1,1990,0,0,0,0,0,0,0,0,0,0
482292,1,1,1990,0,0,0,0,0,0,0,0,0,0
482292,2,1,1990,0,0,0,0,0,0,0,0,0,0
482293,0,1,1990,27,27,27,27,27,27,27,27,27,27
482293,1,1,1990,24,24,24,24,24,24,24,24,24,24
482293,3,1,1990,9,0,0,8,4,3,0,10,15,7
482293,4,1,1990,0,0,6,0,0,0,0,5,0,0
482294,1,1,1990,23,23,23,23,23,23,23,23,23,23
482295,1,1,1990,20,20,20,20,20,20,20,20,20,20
482296,0,1,1990,0,0,0,0,0,0,0,0,6,0
482296,1,1,1990,14,11,5,6,17,6,18,13,27,18
482297,1,1,1990,15,15,15,15,15,15,15,15,15,15
482298,0,1,1990,27,0,0,18,0,0,0,0,0,0
482298,1,1,1990,0,0,0,0,0,0,0,0,0,0
482299,1,1,1990,25,11,8,21,12,15,21,0,28,9
482299,2,1,1990,28,28,28,28,28,28,28,28,28,28
482300,1,1,1990,24,12,15,17,0,35,13,16,22,25
482301,1,1,1990,1,1,1,1,1,1,1,1,1,1
482301,2,1,1990,0,0,0,8,0,8,0,0,0,7
482302,1,1,1990,14,14,14,14,14,14,14,14,14,14
482303,1,1,1990,22,22,22,22,22,22,22,22,22,22
482304,1,1,1990,40,40,40,40,40,40,40,40,40,40
482305,0,1,1990,15,22,0,6,28,0,13,14,18,0
482305,1,1,1990,0,20,0,19,15,9,16,10,20,15
482305,2,1,1990,0,5,24,0,0,20,36,12,0,0
482306,1,1,1990,16,16,16,16,16,16,16,16,16,16
482307,0,1,1990,0,33,0,0,0,0,0,0,0,0
482307,1,1,1990,24,0,0,0,0,0,0,0,10,0
482308,1,1,1990,0,0,0,0,0,0,0,0,0,0
482309,1,1,1990,19,19,19,19,19,19,19,19,19,19
482310,0,1,1990,0,0,0,0,0,0,0,0,0,0
482310,1,1,1990,0,0,0,0,0,0,0,0,0,0
482311,1,1,1990,21,21,21,21,21,21,21,21,21,21
482312,1,1,1990,0,0,0,0,0,0,0,0,0,0
482312,2,1,1990,0,0,0,0,0,0,0,0,0,0
482313,1,1,1990,0,0,0,0,0,0,0,0,0,0
482313,2,1,1990,0,0,0,0,0,0,0,0,0,0
482314,1,1,1990,0,0,0,0,0,0,0,0,0,0
482314,2,1,1990,0,0,0,0,0,0,0,0,0,0
482315,1,1,1990,0,0,0,0,0,0,0,24,0,0
482315,2,1,1990,0,0,0,0,0,0,0,0,0,0
482315,3,1,1990,9,0,0,0,0,0,0,0,0,0
482316,1,1,1990,8,14,15,12,5,23,23,31,23,17
482317,0,1,1990,4,0,0,0,24,4,10,27,17,41
482317,1,1,1990,0,10,0,0,0,0,0,0,0,0
482318,1,1,1990,19,19,19,19,19,19,19,19,19,19
482318,2,1,1990,0,11,0,0,21,21,0,0,0,16
482319,1,1,1990,24,24,24,24,24,24,24,24,24,24
482320,0,1,1990,0,0,0,0,0,0,0,0,0,0
482320,0,2,1990,0,0,0,0,0,20,0,0,0,0
482320,1,1,1990,0,0,0,0,0,0,0,0,0,0
482321,1,1,1990,0,0,24,0,9,0,0,12,0,0
482321,2,1,1990,0,0,0,0,0,0,0,0,0,0
482322,1,1,1990,0,0,0,0,10,0,0,0,0,0
482322,2,1,1990,0,0,15,6,0,0,0,6,0,0
482323,1,1,1990,13,0,0,0,0,0,0,0,0,0
482323,2,1,1990,0,0,21,0,0,0,0,0,9,7
482324,1,1,1990,30,30,30,30,30,30,30,30,30,30
482325,1,1,1990,25,25,25,25,25,25,25,25,25,25
482326,1,1,1990,22,22,22,22,22,22,22,22,22,22
482327,0,1,1990,0,0,0,0,0,28,0,20,0,0
482327,1,1,1990,0,0,0,0,0,0,0,0,13,0
482328,1,1,1990,0,0,0,0,0,0,0,0,0,0
482328,2,1,1990,0,0,0,0,9,0,0,0,0,0
482329,1,1,1990,0,0,0,0,0,0,0,0,0,0
482329,2,1,1990,0,0,0,0,0,0,0,0,0,0
482330,1,1,1990,19,19,19,19,19,19,19,19,19,19
482331,1,1,1990,0,0,0,0,0,0,0,0,0,0
482332,0,1,1990,0,0,0,0,0,0,0,0,0,0
482332,1,1,1990,22,16,0,0,0,0,0,17,0,0
482333,1,1,1990,20,20,20,20,20,20,20,20,20,20
482334,1,1,1990,19,9,0,13,5,0,15,16,16,9
482334,2,1,1990,0,0,0,9,17,0,4,0,0,10
482335,1,1,1990,17,7,12,0,17,22,17,0,0,0
482336,1,1,1990,26,26,26,26,26,26,26,26,26,26
482336,2,1,1990,0,0,0,0,0,0,0,0,0,0
482337,1,1,1990,0,0,0,0,0,0,13,0,0,0
482338,0,1,1990,0,0,0,0,0,0,0,0,0,0
482338,1,1,1990,0,0,0,0,0,0,0,0,0,0
482339,1,1,1990,15,15,15,15,15,15,15,15,15,15
482340,1,1,1990,18,2,9,13,8,19,0,0,7,0
482341,1,1,1990,11,11,11,11,11,11,11,11,11,11
482341,2,1,1990,9,0,15,24,0,5,15,0,0,15
482342,1,1,1990,15,5,11,26,15,9,0,0,9,0
482343,0,1,1990,22,22,22,22,22,22,22,22,22,22
482343,1,1,1990,0,17,9,17,0,13,13,0,0,0
482344,1,1,1990,0,13,13,22,11,26,0,16,9,39
482345,1,1,1990,7,7,7,7,7,7,7,7,7,7
482345,2,1,1990,0,0,0,0,0,0,0,0,0,0
482346,1,1,1990,0,0,0,0,0,0,0,0,0,0
482346,2,1,1990,0,0,0,0,0,0,0,26,16,29
482347,1,1,1990,21,21,21,21,21,21,21,21,21,21
482347,2,1,1990,10,10,10,10,10,10,10,10,10,10
482347,3,1,1990,0,0,0,0,0,0,0,0,0,0
482348,1,1,1990,7,0,0,0,0,0,0,0,0,0
482349,0,1,1990,20,20,20,20,20,20,20,20,20,20
482349,1,1,1990,9,32,35,0,8,0,0,11,0,0
482350,1,1,1990,19,13,8,26,24,4,25,17,10,16
482350,2,1,1990,0,0,0,0,0,0,0,0,0,0
482351,1,1,1990,7,7,7,7,7,7,7,7,7,7
482351,2,1,1990,0,0,0,0,0,0,0,0,0,0
482352,1,1,1990,25,25,25,25,25,25,25,25,25,25
482353,1,1,1990,22,22,22,22,22,22,22,22,22,22
482354,1,1,1990,12,0,13,0,7,0,0,0,0,8
482354,2,1,1990,0,0,0,0,0,0,0,0,0,0
482355,0,1,1990,18,24,11,0,0,22,11,0,36,22
482355,1,1,1990,0,22,0,0,6,0,22,0,9,7
482356,1,1,1990,20,20,20,20,20,20,20,20,20,20
482357,0,1,1990,0,0,0,21,6,0,49,10,12,26
482357,1,1,1990,0,0,0,0,0,0,0,0,0,0
482357,2,1,1990,30,24,0,0,0,0,0,0,0,0
482357,3,1,1990,0,0,0,0,0,0,0,0,0,11
482358,1,1,1990,15,15,15,15,15,15,15,15,15,15
482358,2,1,1990,0,0,0,0,6,0,0,0,0,0
482359,1,1,1990,0,0,0,0,0,5,0,0,0,0
482360,1,1,1990,14,14,14,14,14,14,14,14,14,14
482361,1,1,1990,17,17,17,17,17,17,17,17,17,17
482362,0,1,1990,11,14,31,38,20,37,0,0,0,21
482362,1,1,1990,0,0,0,0,0,0,0,0,0,0
482363,0,1,1990,15,0,0,15,22,0,0,0,29,8
482363,1,1,1990,0,0,0,8,0,0,13,0,0,0
482364,1,1,1990,18,14,35,21,27,31,13,7,0,18
482365,1,1,1990,18,18,18,18,18,18,18,18,18,18
482365,2,1,1990,3,30,0,0,0,11,0,37,0,22
482365,3,1,1990,0,5,9,9,6,27,13,14,24,0
482365,4,1,1990,16,10,11,0,21,17,15,0,15,23
482365,5,1,1990,26,26,26,26,26,26,26,26,26,26
482366,0,1,1990,0,0,0,0,0,0,0,0,0,0
482366,1,1,1990,16,0,24,0,9,29,23,0,0,27
482367,1,1,1990,19,19,19,19,19,19,19,19,19,19
482368,0,1,1990,0,0,0,0,0,25,0,0,0,0
482368,1,1,1990,18,18,18,18,18,18,18,18,18,18
482370,1,1,1990,9,12,0,0,0,0,0,0,0,0
482370,2,1,1990,0,0,0,0,0,0,0,0,0,0
482371,1,1,1990,26,26,26,26,26,26,26,26,26,26
482371,2,1,1990,0,0,0,0,0,0,0,0,0,0
482372,0,1,1990,0,0,0,18,0,0,0,0,0,0
482372,1,1,1990,0,0,0,0,0,0,0,0,0,0
482373,1,1,1990,0,0,0,0,0,0,0,0,0,0
482374,1,1,1990,0,0,0,0,0,0,0,0,0,0
482375,1,1,1990,0,0,0,0,0,0,0,0,0,0
482375,2,1,1990,0,0,0,0,20,14,0,0,0,0
482376,0,1,1990,20,20,20,20,20,20,20,20,20,20
482376,1,1,1990,9,0,25,0,0,0,0,0,0,22
482377,0,1,1990,23,31,0,0,36,0,17,16,0,25
482377,1,1,1990,25,23,11,18,12,18,15,24,15,20
482378,1,1,1990,0,0,0,0,4,0,0,13,0,0
482378,2,1,1990,14,0,0,12,16,5,17,23,0,6
482378,3,1,1990,8,0,0,0,21,17,0,0,0,0
482379,1,1,1990,0,0,0,13,0,0,0,0,0,0
482380,1,1,1990,0,0,0,0,0,0,0,7,0,0
482380,2,1,1990,1,1,1,1,1,1,1,1,1,1
482381,0,1,1990,0,0,0,0,0,0,0,0,0,0
482381,1,1,1990,0,15,0,0,2,0,0,11,0,31
482382,1,1,1990,31,31,31,31,31,31,31,31,31,31
482383,0,1,1990,0,23,0,0,0,0,0,26,0,0
482383,1,1,1990,0,0,0,17,9,0,10,0,13,4
482384,0,1,1990,24,24,24,24,24,24,24,24,24,24
482384,1,1,1990,0,0,0,0,16,0,0,0,0,0
482384,2,1,1990,0,20,0,16,0,0,16,0,0,20
482385,0,1,1990,0,0,0,0,0,0,0,0,0,0
482385,1,1,1990,0,0,0,0,0,0,0,0,0,0
482386,1,1,1990,29,14,38,11,6,23,16,20,18,19
482387,1,1,1990,0,20,0,0,0,0,0,7,0,0
482387,2,1,1990,11,11,11,11,11,11,11,11,11,11
482387,3,1,1990,13,10,0,0,0,0,20,8,12,0
482387,4,1,1990,6,20,0,0,0,0,0,0,0,7
482388,1,1,1990,4,4,4,4,4,4,4,4,4,4
482388,2,1,1990,17,21,13,0,0,22,10,0,0,22
482389,0,1,1990,0,0,0,0,0,0,0,0,0,0
482389,1,1,1990,0,0,0,0,0,0,0,0,0,0
482390,1,1,1990,37,37,37,37,37,37,37,37,37,37
482391,1,1,1990,7,0,0,0,0,0,0,0,0,0
482391,2,1,1990,0,0,0,0,0,0,0,13,0,0
482392,1,1,1990,8,0,0,16,0,0,6,0,7,0
482393,1,1,1990,0,0,3,0,0,0,0,0,0,0
482393,2,1,1990,0,0,0,0,0,0,0,0,0,0
482394,1,1,1990,0,11,10,0,0,0,0,0,0,0
482395,1,1,1990,14,14,14,14,14,14,14,14,14,14
482396,1,1,1990,0,0,0,0,0,0,0,0,0,0
482396,2,1,1990,0,0,0,0,0,0,0,0,0,0
482397,1,1,1990,11,17,0,22,0,15,0,0,0,21
482398,0,1,1990,24,27,24,0,0,0,0,37,25,14
482398,1,1,1990,15,18,18,27,23,21,19,0,5,16
482399,0,1,1990,0,0,17,0,0,0,0,0,0,0
482399,1,1,1990,0,26,0,0,7,0,0,18,15,22
482400,1,1,1990,23,24,22,16,20,17,21,12,15,21
482401,1,1,1990,0,0,0,0,0,0,0,0,0,0
482402,1,1,1990,21,22,24,7,23,18,23,16,5,16
482403,1,1,1990,0,0,13,0,0,0,0,6,0,0
482403,2,1,1990,0,19,0,0,0,0,0,0,0,17
482404,0,1,1990,0,0,0,0,0,0,0,0,0,0
482404,1,1,1990,7,10,0,0,12,11,0,0,0,0
482404,2,1,1990,0,16,0,0,0,0,17,0,20,0
482405,1,1,1990,32,32,32,32,32,32,32,32,32,32
482406,1,1,1990,0,0,0,0,0,0,0,0,0,0
482406,2,1,1990,0,0,0,0,0,0,0,0,0,0
482407,1,1,1990,25,13,11,15,13,3,0,15,15,0
482408,1,1,1990,12,12,12,12,12,12,12,12,12,12
482408,2,1,1990,0,0,9,0,0,14,0,17,23,27
482409,1,1,1990,0,0,0,0,0,0,0,0,0,0
482409,2,1,1990,0,0,0,0,0,10,0,0,0,0
482410,1,1,1990,0,0,0,0,13,0,0,0,0,0
482411,1,1,1990,19,19,19,19,19,19,19,19,19,19
482411,2,1,1990,0,24,2,23,0,12,0,0,17,0
482412,1,1,1990,30,30,30,30,30,30,30,30,30,30
482412,2,1,1990,0,0,0,0,0,0,0,0,0,0
482413,1,1,1990,0,0,0,0,0,0,0,0,0,0
482413,2,1,1990,0,0,0,0,0,0,0,0,0,0
482413,3,1,1990,0,0,0,0,0,0,0,0,0,0
482414,1,1,1990,15,15,15,15,15,15,15,15,15,15
482415,0,1,1990,4,0,19,14,16,11,9,31,0,0
482415,1,1,1990,0,0,0,5,0,0,0,16,0,0
482416,1,1,1990,14,14,14,14,14,14,14,14,14,14
482417,0,1,1990,0,0,2,0,0,0,8,0,0,0
482417,1,1,1990,0,0,25,9,22,18,10,22,0,0
482418,1,1,1990,1,1,1,1,1,1,1,1,1,1
482418,2,1,1990,0,0,0,0,0,0,0,0,0,0
482419,0,1,1990,19,0,32,0,26,14,18,0,23,13
482419,1,1,1990,0,4,0,4,0,0,0,9,0,0
482420,1,1,1990,9,9,9,9,9,9,9,9,9,9
482420,2,1,1990,15,17,18,21,14,21,34,30,4,18
482421,0,1,1990,0,0,0,0,0,0,0,0,0,0
482421,1,1,1990,10,10,10,10,10,10,10,10,10,10
482422,1,1,1990,10,10,10,10,10,10,10,10,10,10
482423,1,1,1990,26,22,12,21,0,31,16,7,6,0
482424,1,1,1990,29,12,17,9,7,7,14,7,21,22
482425,1,1,1990,18,0,0,0,20,0,24,4,0,0
482425,2,1,1990,27,27,27,27,27,27,27,27,27,27
482426,0,1,1990,0,0,0,0,0,0,0,0,0,0
482426,1,1,1990,7,7,7,7,7,7,7,7,7,7
482427,1,1,1990,23,23,23,23,23,23,23,23,23,23
482428,1,1,1990,15,13,0,0,0,0,0,0,0,0
482428,2,1,1990,0,0,0,0,0,0,0,0,0,0
482428,3,1,1990,0,0,0,0,0,0,0,0,0,0
482429,1,1,1990,0,0,0,0,0,0,0,0,0,0
482430,1,1,1990,22,22,22,22,22,22,22,22,22,22
482431,1,1,1990,2,2,2,2,2,2,2,2,2,2
482431,2,1,1990,0,0,0,24,0,0,0,4,0,0
482432,0,1,1990,28,17,18,30,39,17,20,6,20,16
482432,1,1,1990,0,0,0,0,0,0,0,0,0,0
482433,1,1,1990,0,0,0,0,0,0,0,0,0,0
482434,0,1,1990,0,0,13,0,12,0,13,15,0,30
482434,1,1,1990,0,0,0,0,0,0,0,7,0,0
482434,2,1,1990,19,0,0,0,0,0,0,0,0,18
482435,1,1,1990,0,0,0,0,0,0,0,0,0,0
482436,1,1,1990,15,15,15,15,15,15,15,15,15,15
482437,0,1,1990,0,0,0,0,0,0,0,0,0,0