ST_CASE,VEH_NO,PER_NO,YEAR,P1,P2,P3,P4,P5,P6,P7,P8,P9,P10
510931,2,1,1990,20,0,16,0,0,11,0,0,8,0
510932,0,1,1990,0,0,0,0,0,0,0,0,0,0
510932,1,1,1990,0,0,0,0,0,0,0,0,0,0
510933,1,1,1990,0,0,0,0,0,0,0,0,0,0
510934,1,1,1990,0,0,0,0,0,0,0,0,0,0
510934,2,1,1990,0,0,0,0,0,0,0,0,0,0
510935,0,1,1990,0,0,0,0,0,0,0,0,0,0
510935,1,1,1990,0,0,13,0,0,0,0,9,0,0
510936,1,1,1990,0,0,0,0,0,0,0,0,0,0
510936,2,1,1990,21,21,21,21,21,21,21,21,21,21
510937,1,1,1990,25,25,25,25,25,25,25,25,25,25
510937,2,1,1990,0,10,0,0,19,7,0,8,0,0
510938,1,1,1990,0,0,0,0,0,0,0,0,0,0
510939,1,1,1990,0,0,0,0,0,0,0,0,0,0
510939,2,1,1990,0,0,0,0,0,0,0,0,0,0
510940,1,1,1990,0,0,0,0,0,0,0,0,0,0
510941,1,1,1990,13,13,13,13,13,13,13,13,13,13
510942,1,1,1990,0,0,0,0,0,0,0,0,0,0
510942,2,1,1990,0,0,0,0,0,0,0,0,0,0
510944,1,1,1990,0,19,28,0,16,7,9,15,17,13
510944,2,1,1990,0,10,11,10,0,13,17,11,22,18
510944,3,1,1990,0,11,0,0,0,0,0,23,28,7
510945,1,1,1990,0,0,0,0,0,0,0,0,0,0
510946,1,1,1990,0,0,0,0,0,0,0,0,0,0
510947,0,1,1990,0,0,0,0,0,0,0,0,0,0
510947,1,1,1990,0,17,8,14,12,10,5,38,11,12
510948,1,1,1990,0,0,0,0,0,0,0,0,0,0
510948,2,1,1990,0,0,0,0,0,0,0,0,0,0
510949,1,1,1990,19,19,19,19,19,19,19,19,19,19
510949,2,1,1990,0,0,0,0,0,0,0,9,0,0
510950,1,1,1990,7,7,7,7,7,7,7,7,7,7
510951,1,1,1990,0,0,0,0,0,0,0,0,0,0
510952,1,1,1990,0,0,0,0,0,0,0,0,0,0
510952,2,1,1990,0,0,0,0,0,0,0,0,0,0
510953,1,1,1990,0,0,0,0,0,0,0,0,0,0
510953,2,1,1990,21,0,0,0,0,0,30,17,0,0
510954,0,1,1990,29,29,29,29,29,29,29,29,29,29
510954,1,1,1990,0,0,0,12,0,0,0,0,0,0
510955,1,1,1990,21,21,21,21,21,21,21,21,21,21
510956,1,1,1990,12,12,12,12,12,12,12,12,12,12
510956,2,1,1990,0,0,0,0,0,0,0,0,0,0
510957,1,1,1990,15,15,7,18,0,0,12,10,15,12
510958,1,1,1990,21,20,23,17,12,3,33,20,27,25
510959,1,1,1990,0,0,0,0,0,0,0,0,0,0
510959,2,1,1990,0,0,0,0,0,0,18,0,0,0
510960,1,1,1990,42,42,42,42,42,42,42,42,42,42
510961,0,1,1990,23,23,23,23,23,23,23,23,23,23
510961,1,1,1990,0,0,0,0,0,0,0,0,0,0
510961,2,1,1990,22,0,0,17,0,0,0,0,0,0
510962,1,1,1990,27,27,27,27,27,27,27,27,27,27
510963,0,1,1990,0,0,0,0,0,0,0,0,0,0
510963,1,1,1990,0,0,0,0,0,0,0,0,0,16
510964,1,1,1990,1,1,1,1,1,1,1,1,1,1
510965,1,1,1990,19,19,19,19,19,19,19,19,19,19
510966,1,1,1990,0,0,0,0,0,0,14,0,0,0
510966,2,1,1990,16,0,0,24,0,0,0,11,22,10
510967,0,1,1990,0,0,0,0,0,0,0,0,0,0
510967,1,1,1990,16,0,0,0,0,0,0,0,0,0
510968,1,1,1990,0,0,0,0,0,0,0,0,0,0
510969,1,1,1990,0,0,0,0,0,0,0,0,0,0
510969,2,1,1990,0,0,0,0,0,0,0,0,0,0
510970,1,1,1990,7,27,23,0,26,18,0,26,22,15
510970,2,1,1990,0,0,0,0,0,0,0,0,0,0
510970,3,1,1990,0,0,0,0,0,14,10,0,0,0
510971,0,1,1990,0,0,0,0,0,0,0,0,0,0
510971,1,1,1990,0,0,0,0,0,0,0,0,0,0
510972,1,1,1990,14,9,14,17,20,9,18,10,17,19
510973,1,1,1990,0,0,0,0,0,0,0,0,0,0
510973,2,1,1990,0,0,0,0,0,0,0,0,0,0
510974,1,1,1990,0,0,0,0,0,0,0,0,0,0
510974,2,1,1990,11,19,17,0,13,9,8,8,10,27
510975,1,1,1990,32,32,32,32,32,32,32,32,32,32
510976,1,1,1990,0,0,14,0,0,0,0,0,0,0
510977,1,2,1990,20,20,20,20,20,20,20,20,20,20
510978,1,1,1990,0,0,0,0,0,0,0,0,0,0
510978,2,1,1990,0,0,0,0,0,0,0,0,0,0
510978,3,1,1990,0,0,0,0,0,0,0,0,0,0
510979,1,1,1990,0,0,0,0,0,0,0,0,0,0
510979,2,1,1990,0,0,0,0,0,0,0,0,0,0
510980,1,1,1990,0,0,0,0,0,0,0,0,0,0
510980,2,1,1990,0,0,0,0,0,0,20,0,0,20
510980,3,1,1990,0,0,0,0,0,0,0,0,0,0
510980,4,1,1990,0,0,9,0,0,2,18,0,20,12
510980,5,1,1990,0,0,0,9,0,0,0,24,0,0
510980,6,1,1990,0,0,0,0,9,0,0,0,0,0
510980,7,1,1990,21,0,0,13,11,15,0,0,0,0
530001,1,1,1990,0,0,0,0,0,0,0,0,0,0
530001,2,1,1990,18,18,18,18,18,18,18,18,18,18
530002,1,1,1990,0,0,0,0,0,0,0,0,0,0
530002,2,1,1990,0,0,0,0,0,0,0,0,0,0
530003,1,1,1990,0,0,0,0,0,0,0,0,0,0
530003,2,1,1990,0,0,0,0,0,0,0,0,0,0
530004,1,1,1990,25,25,25,25,25,25,25,25,25,25
530005,1,1,1990,0,0,0,0,0,0,0,0,0,0
530006,1,1,1990,0,0,0,0,0,0,0,0,0,0
530007,1,1,1990,24,24,24,24,24,24,24,24,24,24
530007,2,1,1990,0,0,0,0,0,0,0,0,0,0
530008,1,1,1990,0,0,0,0,0,0,0,2,0,0
530008,2,1,1990,0,0,0,0,0,0,0,0,0,0
530009,1,1,1990,7,7,7,7,7,7,7,7,7,7
530009,2,1,1990,0,0,0,0,0,0,0,0,0,0
530010,1,1,1990,12,12,12,12,12,12,12,12,12,12
530011,1,1,1990,18,18,18,18,18,18,18,18,18,18
530012,1,1,1990,0,0,0,0,0,0,0,0,0,0
530012,2,1,1990,0,0,0,0,0,0,0,0,0,0
530013,1,1,1990,0,4,0,7,0,0,0,0,0,0
530013,2,1,1990,0,10,0,0,0,0,0,0,0,0
530014,1,1,1990,19,19,19,19,19,19,19,19,19,19
530015,1,1,1990,23,23,23,23,23,23,23,23,23,23
530016,1,1,1990,19,19,19,19,19,19,19,19,19,19
530016,2,1,1990,20,0,0,0,0,0,0,0,0,0
530017,1,1,1990,16,16,16,16,16,16,16,16,16,16
530017,2,1,1990,0,0,0,0,0,0,0,0,0,0
530018,1,1,1990,5,5,5,5,5,5,5,5,5,5
530019,1,1,1990,32,32,32,32,32,32,32,32,32,32
530020,1,1,1990,16,16,16,16,16,16,16,16,16,16
530020,2,1,1990,0,0,21,0,0,0,0,0,0,0
530021,1,1,1990,27,27,27,27,27,27,27,27,27,27
530022,1,1,1990,0,15,0,0,0,0,0,0,14,0
530022,2,1,1990,0,0,0,0,0,0,0,0,0,0
530023,0,1,1990,0,0,0,0,0,0,0,0,0,0
530023,1,1,1990,0,0,0,0,0,0,0,0,0,0
530024,0,1,1990,0,0,17,31,0,0,0,13,0,22
530024,0,2,1990,9,16,18,20,37,17,17,4,16,0
530024,1,1,1990,0,0,0,0,0,0,0,0,0,0
530025,0,1,1990,0,0,0,0,0,0,0,0,0,0
530025,1,1,1990,0,0,0,0,0,0,15,0,0,0
530026,1,1,1990,0,15,14,12,0,0,18,21,12,0
530027,0,1,1990,0,0,0,0,0,0,0,0,0,0
530027,1,1,1990,0,0,0,0,0,0,0,0,0,0
530028,1,1,1990,16,16,16,16,16,16,16,16,16,16
530029,1,1,1990,13,13,13,13,13,13,13,13,13,13
530030,0,1,1990,32,36,0,0,21,9,0,39,18,11
530030,1,1,1990,0,0,0,0,0,0,0,0,0,0
530031,0,1,1990,8,15,9,0,0,0,23,15,0,0
530031,1,1,1990,0,0,11,0,3,16,0,13,14,0
530032,1,1,1990,9,9,9,9,9,9,9,9,9,9
530032,2,1,1990,0,0,0,0,0,0,0,0,0,0
530032,3,1,1990,1,1,1,1,1,1,1,1,1,1
530033,1,1,1990,0,0,0,0,0,0,0,0,0,0
530034,1,1,1990,0,0,0,0,0,0,0,0,0,0
530035,1,1,1990,8,8,8,8,8,8,8,8,8,8
530036,1,1,1990,32,32,32,32,32,32,32,32,32,32
530037,0,1,1990,0,0,0,0,0,0,0,0,0,0
530037,1,1,1990,0,0,0,0,0,0,0,0,0,0
530038,0,1,1990,20,0,0,0,0,0,0,0,20,11
530038,1,1,1990,0,27,10,7,20,0,0,0,8,19
530039,1,1,1990,15,15,15,15,15,15,15,15,15,15
530040,1,1,1990,0,0,0,0,0,0,0,0,0,0
530041,0,1,1990,3,3,3,3,3,3,3,3,3,3
530041,1,1,1990,0,7,0,0,13,0,0,0,0,0
530042,1,1,1990,20,20,20,20,20,20,20,20,20,20
530043,1,1,1990,26,26,26,26,26,26,26,26,26,26
530043,2,1,1990,0,0,0,0,0,0,0,0,0,0
530044,0,1,1990,0,0,0,0,0,0,0,0,0,0
530044,1,1,1990,0,0,0,0,0,0,0,0,0,0
530045,1,1,1990,11,11,11,11,11,11,11,11,11,11
530045,2,1,1990,0,0,0,0,0,0,0,0,0,0
530046,1,1,1990,0,0,0,0,0,0,0,0,0,0
530046,2,1,1990,0,0,0,0,0,0,0,0,0,0
530047,1,1,1990,0,0,0,0,0,0,0,0,0,0
530048,1,1,1990,0,0,0,0,0,0,0,0,0,0
530048,2,1,1990,0,0,0,0,0,0,0,0,0,0
530049,0,1,1990,0,0,0,0,0,0,0,0,0,0
530049,1,1,1990,0,0,0,0,0,0,0,0,0,0
530050,1,1,1990,22,22,22,22,22,22,22,22,22,22
530051,1,1,1990,22,22,22,22,22,22,22,22,22,22
530052,1,1,1990,4,4,4,4,4,4,4,4,4,4
530052,2,1,1990,0,0,0,0,0,0,0,0,0,0
530053,1,1,1990,11,11,11,11,11,11,11,11,11,11
530054,1,1,1990,0,0,0,0,0,0,0,0,0,0
530054,2,1,1990,0,0,0,0,0,0,0,0,0,0
530055,1,1,1990,13,13,13,13,13,13,13,13,13,13
530056,1,1,1990,0,0,0,0,0,0,0,0,0,0
530057,1,1,1990,14,14,14,14,14,14,14,14,14,14
530057,2,1,1990,0,0,0,0,0,0,0,0,0,0
530058,1,1,1990,13,13,13,13,13,13,13,13,13,13
530059,1,1,1990,0,0,0,0,0,0,0,0,0,0
530059,2,1,1990,0,0,0,0,0,0,0,0,0,0
530060,1,1,1990,0,0,0,0,0,0,0,0,0,0
530060,2,1,1990,0,0,0,0,0,0,0,0,0,8
530061,1,1,1990,0,0,0,0,0,0,0,0,0,0
530061,2,1,1990,0,0,0,0,0,0,0,0,0,0
530062,1,1,1990,3,7,0,14,24,10,0,29,20,0
530064,0,1,1990,0,0,0,0,0,0,0,0,0,0
530064,1,1,1990,0,0,0,7,0,0,0,0,0,0
530065,1,1,1990,0,0,0,0,0,0,0,0,0,0
530065,2,1,1990,0,0,0,0,0,0,0,0,0,0
530066,1,1,1990,0,0,0,0,0,0,0,0,0,0
530066,2,1,1990,0,0,0,0,0,0,0,0,0,0
530067,1,1,1990,0,0,0,0,0,0,0,0,0,0
530067,2,1,1990,0,0,0,0,0,0,0,0,0,0
530068,0,1,1990,0,0,0,0,0,0,0,0,0,0
530068,1,1,1990,0,0,0,0,0,0,0,0,0,0
530069,1,1,1990,19,19,19,19,19,19,19,19,19,19
530070,1,1,1990,19,19,19,19,19,19,19,19,19,19
530071,1,1,1990,0,0,0,7,0,0,0,0,0,0
530071,2,1,1990,0,0,0,0,0,0,0,0,0,0
530071,3,1,1990,0,7,0,0,0,0,0,0,0,0
530071,4,1,1990,0,0,0,0,0,0,0,0,0,0
530071,5,1,1990,0,0,0,0,0,0,5,0,0,0
530071,6,1,1990,0,0,0,0,0,0,0,0,0,0
530071,7,1,1990,0,0,0,0,0,16,0,0,0,0
530071,8,1,1990,0,0,0,0,0,0,0,0,0,0
530071,9,1,1990,0,0,0,0,0,0,0,0,0,0
530071,10,1,1990,0,0,0,0,0,0,0,0,0,0
530071,11,1,1990,0,0,0,0,0,0,0,0,0,0
530072,1,1,1990,0,0,0,0,0,0,0,0,0,0
530072,2,1,1990,17,0,0,0,0,0,0,0,0,0
530073,1,1,1990,14,14,14,14,14,14,14,14,14,14
530074,1,1,1990,17,17,17,17,17,17,17,17,17,17
530075,1,1,1990,13,13,13,13,13,13,13,13,13,13
530076,1,1,1990,29,29,29,29,29,29,29,29,29,29
530077,1,1,1990,0,0,0,0,0,0,0,0,0,0
530078,0,1,1990,31,31,31,31,31,31,31,31,31,31
530078,1,1,1990,0,0,0,0,0,0,0,0,0,0
530079,0,1,1990,0,0,0,0,0,0,0,0,0,0
530079,1,1,1990,5,5,5,5,5,5,5,5,5,5
530080,1,1,1990,18,18,18,18,18,18,18,18,18,18
530081,1,1,1990,0,0,0,0,0,0,0,0,0,0
530081,2,1,1990,0,0,0,0,0,0,0,0,0,0
530082,0,1,1990,0,0,0,0,0,0,0,0,0,0
530082,1,1,1990,0,2,0,0,0,0,0,0,0,0
530082,2,1,1990,0,0,0,0,0,0,0,0,0,0
530083,0,1,1990,0,0,0,0,0,0,0,0,0,0
530083,1,1,1990,0,0,0,0,0,0,0,0,0,0
530084,1,1,1990,21,21,21,21,21,21,21,21,21,21
530085,1,1,1990,11,11,11,11,11,11,11,11,11,11
530085,2,1,1990,0,0,0,0,0,0,0,0,0,0
530086,1,1,1990,0,0,0,0,0,0,0,0,0,0
530086,2,1,1990,0,0,0,0,0,0,0,0,0,0
530087,1,1,1990,36,36,36,36,36,36,36,36,36,36
530088,1,1,1990,26,26,26,26,26,26,26,26,26,26
530089,1,1,1990,20,20,20,20,20,20,20,20,20,20
530090,1,1,1990,9,0,15,21,32,26,26,0,22,21
530090,2,1,1990,0,0,0,0,0,0,0,0,0,0
530091,1,1,1990,12,12,12,12,12,12,12,12,12,12
530092,1,1,1990,26,26,26,26,26,26,26,26,26,26
530092,2,1,1990,0,0,0,0,0,0,0,0,0,0
530093,1,1,1990,18,18,18,18,18,18,18,18,18,18
530094,1,1,1990,0,0,0,0,0,0,0,0,0,0
530095,1,1,1990,27,27,27,27,27,27,27,27,27,27
530096,0,1,1990,0,0,0,0,0,0,0,0,0,0
530096,1,1,1990,0,0,0,0,0,20,0,0,0,0
530097,1,2,1990,14,19,44,0,0,0,18,7,16,0
530098,1,1,1990,22,22,22,22,22,22,22,22,22,22
530099,1,1,1990,0,0,0,0,0,0,0,0,0,0
530099,2,1,1990,0,0,0,0,0,0,0,0,0,0
530100,1,1,1990,21,21,21,21,21,21,21,21,21,21
530100,2,1,1990,0,0,0,0,0,0,0,0,0,0
530102,1,1,1990,14,14,14,14,14,14,14,14,14,14
530103,0,1,1990,14,14,14,14,14,14,14,14,14,14
530103,1,1,1990,0,10,0,12,0,17,0,0,27,13
530104,1,1,1990,0,0,0,0,0,0,0,0,0,0
530104,2,1,1990,0,0,0,0,0,0,0,0,0,0
530104,3,1,1990,0,0,0,0,0,0,21,0,0,0
530104,4,1,1990,0,0,0,0,0,0,0,0,0,0
530104,5,1,1990,0,0,0,14,0,0,0,0,0,0
530104,6,1,1990,0,0,0,0,0,0,0,0,0,0
530105,1,1,1990,24,24,24,24,24,24,24,24,24,24
530106,1,1,1990,49,30,32,34,28,12,19,34,36,31
530107,1,1,1990,20,20,20,20,20,20,20,20,20,20
530107,2,1,1990,10,10,10,10,10,10,10,10,10,10
530108,1,1,1990,0,0,0,0,0,0,0,0,0,0
530108,2,1,1990,0,0,0,0,0,0,0,0,0,0
530109,1,1,1990,19,19,19,19,19,19,19,19,19,19
530110,1,1,1990,21,21,21,21,21,21,21,21,21,21
530111,1,1,1990,40,40,40,40,40,40,40,40,40,40
530112,1,1,1990,12,12,12,12,12,12,12,12,12,12
530113,1,1,1990,23,23,23,23,23,23,23,23,23,23
530114,1,1,1990,0,0,0,0,0,0,0,0,0,0
530114,2,1,1990,0,0,0,0,0,0,0,0,0,0
530115,1,1,1990,0,10,0,0,0,22,29,9,5,12
530115,2,1,1990,0,0,0,0,0,0,0,0,0,13
530116,1,1,1990,16,16,16,16,16,16,16,16,16,16
530116,2,1,1990,0,0,0,0,0,0,0,18,20,0
530117,1,1,1990,0,0,0,0,0,0,0,0,0,0
530117,2,1,1990,0,0,0,0,0,0,0,0,0,0
530118,1,1,1990,0,0,0,0,0,0,0,0,0,0
530118,2,1,1990,0,0,0,0,0,0,0,0,0,0
530119,1,1,1990,22,22,22,22,22,22,22,22,22,22
530120,1,1,1990,27,27,27,27,27,27,27,27,27,27
530120,2,1,1990,7,7,7,7,7,7,7,7,7,7
530121,1,1,1990,15,0,0,0,0,0,0,0,0,0
530122,1,1,1990,7,7,7,7,7,7,7,7,7,7
530122,2,1,1990,0,0,0,0,0,0,0,0,0,0
530123,1,1,1990,17,17,17,17,17,17,17,17,17,17
530123,2,1,1990,0,0,0,0,0,0,0,0,0,0
530123,3,1,1990,0,0,0,0,0,0,0,0,0,0
530124,1,1,1990,0,0,0,0,0,0,0,0,0,0
530124,2,1,1990,0,0,0,0,0,0,0,0,0,0
530125,1,1,1990,0,0,0,0,0,0,0,0,0,0
530125,2,1,1990,0,0,0,0,0,0,0,0,0,0
530126,0,1,1990,15,15,15,15,15,15,15,15,15,15
530126,1,1,1990,0,0,0,0,0,0,0,0,0,0
530127,1,1,1990,0,0,0,0,0,0,0,0,0,0
530128,1,1,1990,8,8,8,8,8,8,8,8,8,8
530129,1,1,1990,20,20,20,20,20,20,20,20,20,20
530130,1,1,1990,22,9,18,21,13,12,18,6,12,23
530131,1,1,1990,1,1,1,1,1,1,1,1,1,1
530132,1,1,1990,20,20,20,20,20,20,20,20,20,20
530133,1,1,1990,5,5,5,5,5,5,5,5,5,5
530133,2,1,1990,4,4,4,4,4,4,4,4,4,4
530134,1,1,1990,12,12,12,12,12,12,12,12,12,12
530135,1,1,1990,19,19,19,19,19,19,19,19,19,19
530136,1,1,1990,0,0,0,0,0,0,0,0,0,0
530137,1,1,1990,0,0,0,0,0,0,0,0,0,0
530137,2,1,1990,0,0,0,0,0,0,0,0,0,0
530138,1,1,1990,24,24,24,24,24,24,24,24,24,24
530138,2,1,1990,0,0,0,0,0,0,0,0,0,0
530138,3,1,1990,0,0,0,0,0,0,0,0,0,0
530139,1,1,1990,0,0,0,0,0,0,0,0,0,0
530139,2,1,1990,0,0,0,0,0,5,0,0,0,0
530140,1,1,1990,15,15,15,15,15,15,15,15,15,15
530141,1,1,1990,0,0,0,0,0,0,0,0,0,0
530141,2,1,1990,0,0,0,0,0,0,0,0,0,0
530142,1,1,1990,19,19,19,19,19,19,19,19,19,19
530143,1,1,1990,17,17,17,17,17,17,17,17,17,17
530144,1,1,1990,17,17,17,17,17,17,17,17,17,17
530145,1,1,1990,14,14,14,14,14,14,14,14,14,14
530146,1,1,1990,0,0,0,0,0,0,0,0,0,0
530146,2,1,1990,0,0,0,0,0,0,0,0,0,0
530147,1,1,1990,0,0,0,0,0,0,0,0,0,0
530148,1,1,1990,38,38,38,38,38,38,38,38,38,38
530148,2,1,1990,0,0,0,0,0,0,0,0,0,0
530149,1,1,1990,0,0,0,0,0,0,0,0,0,0
530149,2,1,1990,0,0,0,0,0,0,0,0,0,0
530149,3,1,1990,0,0,0,0,0,0,0,0,0,0
530150,1,1,1990,13,13,13,13,13,13,13,13,13,13
530151,1,1,1990,20,20,20,20,20,20,20,20,20,20
530152,0,1,1990,22,22,22,22,22,22,22,22,22,22
530152,1,1,1990,0,0,0,0,0,0,0,0,0,0
530153,1,1,1990,22,22,22,22,22,22,22,22,22,22
530154,1,1,1990,17,17,17,17,17,17,17,17,17,17
530154,2,1,1990,0,0,0,0,0,0,0,0,0,0
530155,1,1,1990,0,0,0,0,0,21,0,0,0,0
530156,0,1,1990,0,0,0,0,0,0,0,0,0,0
530156,1,1,1990,0,0,0,0,0,0,0,0,0,0
530157,0,1,1990,0,0,0,0,0,0,0,0,0,0
530157,1,1,1990,0,0,0,0,0,0,0,0,0,0
530158,1,1,1990,25,25,25,25,25,25,25,25,25,25
530159,1,1,1990,0,23,0,0,0,0,20,0,0,0
530159,2,1,1990,12,12,12,12,12,12,12,12,12,12
530160,0,1,1990,32,32,32,32,32,32,32,32,32,32
530160,1,1,1990,34,34,34,34,34,34,34,34,34,34
530161,1,1,1990,13,13,13,13,13,13,13,13,13,13
530162,1,1,1990,0,0,0,0,0,0,0,0,0,0
530162,2,1,1990,0,0,0,0,0,0,0,0,0,0
530163,1,1,1990,15,0,18,13,23,0,11,30,12,27
530163,2,1,1990,0,0,0,0,0,0,0,0,0,0
530164,1,1,1990,8,8,8,8,8,8,8,8,8,8
530165,1,1,1990,21,21,21,21,21,21,21,21,21,21
530166,1,1,1990,9,9,9,9,9,9,9,9,9,9
530167,1,1,1990,14,14,14,14,14,14,14,14,14,14
530168,1,1,1990,0,0,0,0,0,0,0,0,0,0
530169,1,1,1990,1,1,1,1,1,1,1,1,1,1
530169,2,1,1990,0,0,13,7,0,0,0,0,0,0
530170,1,1,1990,11,11,11,11,11,11,11,11,11,11
530172,1,1,1990,23,23,23,23,23,23,23,23,23,23
530173,0,1,1990,0,0,0,0,0,0,0,0,0,0
530173,1,1,1990,0,0,0,12,0,0,0,22,3,23
530174,1,1,1990,0,0,0,0,0,0,0,0,0,0
530175,1,1,1990,0,0,0,0,0,0,0,0,0,0
530175,2,1,1990,0,0,0,0,0,0,0,0,0,0
530176,1,1,1990,20,20,20,20,20,20,20,20,20,20
530177,1,1,1990,0,0,0,0,0,0,0,0,0,0
530177,2,1,1990,0,0,0,0,0,0,0,0,0,0
530179,1,1,1990,18,18,18,18,18,18,18,18,18,18
530179,2,1,1990,0,0,0,0,0,0,0,0,0,0
530179,3,1,1990,0,0,19,0,0,0,0,0,0,0
530179,4,1,1990,0,0,0,0,0,8,0,0,0,0
530180,1,1,1990,22,22,22,22,22,22,22,22,22,22
530181,1,1,1990,26,26,26,26,26,26,26,26,26,26
530182,1,1,1990,0,0,0,0,0,0,0,0,0,0
530183,1,1,1990,0,0,0,24,0,0,0,0,10,0
530184,1,1,1990,0,0,0,0,0,0,0,0,0,0
530185,1,1,1990,0,0,0,0,0,0,0,0,0,0
530185,2,1,1990,0,0,0,0,0,0,0,0,4,0
530186,1,1,1990,24,24,24,24,24,24,24,24,24,24
530187,1,1,1990,14,14,14,14,14,14,14,14,14,14
530187,2,1,1990,0,0,0,0,0,0,0,0,0,0
530188,1,1,1990,0,0,0,0,0,0,0,0,0,0
530189,1,1,1990,0,0,0,0,0,0,0,0,0,0
530189,2,1,1990,0,0,0,0,0,0,0,0,0,0
530190,1,1,1990,0,0,0,0,0,0,0,16,0,0
530190,2,1,1990,0,0,0,0,0,0,0,0,0,0
530191,1,1,1990,0,0,0,0,0,0,0,0,0,0
530191,2,1,1990,0,0,0,0,0,0,0,0,0,0
530192,1,1,1990,1,1,1,1,1,1,1,1,1,1
530193,1,1,1990,2,2,2,2,2,2,2,2,2,2
530194,1,1,1990,18,18,18,18,18,18,18,18,18,18
530195,1,1,1990,0,0,0,0,0,0,0,0,0,0
530196,1,1,1990,8,8,8,8,8,8,8,8,8,8
530197,1,1,1990,28,28,28,28,28,28,28,28,28,28
530198,1,1,1990,15,15,15,15,15,15,15,15,15,15
530199,1,1,1990,10,10,10,10,10,10,10,10,10,10
530199,2,1,1990,21,21,21,21,21,21,21,21,21,21
530199,3,1,1990,0,0,0,10,0,0,0,0,0,0
530200,1,1,1990,18,18,18,18,18,18,18,18,18,18
530200,2,1,1990,0,0,0,0,0,0,0,0,0,0
530201,1,1,1990,21,21,21,21,21,21,21,21,21,21
530202,1,1,1990,0,16,0,0,0,0,0,0,0,0
530202,2,1,1990,0,0,0,0,0,0,0,0,0,0
530203,1,1,1990,5,5,5,5,5,5,5,5,5,5
530204,1,1,1990,20,20,20,20,20,20,20,20,20,20
530205,1,1,1990,24,24,24,24,24,24,24,24,24,24
530206,0,1,1990,0,0,0,0,0,0,0,0,0,0
530206,1,1,1990,0,0,0,0,0,0,0,0,0,0
530207,1,1,1990,10,10,10,10,10,10,10,10,10,10
530207,2,1,1990,5,5,5,5,5,5,5,5,5,5
530208,1,1,1990,0,0,0,0,0,0,0,0,0,0
530208,2,1,1990,0,0,0,0,0,0,0,0,0,0
530209,1,1,1990,14,14,14,14,14,14,14,14,14,14
530211,0,1,1990,29,29,29,29,29,29,29,29,29,29
530211,1,1,1990,26,26,26,26,26,26,26,26,26,26
530212,1,1,1990,14,14,14,14,14,14,14,14,14,14
530212,2,1,1990,10,10,10,10,10,10,10,10,10,10
530213,1,1,1990,15,15,15,15,15,15,15,15,15,15
530213,2,1,1990,0,0,0,0,0,0,0,0,0,0
530214,1,1,1990,0,0,0,0,0,0,0,0,0,0
530214,2,1,1990,0,0,0,0,0,0,0,0,0,0
530214,3,1,1990,0,0,0,0,0,0,0,0,0,0
530215,1,1,1990,0,0,0,0,0,0,0,0,0,0
530216,1,1,1990,0,0,0,0,0,0,0,0,0,0
530217,1,1,1990,0,0,0,0,0,0,0,0,0,0
530217,2,1,1990,24,24,24,24,24,24,24,24,24,24
530218,0,1,1990,0,0,0,0,0,0,0,0,0,0
530218,1,1,1990,0,0,0,0,0,0,0,0,0,0
530219,0,1,1990,0,0,0,0,0,0,0,17,0,0
530219,1,1,1990,0,0,0,0,0,0,9,0,0,0
530220,1,1,1990,19,19,19,19,19,19,19,19,19,19
530221,1,1,1990,17,17,17,17,17,17,17,17,17,17
530223,1,1,1990,0,0,0,0,0,0,0,0,0,0
530223,2,1,1990,0,0,0,0,0,0,0,0,0,0
530224,1,1,1990,20,20,20,20,20,20,20,20,20,20
530225,1,1,1990,9,0,0,0,0,0,0,0,0,20
530225,2,1,1990,0,0,0,0,0,0,0,0,0,0
530226,1,1,1990,20,20,20,20,20,20,20,20,20,20
530227,1,1,1990,0,0,0,0,0,0,0,0,0,0
530228,1,2,1990,0,0,0,0,0,0,0,0,0,0
530229,0,1,1990,0,0,0,0,0,0,0,0,0,0
530229,1,1,1990,0,0,0,0,0,10,0,0,0,0
530230,0,1,1990,0,0,0,0,0,0,0,0,0,0
530230,1,1,1990,0,0,0,0,0,0,0,0,0,0
530231,1,1,1990,0,0,0,0,0,0,0,0,0,0
530231,2,1,1990,0,0,0,0,0,0,0,0,0,0
530232,0,1,1990,18,18,18,18,18,18,18,18,18,18
530232,1,1,1990,0,6,0,0,0,0,11,0,0,9
530233,1,1,1990,21,21,21,21,21,21,21,21,21,21
530234,1,1,1990,11,11,11,11,11,11,11,11,11,11
530235,1,1,1990,6,6,6,6,6,6,6,6,6,6
530235,2,1,1990,0,0,0,0,0,0,0,0,0,0