ST_CASE,VEH_NO,PER_NO,YEAR,P1,P2,P3,P4,P5,P6,P7,P8,P9,P10
62599,1,1,1990,0,0,0,0,0,0,0,0,0,0
62600,0,1,1990,0,0,0,0,0,0,0,0,0,0
62600,1,1,1990,0,0,0,0,0,0,0,0,0,0
62601,1,1,1990,0,0,0,0,0,0,0,0,0,0
62602,0,1,1990,0,0,0,0,0,0,0,0,0,0
62602,1,1,1990,31,0,0,0,0,0,0,0,0,0
62603,0,1,1990,20,20,20,20,20,20,20,20,20,20
62603,1,1,1990,0,0,11,0,27,12,0,0,0,7
62604,1,1,1990,0,0,0,0,0,0,0,0,0,0
62605,1,1,1990,0,13,0,0,0,0,9,0,0,0
62606,1,1,1990,0,0,0,0,0,0,0,0,0,0
62606,3,1,1990,0,0,0,0,0,0,0,0,0,0
62607,1,1,1990,16,8,0,19,0,15,0,22,0,0
62608,1,1,1990,9,9,9,9,9,9,9,9,9,9
62608,2,1,1990,0,0,0,0,0,0,0,0,0,0
62609,1,1,1990,29,0,0,8,22,0,0,0,15,0
62610,0,1,1990,0,0,0,0,0,0,0,0,0,0
62610,1,1,1990,0,0,0,0,0,0,0,0,0,0
62611,1,1,1990,0,0,0,0,0,0,0,0,0,0
62612,0,1,1990,0,0,0,0,0,0,0,0,0,0
62612,1,1,1990,3,0,0,0,0,0,0,0,0,0
62613,1,1,1990,0,0,0,0,0,0,0,0,0,0
62614,1,1,1990,0,0,0,0,0,0,0,0,0,0
62614,2,1,1990,0,0,0,0,0,0,0,0,0,0
62615,1,1,1990,0,0,0,0,0,0,0,0,0,0
62616,0,1,1990,0,0,0,0,0,0,0,0,0,0
62616,1,1,1990,0,0,0,0,0,0,0,0,12,0
62617,1,1,1990,0,0,0,0,0,0,0,0,0,0
62618,0,1,1990,0,0,0,0,0,0,0,0,0,0
62618,1,1,1990,0,0,0,0,0,0,0,0,0,0
62619,0,1,1990,29,24,22,14,27,24,18,19,18,24
62619,1,1,1990,0,10,22,0,15,19,0,0,0,0
62620,1,1,1990,1,1,1,1,1,1,1,1,1,1
62621,1,1,1990,10,13,0,10,14,11,19,9,23,20
62622,1,1,1990,12,12,12,12,12,12,12,12,12,12
62623,1,1,1990,0,0,0,0,0,0,0,0,0,0
62624,1,1,1990,11,11,11,11,11,11,11,11,11,11
62625,0,1,1990,35,35,35,35,35,35,35,35,35,35
62625,1,1,1990,3,3,3,3,3,3,3,3,3,3
62625,2,1,1990,11,0,0,14,15,27,12,20,0,23
62626,1,1,1990,22,22,22,22,22,22,22,22,22,22
62627,1,1,1990,0,0,0,0,0,0,0,0,0,0
62628,1,1,1990,0,0,0,0,0,0,0,0,0,0
62628,2,1,1990,0,0,0,0,0,0,0,0,0,0
62629,1,1,1990,26,26,26,26,26,26,26,26,26,26
62630,1,1,1990,15,15,15,15,15,15,15,15,15,15
62630,2,1,1990,0,0,0,0,0,0,0,0,0,0
62631,1,1,1990,14,14,14,14,14,14,14,14,14,14
62632,1,1,1990,0,0,0,0,0,0,0,0,0,0
62633,0,1,1990,0,0,0,0,0,0,0,0,0,0
62633,1,1,1990,0,0,0,0,0,0,12,0,0,12
62634,1,1,1990,0,0,0,0,0,0,0,0,0,0
62634,2,1,1990,0,0,0,0,0,0,0,0,0,0
62635,1,1,1990,0,0,0,0,0,0,0,0,0,0
62635,2,1,1990,0,0,0,0,0,0,0,0,0,0
62636,1,1,1990,0,0,0,0,0,0,0,0,0,0
62637,1,1,1990,0,0,0,0,0,0,0,0,0,0
62638,1,1,1990,20,20,20,20,20,20,20,20,20,20
62639,1,1,1990,0,0,0,0,0,0,0,0,21,0
62640,1,1,1990,0,0,0,0,0,0,0,0,0,0
62640,2,1,1990,15,15,15,15,15,15,15,15,15,15
62641,1,1,1990,0,0,0,0,0,0,0,0,0,0
62641,2,1,1990,18,18,18,18,18,18,18,18,18,18
62642,1,1,1990,4,4,4,4,4,4,4,4,4,4
62642,2,1,1990,0,0,0,0,0,0,0,0,0,0
62643,0,1,1990,0,0,0,0,0,0,0,0,0,0
62643,1,1,1990,0,0,0,0,0,0,0,0,0,0
62644,0,1,1990,23,23,23,23,23,23,23,23,23,23
62644,1,1,1990,0,0,0,0,0,0,0,0,0,0
62645,0,1,1990,2,2,2,2,2,2,2,2,2,2
62645,1,1,1990,13,10,9,0,0,0,22,0,19,0
62646,1,1,1990,0,0,0,0,0,0,0,0,0,0
62646,2,1,1990,0,0,0,0,0,0,0,0,0,0
62647,2,1,1990,0,0,0,0,0,0,0,0,0,0
62648,1,1,1990,13,13,13,13,13,13,13,13,13,13
62649,1,1,1990,11,12,12,26,0,9,24,25,24,17
62650,0,1,1990,0,0,0,0,0,0,0,0,0,0
62650,1,1,1990,0,6,0,0,0,6,0,20,11,10
62651,0,1,1990,13,13,13,13,13,13,13,13,13,13
62651,1,1,1990,0,0,0,0,0,0,0,0,0,27
62652,1,1,1990,2,2,2,2,2,2,2,2,2,2
62653,1,1,1990,12,12,12,12,12,12,12,12,12,12
62654,0,1,1990,0,0,0,0,0,0,0,0,0,0
62654,0,2,1990,16,23,12,24,16,0,18,28,12,12
62654,1,1,1990,18,15,0,19,18,18,18,12,3,11
62655,1,1,1990,19,19,19,19,19,19,19,19,19,19
62656,1,1,1990,14,14,14,14,14,14,14,14,14,14
62657,1,1,1990,0,0,0,0,0,0,0,6,0,0
62658,1,1,1990,0,0,0,0,0,0,0,0,0,0
62659,1,1,1990,0,0,0,0,0,0,0,0,0,0
62659,2,1,1990,0,0,0,0,0,0,0,0,0,0
62660,1,1,1990,8,8,8,8,8,8,8,8,8,8
62661,1,1,1990,0,0,0,0,0,0,0,0,0,0
62662,0,1,1990,0,0,0,0,0,0,0,0,0,0
62662,1,1,1990,0,0,0,0,0,0,0,0,0,0
62663,1,1,1990,0,4,23,12,0,0,0,0,0,7
62663,2,1,1990,12,12,12,12,12,12,12,12,12,12
62664,1,1,1990,18,18,18,18,18,18,18,18,18,18
62664,2,1,1990,0,0,0,0,0,0,0,0,0,0
62665,1,1,1990,0,0,0,0,0,0,0,0,0,0
62666,1,1,1990,33,33,33,33,33,33,33,33,33,33
62667,1,1,1990,26,26,26,26,26,26,26,26,26,26
62668,1,1,1990,16,16,16,16,16,16,16,16,16,16
62668,2,1,1990,0,0,0,0,0,0,0,0,0,0
62669,1,1,1990,15,15,15,15,15,15,15,15,15,15
62670,1,1,1990,11,11,11,11,11,11,11,11,11,11
62671,1,1,1990,0,0,0,0,0,0,0,0,0,0
62672,1,1,1990,0,11,33,18,10,8,19,4,25,16
62672,2,1,1990,0,0,0,0,0,0,0,0,0,0
62673,0,1,1990,0,0,0,0,0,0,0,0,0,0
62673,1,1,1990,11,3,6,24,0,8,3,0,12,10
62674,1,1,1990,0,0,0,0,0,0,0,0,0,0
62675,0,1,1990,0,0,0,0,0,0,0,0,0,0
62675,1,1,1990,0,0,0,0,0,0,0,0,0,0
62676,1,1,1990,21,21,21,21,21,21,21,21,21,21
62677,1,1,1990,0,0,0,0,0,0,0,0,0,0
62678,1,1,1990,0,0,0,0,0,0,0,0,0,0
62678,2,1,1990,0,0,0,10,7,0,0,0,0,0
62679,1,1,1990,22,0,9,0,0,0,0,17,0,0
62680,1,1,1990,13,13,13,13,13,13,13,13,13,13
62681,0,1,1990,14,0,0,33,14,26,0,0,11,0
62681,1,1,1990,0,0,0,0,0,0,22,0,0,0
62682,1,1,1990,0,0,0,0,0,17,0,0,0,0
62683,1,1,1990,20,20,20,20,20,20,20,20,20,20
62683,2,1,1990,0,0,0,0,0,0,0,0,0,0
62684,1,1,1990,16,16,16,16,16,16,16,16,16,16
62684,2,1,1990,0,0,0,0,0,0,0,0,0,0
62685,1,1,1990,0,0,0,0,0,0,0,0,0,0
62685,2,1,1990,0,0,3,0,0,0,0,0,0,0
62686,1,1,1990,25,25,25,25,25,25,25,25,25,25
62687,1,1,1990,19,9,18,18,20,0,21,6,18,0
62687,2,1,1990,0,25,0,0,0,15,0,0,27,8
62688,1,1,1990,18,18,18,18,18,18,18,18,18,18
62688,2,1,1990,16,16,16,16,16,16,16,16,16,16
62689,1,1,1990,9,9,9,9,9,9,9,9,9,9
62690,1,2,1990,0,18,22,0,18,0,0,33,0,29
62691,0,1,1990,0,0,0,0,0,0,0,0,0,0
62691,0,2,1990,0,0,0,0,0,0,0,0,0,0
62691,1,1,1990,19,18,11,9,19,8,16,10,22,29
62691,2,1,1990,0,0,0,31,0,20,0,0,0,0
62691,3,1,1990,0,0,5,0,0,0,0,0,0,5
62691,4,1,1990,0,0,0,0,0,0,0,0,0,0
62691,5,1,1990,0,0,0,16,10,0,0,6,0,0
62692,1,1,1990,15,18,11,48,0,0,14,16,15,12
62692,2,1,1990,0,0,0,0,0,0,0,0,0,0
62693,1,1,1990,0,0,0,0,0,0,0,0,0,0
62694,1,1,1990,11,36,18,11,11,9,0,10,9,16
62694,2,1,1990,0,0,0,0,0,0,0,0,0,0
62695,1,1,1990,4,4,4,4,4,4,4,4,4,4
62696,0,1,1990,38,38,38,38,38,38,38,38,38,38
62696,1,1,1990,0,8,10,0,8,16,22,16,20,0
62697,1,1,1990,8,8,8,8,8,8,8,8,8,8
62698,1,1,1990,0,0,0,0,0,0,0,0,0,0
62698,2,1,1990,0,0,0,0,12,0,10,0,10,0
62698,3,1,1990,0,0,0,0,0,0,0,0,0,0
62699,0,1,1990,0,0,0,0,0,0,0,27,0,22
62699,2,1,1990,0,0,0,0,0,0,0,0,0,0
62700,0,1,1990,0,0,0,0,0,0,0,0,0,0
62700,1,1,1990,0,0,0,0,0,0,0,0,4,0
62701,0,1,1990,0,0,0,0,0,0,0,0,0,0
62701,1,1,1990,34,0,0,13,14,0,0,0,0,0
62702,1,1,1990,0,0,0,0,0,0,0,0,0,0
62702,2,1,1990,0,0,0,0,0,0,0,0,0,0
62703,1,1,1990,0,0,0,0,0,0,0,0,0,0
62703,2,1,1990,0,0,0,0,0,0,21,0,0,0
62703,3,1,1990,0,0,0,0,0,0,0,0,0,0
62704,1,1,1990,7,7,7,7,7,7,7,7,7,7
62705,1,1,1990,0,0,0,0,0,0,0,0,0,0
62705,2,1,1990,0,0,0,0,0,0,0,0,0,0
62706,0,1,1990,0,0,0,0,0,0,0,0,0,0
62706,1,1,1990,0,0,0,0,0,0,0,0,0,0
62707,1,1,1990,0,0,0,0,0,0,0,0,0,0
62707,2,1,1990,12,6,0,0,0,0,5,0,0,0
62708,1,1,1990,14,14,14,14,14,14,14,14,14,14
62709,1,1,1990,0,0,0,0,0,0,0,0,4,0
62710,1,1,1990,0,0,0,0,0,0,0,0,0,0
62710,2,1,1990,0,0,0,0,0,0,0,0,0,0
62711,1,1,1990,20,12,21,0,15,6,10,9,16,18
62712,1,1,1990,0,0,0,0,0,0,0,0,0,0
62713,1,1,1990,9,9,9,9,9,9,9,9,9,9
62714,0,1,1990,0,0,4,0,0,13,14,0,7,0
62714,1,1,1990,0,0,0,0,0,0,0,0,0,0
62715,1,1,1990,0,0,0,0,0,0,0,0,0,0
62715,2,1,1990,0,0,0,0,0,0,0,0,0,0
62716,1,1,1990,0,0,0,0,0,0,0,0,0,0
62717,1,1,1990,0,0,0,0,0,0,17,0,0,0
62718,1,1,1990,23,23,23,23,23,23,23,23,23,23
62719,1,1,1990,0,0,0,0,0,0,0,0,0,0
62719,2,1,1990,0,0,0,0,0,0,0,0,0,0
62720,1,1,1990,3,3,3,3,3,3,3,3,3,3
62720,2,1,1990,0,0,0,0,0,0,0,0,0,0
62721,0,1,1990,0,0,0,0,0,0,0,0,0,0
62721,1,1,1990,19,9,8,0,21,24,17,0,17,0
62722,0,1,1990,27,27,27,27,27,27,27,27,27,27
62722,1,1,1990,0,0,0,7,0,5,17,22,11,11
62723,1,1,1990,0,0,0,0,0,0,0,0,0,0
62724,1,1,1990,21,21,21,21,21,21,21,21,21,21
62725,1,1,1990,17,17,17,17,17,17,17,17,17,17
62726,1,1,1990,18,18,18,18,18,18,18,18,18,18
62727,1,1,1990,20,20,20,20,20,20,20,20,20,20
62728,1,1,1990,18,18,18,18,18,18,18,18,18,18
62728,2,1,1990,6,6,6,6,6,6,6,6,6,6
62729,1,1,1990,3,3,3,3,3,3,3,3,3,3
62730,1,1,1990,0,0,0,0,0,0,0,0,0,0
62730,2,1,1990,0,0,0,0,11,0,0,0,0,0
62731,0,1,1990,0,0,0,8,0,15,0,0,0,0
62731,0,2,1990,0,0,0,0,0,0,0,0,0,0
62731,0,3,1990,0,0,0,0,0,0,0,0,0,0
62731,1,1,1990,0,0,0,0,0,8,0,0,10,0
62732,1,1,1990,0,0,0,0,0,0,0,0,0,0
62732,2,1,1990,0,0,0,0,0,16,0,0,0,0
62733,1,1,1990,1,1,1,1,1,1,1,1,1,1
62734,0,1,1990,0,0,0,0,0,0,0,0,0,0
62734,1,1,1990,0,0,0,0,0,0,0,0,0,0
62735,0,1,1990,0,0,0,0,0,0,0,0,0,0
62735,1,1,1990,0,0,0,0,0,0,0,0,0,0
62735,2,1,1990,0,0,0,0,0,0,0,0,0,0
62736,0,1,1990,0,0,0,0,0,0,0,0,0,0
62736,1,1,1990,0,0,0,0,0,0,0,0,0,0
62737,1,1,1990,0,0,0,0,0,0,0,0,0,0
62737,2,1,1990,0,0,0,0,0,0,0,0,0,0
62738,2,1,1990,0,0,0,0,0,0,0,0,7,0
62738,3,1,1990,0,0,0,0,0,0,0,0,0,7
62739,1,1,1990,0,0,0,0,0,0,0,0,0,0
62740,1,1,1990,15,15,15,15,15,15,15,15,15,15
62740,2,1,1990,0,0,0,10,0,9,0,0,15,0
62741,0,1,1990,0,0,0,0,0,0,0,0,0,0
62741,1,1,1990,0,0,18,0,0,0,0,0,0,0
62742,1,1,1990,20,20,20,20,20,20,20,20,20,20
62743,1,1,1990,0,0,0,0,0,0,0,0,0,0
62744,0,1,1990,0,0,0,0,0,0,0,0,0,0
62744,1,1,1990,0,0,0,0,0,0,0,0,0,0
62745,1,1,1990,11,11,11,11,11,11,11,11,11,11
62746,1,1,1990,23,23,23,23,23,23,23,23,23,23
62746,2,1,1990,0,0,0,0,0,0,0,0,0,0
62747,1,1,1990,0,0,0,0,0,0,0,0,0,0
62748,0,1,1990,0,0,0,0,0,0,0,0,0,0
62748,1,1,1990,0,19,26,0,0,12,12,0,14,7
62749,1,1,1990,22,22,22,22,22,22,22,22,22,22
62750,0,1,1990,0,0,0,0,0,0,0,0,0,0
62750,1,1,1990,0,17,0,0,30,0,0,0,0,0
62751,1,1,1990,23,23,23,23,23,23,23,23,23,23
62752,1,1,1990,24,24,24,24,24,24,24,24,24,24
62752,2,1,1990,0,0,0,0,0,0,12,0,0,9
62753,1,1,1990,14,14,14,14,14,14,14,14,14,14
62754,1,1,1990,20,20,20,20,20,20,20,20,20,20
62755,1,1,1990,19,19,19,19,19,19,19,19,19,19
62755,2,1,1990,0,0,0,0,0,0,0,0,0,0
62756,1,1,1990,16,16,16,16,16,16,16,16,16,16
62756,2,1,1990,0,0,0,0,0,0,0,0,0,0
62756,3,1,1990,0,0,0,0,0,0,0,0,0,0
62756,4,1,1990,0,0,14,0,0,0,0,0,0,0
62757,0,1,1990,0,0,0,0,0,0,0,0,0,0
62758,0,1,1990,0,0,0,0,0,0,0,0,0,0
62758,1,1,1990,28,0,0,0,0,0,0,0,0,0
62759,1,1,1990,16,16,16,16,16,16,16,16,16,16
62759,2,1,1990,0,0,0,12,0,0,0,0,0,0
62760,1,1,1990,12,6,19,5,20,8,25,13,18,24
62761,0,1,1990,2,20,23,0,0,0,0,27,0,0
62761,1,1,1990,0,0,0,0,0,12,0,0,0,0
62762,1,1,1990,22,22,22,22,22,22,22,22,22,22
62762,2,1,1990,0,0,0,0,0,0,0,0,0,0
62763,1,1,1990,0,0,0,0,0,0,0,0,0,0
62763,2,1,1990,6,6,6,6,6,6,6,6,6,6
62764,1,1,1990,17,17,17,17,17,17,17,17,17,17
62764,2,1,1990,0,0,0,0,0,0,0,0,0,0
62765,1,1,1990,5,5,5,5,5,5,5,5,5,5
62766,1,1,1990,18,18,18,18,18,18,18,18,18,18
62766,2,1,1990,13,0,31,0,26,0,12,5,12,0
62767,1,1,1990,11,13,14,14,25,14,22,17,10,28
62768,1,1,1990,26,26,26,26,26,26,26,26,26,26
62769,1,1,1990,0,0,0,0,0,0,0,0,0,0
62770,1,1,1990,0,0,0,0,0,0,0,0,0,0
62770,2,1,1990,0,0,0,0,0,0,0,0,0,0
62770,3,1,1990,21,0,0,0,0,0,0,0,0,0
62770,4,1,1990,0,0,0,0,0,0,0,0,0,0
62771,1,1,1990,0,0,0,0,0,0,5,0,0,0
62772,1,1,1990,24,24,24,24,24,24,24,24,24,24
62773,1,1,1990,13,13,13,13,13,13,13,13,13,13
62774,1,1,1990,0,0,0,21,0,4,0,0,0,0
62774,2,1,1990,0,0,0,0,0,0,0,0,0,0
62774,3,1,1990,0,0,0,0,0,0,0,0,0,0
62775,0,1,1990,14,41,0,28,29,5,7,37,36,11
62775,1,1,1990,0,0,0,0,0,0,0,0,0,0
62776,0,1,1990,23,23,23,23,23,23,23,23,23,23
62776,1,1,1990,0,0,0,0,0,0,0,0,0,0
62777,1,1,1990,0,0,0,0,0,0,0,0,0,0
62778,1,1,1990,25,25,25,25,25,25,25,25,25,25
62779,0,1,1990,0,0,0,0,0,0,0,0,0,0
62779,0,2,1990,0,0,0,0,0,0,0,0,0,0
62779,1,1,1990,0,0,0,0,0,0,0,0,0,0
62780,1,1,1990,14,14,14,14,14,14,14,14,14,14
62781,1,1,1990,5,5,5,5,5,5,5,5,5,5
62782,1,1,1990,0,0,0,0,0,0,0,0,0,0
62783,1,1,1990,0,0,0,0,0,0,0,0,0,0
62784,1,1,1990,0,0,0,0,0,0,0,0,0,0
62785,0,1,1990,0,0,0,0,0,0,0,0,0,0
62785,1,1,1990,0,0,0,0,0,0,0,0,0,0
62786,1,1,1990,0,0,0,0,0,0,0,0,0,0
62787,1,1,1990,0,0,0,0,0,0,0,0,0,0
62787,2,1,1990,14,14,14,14,14,14,14,14,14,14
62788,1,1,1990,0,0,0,0,0,0,0,0,0,0
62788,2,1,1990,0,0,0,0,0,0,0,0,0,0
62789,1,1,1990,0,0,0,0,0,0,0,0,0,0
62789,2,1,1990,0,0,0,0,0,0,0,0,0,0
62790,1,1,1990,23,23,23,23,23,23,23,23,23,23
62791,0,1,1990,27,27,27,27,27,27,27,27,27,27
62791,1,1,1990,0,0,0,3,0,0,0,0,0,0
62792,1,1,1990,4,4,4,4,4,4,4,4,4,4
62793,0,1,1990,23,23,23,23,23,23,23,23,23,23
62793,1,1,1990,11,9,0,17,7,0,18,20,0,23
62794,1,1,1990,15,15,15,15,15,15,15,15,15,15
62795,1,1,1990,6,6,6,6,6,6,6,6,6,6
62796,1,1,1990,0,0,0,0,0,0,0,0,0,0
62796,2,1,1990,0,0,0,0,0,0,0,0,0,0
62797,0,1,1990,0,0,0,0,0,0,0,0,0,0
62797,1,1,1990,0,0,0,0,0,0,0,0,0,0
62797,2,1,1990,20,21,0,9,0,10,15,22,0,13
62798,1,1,1990,0,0,0,0,16,0,0,0,0,0
62798,2,1,1990,0,0,15,0,0,0,0,0,0,0
62799,1,1,1990,13,0,13,0,10,12,15,12,0,14
62799,2,1,1990,28,13,8,16,0,0,6,12,12,6
62800,1,1,1990,18,18,18,18,18,18,18,18,18,18
62801,1,1,1990,0,0,0,0,0,0,0,0,0,0
62802,0,1,1990,0,0,0,0,0,0,0,0,0,0
62802,1,1,1990,13,13,13,13,13,13,13,13,13,13
62803,1,1,1990,0,0,0,0,0,0,0,0,0,0
62804,1,1,1990,7,7,7,7,7,7,7,7,7,7
62805,1,1,1990,5,0,0,0,0,0,0,0,0,4
62805,2,1,1990,0,0,7,0,0,0,0,4,0,3
62806,1,1,1990,0,0,0,0,0,0,0,0,0,0
62806,2,1,1990,0,0,0,0,0,0,14,0,0,0
62807,1,1,1990,0,0,0,0,0,0,0,0,0,0
62807,2,1,1990,0,0,0,0,0,0,0,0,0,0
62808,1,1,1990,15,15,15,15,15,15,15,15,15,15
62808,2,1,1990,0,0,0,0,0,0,0,0,0,0
62809,1,1,1990,19,19,19,19,19,19,19,19,19,19
62810,0,1,1990,0,0,0,0,0,0,0,0,0,0
62810,1,1,1990,0,0,0,0,0,0,0,0,0,13
62811,1,1,1990,18,18,18,18,18,18,18,18,18,18
62812,1,1,1990,0,0,0,0,0,0,0,0,0,0
62812,2,1,1990,0,0,0,0,0,0,0,0,0,0
62813,1,1,1990,9,9,9,9,9,9,9,9,9,9
62814,1,1,1990,48,48,48,48,48,48,48,48,48,48
62814,2,1,1990,0,0,0,0,0,0,0,0,0,0
62815,1,1,1990,0,0,0,0,0,0,0,0,0,0
62816,0,1,1990,0,10,16,17,18,32,18,17,4,15
62816,1,1,1990,23,0,11,0,24,14,0,0,0,4
62817,1,1,1990,0,0,0,0,0,0,0,0,0,0
62818,1,1,1990,0,0,0,0,0,0,0,0,0,0
62819,1,1,1990,15,15,0,7,0,0,13,0,13,0
62820,1,1,1990,13,18,4,0,13,31,17,15,0,7
62821,1,1,1990,0,0,0,0,0,0,0,0,0,0
62822,1,1,1990,4,4,4,4,4,4,4,4,4,4
62822,2,1,1990,6,6,6,6,6,6,6,6,6,6
62823,1,1,1990,0,0,0,0,0,0,0,0,0,0
62824,1,1,1990,0,0,0,0,0,0,0,0,0,0
62825,1,1,1990,0,0,0,0,11,27,0,0,0,13
62826,1,1,1990,0,0,0,0,0,0,0,0,0,0
62827,1,1,1990,0,0,0,0,0,0,0,0,0,0
62827,2,1,1990,0,0,0,0,0,0,0,0,0,0
62828,0,1,1990,0,0,0,0,0,0,0,0,0,0
62828,1,1,1990,0,0,0,0,0,0,0,0,0,0
62829,1,1,1990,27,27,27,27,27,27,27,27,27,27
62830,1,1,1990,7,7,7,7,7,7,7,7,7,7
62830,2,1,1990,0,0,0,0,0,0,0,0,0,0
62831,0,1,1990,13,13,13,13,13,13,13,13,13,13
62831,1,1,1990,18,30,15,0,19,28,0,11,14,0
62832,1,1,1990,11,11,11,11,11,11,11,11,11,11
62833,1,1,1990,12,6,27,20,0,0,0,21,16,9
62834,1,1,1990,14,14,14,14,14,14,14,14,14,14
62835,1,1,1990,16,16,16,16,16,16,16,16,16,16
62836,1,1,1990,29,29,29,29,29,29,29,29,29,29
62837,1,1,1990,5,0,0,0,0,0,0,0,15,0
62837,2,1,1990,0,0,0,0,0,0,0,0,0,0
62838,0,1,1990,0,0,0,0,0,0,0,0,0,0
62838,1,1,1990,7,14,28,9,0,9,0,25,36,0
62839,1,1,1990,0,0,0,0,0,0,0,0,0,0
62840,1,1,1990,13,13,13,13,13,13,13,13,13,13
62841,0,1,1990,0,0,0,0,0,0,0,0,0,0
62841,1,1,1990,6,0,12,19,7,0,7,13,23,0
62842,1,1,1990,0,0,0,0,0,0,0,0,0,0
62843,1,1,1990,8,8,8,8,8,8,8,8,8,8
62844,0,1,1990,14,14,14,14,14,14,14,14,14,14
62844,1,1,1990,0,13,0,0,0,0,0,20,21,0
62845,1,1,1990,0,0,0,0,0,0,0,0,0,0
62845,2,1,1990,0,0,0,0,0,0,0,0,0,0
62846,0,1,1990,0,0,0,0,0,0,0,0,0,0
62846,1,1,1990,0,0,0,0,0,0,0,0,0,0
62847,1,1,1990,0,0,0,0,0,0,0,21,0,0
62848,1,1,1990,26,26,26,26,26,26,26,26,26,26
62849,1,1,1990,0,0,0,0,0,0,0,0,0,0
62849,2,1,1990,0,0,0,0,0,0,0,0,0,0
62850,0,1,1990,0,0,0,0,0,0,0,0,0,0
62850,1,1,1990,0,0,0,0,0,0,0,0,0,0
62851,1,1,1990,0,0,0,0,0,0,0,0,0,0
62851,2,1,1990,0,0,0,0,0,0,0,0,0,0
62852,0,1,1990,8,8,8,8,8,8,8,8,8,8
62852,1,1,1990,0,0,0,0,0,9,0,0,0,0
62853,1,1,1990,29,29,29,29,29,29,29,29,29,29
62854,1,1,1990,17,17,17,17,17,17,17,17,17,17
62854,2,1,1990,0,0,0,0,6,0,0,0,0,0
62855,1,1,1990,0,12,19,3,0,0,14,0,20,0
62856,0,1,1990,22,22,22,22,22,22,22,22,22,22
62856,1,1,1990,0,0,0,7,25,0,0,0,22,20
62857,1,1,1990,0,0,0,0,0,0,0,0,0,0
62857,2,1,1990,0,0,0,0,0,0,0,0,0,0
62858,1,1,1990,0,0,0,0,0,0,0,0,0,0
62858,2,1,1990,3,0,0,0,0,0,0,0,0,0
62858,3,1,1990,0,0,0,0,0,0,0,0,0,0
62859,1,1,1990,0,0,0,0,0,0,0,0,0,0
62859,2,1,1990,0,0,0,0,0,0,0,0,0,0
62860,1,1,1990,22,22,22,22,22,22,22,22,22,22
62861,0,1,1990,0,0,0,0,0,0,0,0,0,0
62861,0,2,1990,0,0,0,0,0,0,0,0,0,0
62861,1,1,1990,0,0,0,0,0,11,0,0,0,0
62862,1,1,1990,16,16,16,16,16,16,16,16,16,16
62863,1,1,1990,0,0,0,0,0,0,0,0,0,0
62863,2,1,1990,0,0,0,0,0,0,0,0,0,0
62864,1,1,1990,15,15,15,15,15,15,15,15,15,15
62865,0,1,1990,0,0,0,0,0,0,0,0,0,0
62865,1,1,1990,0,0,0,0,0,0,0,0,0,0
62866,1,1,1990,10,10,10,10,10,10,10,10,10,10
62867,0,1,1990,7,7,7,7,7,7,7,7,7,7
62867,1,1,1990,12,0,0,0,4,0,0,0,0,11
62868,0,1,1990,0,0,0,0,0,0,0,0,0,0
62868,1,1,1990,0,0,0,12,0,0,0,0,0,0
62869,1,1,1990,16,16,16,16,16,16,16,16,16,16
62870,1,1,1990,13,13,13,13,13,13,13,13,13,13
62870,2,1,1990,0,0,0,0,0,0,0,0,0,0
62871,1,1,1990,0,0,0,0,0,0,0,0,0,0
62872,1,1,1990,12,12,12,12,12,12,12,12,12,12
62873,1,1,1990,17,17,17,17,17,17,17,17,17,17
62873,2,1,1990,0,0,0,0,0,0,0,0,0,0
62874,1,1,1990,0,0,0,0,0,0,0,0,0,0
62874,2,1,1990,0,0,0,0,0,0,0,0,0,0
62874,3,1,1990,0,0,0,0,0,0,0,0,0,0
62875,0,1,1990,0,0,25,0,28,0,0,0,0,0
62875,0,2,1990,0,0,0,0,0,0,0,0,0,0
62875,1,1,1990,0,0,0,0,0,0,0,0,0,0
62876,1,1,1990,15,15,15,15,15,15,15,15,15,15
62877,1,1,1990,0,0,0,0,0,0,0,0,0,0
62877,2,1,1990,0,0,0,0,0,14,0,0,0,0
62878,1,1,1990,0,0,0,0,0,0,0,0,0,0
62879,1,1,1990,0,0,0,0,0,0,0,0,0,0
62879,2,1,1990,0,0,0,0,0,0,0,0,0,0
62880,1,1,1990,2,2,2,2,2,2,2,2,2,2
62881,1,1,1990,0,0,0,0,0,0,0,0,0,0