ST_CASE,VEH_NO,PER_NO,YEAR,P1,P2,P3,P4,P5,P6,P7,P8,P9,P10
63664,1,1,1990,0,0,0,0,0,0,0,0,0,21
63665,1,1,1990,0,0,0,0,0,0,0,0,0,0
63665,2,1,1990,0,0,0,0,0,0,0,0,0,0
63666,1,1,1990,13,13,13,13,13,13,13,13,13,13
63667,1,1,1990,0,0,13,0,0,0,0,0,0,0
63668,0,1,1990,0,0,0,0,0,0,0,0,0,0
63668,1,1,1990,5,26,23,14,12,26,19,15,3,16
63669,1,1,1990,0,0,0,0,0,0,0,0,0,0
63669,2,1,1990,0,0,0,0,0,0,0,0,0,12
63670,1,1,1990,0,0,0,0,0,0,0,0,26,15
63670,2,1,1990,0,0,0,0,0,0,0,0,0,0
63670,3,1,1990,0,0,0,0,10,0,0,0,0,0
63671,1,1,1990,0,0,0,0,0,0,0,0,0,0
63672,1,1,1990,0,16,0,0,6,17,37,10,20,22
63672,2,1,1990,0,0,0,0,0,0,0,0,0,0
63672,3,1,1990,0,0,0,0,0,0,0,0,0,0
63673,1,1,1990,20,20,20,20,20,20,20,20,20,20
63674,0,1,1990,19,19,19,19,19,19,19,19,19,19
63674,1,1,1990,17,19,0,0,0,0,0,0,0,0
63675,1,1,1990,3,3,3,3,3,3,3,3,3,3
63676,0,1,1990,0,0,0,0,0,0,0,0,0,0
63676,1,1,1990,0,15,10,10,0,0,16,0,11,21
63677,1,1,1990,0,0,0,0,0,0,0,0,0,0
63678,1,1,1990,0,0,0,0,0,0,0,0,0,0
63679,1,1,1990,0,0,0,0,0,0,0,0,0,0
63679,2,1,1990,25,0,0,0,0,0,0,0,0,0
63680,0,1,1990,17,20,6,17,40,0,8,32,22,14
63680,0,2,1990,0,0,25,10,0,0,35,32,34,21
63680,1,1,1990,5,0,0,0,0,0,0,0,0,11
63681,1,1,1990,14,14,14,14,14,14,14,14,14,14
63682,1,1,1990,0,0,0,0,0,0,0,0,0,0
63683,1,1,1990,0,0,0,0,0,0,0,0,0,0
63684,1,1,1990,0,0,0,0,0,0,23,0,0,0
63685,1,1,1990,25,25,25,25,25,25,25,25,25,25
63686,1,1,1990,17,17,17,17,17,17,17,17,17,17
63686,2,1,1990,0,0,0,0,0,0,0,0,0,0
63687,0,1,1990,0,0,0,0,0,0,0,0,0,0
63687,1,1,1990,14,17,0,8,18,0,0,6,10,40
63687,2,1,1990,0,0,0,0,0,0,0,0,0,0
63687,3,1,1990,0,0,0,0,0,0,0,0,0,0
63688,1,1,1990,27,27,27,27,27,27,27,27,27,27
63690,0,1,1990,0,0,0,0,0,0,0,0,0,0
63690,1,1,1990,0,0,0,0,0,0,0,0,0,0
63691,1,1,1990,0,0,0,0,13,0,0,15,0,0
63691,2,1,1990,15,15,15,15,15,15,15,15,15,15
63691,3,1,1990,0,0,0,0,0,4,0,0,0,0
63692,0,1,1990,0,0,0,0,0,0,0,0,0,0
63692,1,1,1990,0,0,0,0,0,15,0,0,0,0
63693,1,1,1990,13,13,13,13,13,13,13,13,13,13
63694,1,1,1990,0,0,0,0,0,0,0,0,0,0
63694,2,1,1990,0,0,0,0,0,0,0,0,0,0
63695,1,1,1990,0,0,0,0,0,0,0,0,0,0
63695,2,1,1990,0,0,0,0,0,0,0,0,0,0
63696,1,1,1990,0,0,0,0,0,0,0,0,0,0
63696,2,1,1990,0,0,0,0,0,0,0,0,0,0
63697,1,1,1990,0,0,0,0,0,0,0,0,0,0
63697,2,1,1990,0,0,0,0,0,0,0,0,0,0
63698,1,1,1990,0,0,0,0,0,0,0,0,0,0
63698,2,1,1990,0,0,0,0,0,0,0,0,0,0
63698,3,1,1990,0,0,0,0,0,0,0,0,0,0
63698,4,1,1990,0,0,0,0,0,0,0,0,0,0
63699,1,1,1990,7,7,7,7,7,7,7,7,7,7
63700,1,1,1990,8,8,8,8,8,8,8,8,8,8
63701,1,1,1990,0,0,0,0,0,0,0,0,0,0
63702,0,1,1990,0,0,0,0,0,0,0,0,0,0
63702,1,1,1990,0,0,0,0,0,0,0,0,0,0
63702,2,1,1990,0,0,0,0,0,0,0,0,0,0
63703,0,1,1990,23,0,0,0,0,0,27,0,0,0
63703,1,1,1990,0,0,0,0,0,11,0,0,0,0
63704,0,1,1990,0,0,0,0,0,0,0,0,0,0
63704,1,1,1990,0,0,0,0,0,0,0,0,0,0
63705,0,1,1990,0,0,0,0,0,0,0,0,0,0
63705,1,1,1990,0,0,0,0,0,0,0,0,0,0
63706,1,1,1990,0,0,0,0,0,0,0,0,0,0
63707,1,1,1990,0,0,0,0,0,0,0,0,0,0
63707,2,1,1990,0,0,0,0,0,0,0,0,0,0
63708,1,1,1990,0,0,0,0,0,0,0,0,0,0
63708,2,1,1990,0,0,0,0,0,0,0,0,0,0
63709,1,1,1990,0,0,0,0,0,0,0,0,0,0
63709,2,1,1990,0,0,0,0,0,0,0,0,0,0
63709,3,1,1990,0,0,0,0,0,0,0,0,0,0
63710,1,1,1990,18,0,0,0,0,0,0,0,0,12
63710,2,1,1990,0,0,0,0,0,0,0,0,0,0
63710,3,1,1990,0,18,0,0,0,0,0,0,0,0
63711,0,1,1990,0,0,0,0,0,0,0,0,0,0
63711,1,1,1990,0,0,0,0,0,0,0,0,0,12
63712,1,1,1990,0,0,0,0,0,0,0,0,0,0
63712,2,1,1990,0,0,0,0,0,0,0,19,0,0
63713,1,1,1990,0,0,0,0,0,0,0,0,0,0
63713,2,1,1990,0,0,0,0,0,0,0,0,0,0
63714,1,1,1990,0,0,0,0,0,0,0,0,0,0
63714,2,1,1990,0,0,20,0,27,0,0,23,8,0
63715,1,1,1990,0,0,0,0,0,0,0,0,0,0
63715,2,1,1990,0,0,0,0,0,0,0,0,0,0
63715,3,1,1990,0,0,0,0,0,0,0,0,0,0
63716,1,1,1990,0,0,0,0,0,0,0,0,0,0
63716,2,1,1990,0,0,0,20,0,0,0,0,0,0
63716,3,1,1990,0,0,0,0,0,0,0,7,0,5
63717,0,1,1990,0,0,0,0,0,0,0,0,0,0
63717,1,1,1990,0,0,0,0,0,0,0,0,0,0
63718,0,1,1990,0,0,0,0,0,0,0,0,0,0
63718,1,1,1990,0,0,0,0,0,0,0,0,0,0
63719,1,1,1990,16,16,16,16,16,16,16,16,16,16
63720,1,1,1990,0,0,0,0,0,0,0,0,0,0
63720,2,1,1990,0,0,0,0,0,0,0,12,0,0
63721,1,1,1990,0,0,0,0,0,0,0,0,0,0
63721,2,1,1990,0,0,0,0,0,0,0,0,0,0
63722,0,1,1990,0,0,0,0,0,0,0,0,0,0
63722,1,1,1990,5,0,0,0,0,0,0,0,0,8
63723,1,1,1990,0,0,0,0,0,0,0,0,0,0
63724,1,1,1990,16,16,16,16,16,16,16,16,16,16
63724,2,1,1990,0,0,0,0,0,0,0,0,0,0
63725,0,1,1990,0,0,0,0,0,0,0,0,0,0
63725,1,1,1990,0,0,0,0,0,0,0,0,0,0
63726,0,1,1990,0,0,0,0,0,0,0,22,0,0
63726,0,2,1990,0,5,20,0,0,0,0,0,0,0
63726,1,1,1990,16,10,7,7,6,13,13,0,4,8
63727,1,1,1990,0,0,0,0,0,0,0,0,0,0
63728,1,1,1990,0,0,0,0,0,0,0,0,0,0
63728,2,1,1990,0,0,0,0,0,0,0,0,0,0
63729,0,1,1990,27,27,27,27,27,27,27,27,27,27
63729,1,1,1990,13,0,8,8,0,16,0,11,12,20
63730,0,1,1990,0,0,0,0,0,0,0,0,0,0
63730,1,1,1990,0,0,0,0,25,8,0,0,0,0
63731,0,1,1990,0,0,0,0,0,0,0,0,0,0
63731,1,1,1990,0,0,0,0,0,0,0,0,0,0
63732,0,1,1990,0,0,0,0,0,0,0,0,0,0
63732,1,1,1990,28,28,28,28,28,28,28,28,28,28
63733,0,1,1990,8,8,8,8,8,8,8,8,8,8
63733,1,1,1990,0,0,0,0,0,0,0,0,0,0
63734,0,1,1990,13,13,13,13,13,13,13,13,13,13
63734,1,1,1990,22,7,0,17,21,27,18,0,2,17
63735,1,1,1990,13,13,13,13,13,13,13,13,13,13
63735,2,1,1990,0,0,5,10,0,0,0,0,0,0
63736,1,1,1990,6,6,6,6,6,6,6,6,6,6
63736,2,1,1990,0,0,0,0,0,0,0,0,0,0
63737,1,1,1990,0,0,0,0,0,0,0,0,0,0
63738,1,1,1990,6,6,6,6,6,6,6,6,6,6
63739,1,1,1990,23,23,23,23,23,23,23,23,23,23
63739,2,1,1990,0,0,0,0,0,0,0,0,0,0
63740,1,1,1990,0,0,0,0,0,0,0,0,0,0
63740,2,1,1990,0,0,0,0,0,0,0,0,0,0
63741,0,1,1990,0,0,0,0,0,0,0,0,0,0
63741,0,2,1990,28,0,0,0,0,0,0,0,0,0
63741,1,1,1990,3,3,3,3,3,3,3,3,3,3
63742,1,1,1990,0,0,0,0,0,0,0,0,0,0
63743,1,1,1990,17,17,17,17,17,17,17,17,17,17
63744,1,1,1990,13,13,13,13,13,13,13,13,13,13
63745,1,1,1990,12,12,12,12,12,12,12,12,12,12
63746,1,1,1990,26,26,26,26,26,26,26,26,26,26
63746,2,1,1990,0,0,0,0,0,0,0,0,0,0
63747,1,1,1990,14,14,14,14,14,14,14,14,14,14
63747,2,1,1990,8,8,8,8,8,8,8,8,8,8
63748,1,1,1990,0,0,7,19,12,0,6,23,24,32
63748,2,1,1990,0,0,0,0,0,0,0,0,0,0
63749,1,1,1990,4,4,4,4,4,4,4,4,4,4
63750,0,1,1990,0,0,0,0,0,0,0,0,0,0
63750,1,1,1990,12,12,12,12,12,12,12,12,12,12
63751,1,1,1990,0,0,0,0,0,0,0,0,0,0
63751,2,1,1990,0,8,0,0,0,0,0,0,0,4
63751,3,1,1990,0,0,0,0,0,0,0,0,0,0
63752,1,1,1990,0,0,0,0,0,0,0,0,0,0
63752,2,1,1990,16,16,16,16,16,16,16,16,16,16
63753,1,1,1990,6,6,6,6,6,6,6,6,6,6
63754,1,1,1990,0,0,13,5,2,0,0,14,0,0
63754,2,1,1990,0,0,0,0,0,0,0,0,0,0
63755,1,1,1990,0,0,0,0,0,0,0,0,0,0
63756,1,1,1990,10,10,10,10,10,10,10,10,10,10
63756,2,1,1990,0,10,0,0,0,0,0,0,0,0
63756,3,1,1990,0,0,0,0,0,0,0,0,0,0
63757,1,1,1990,24,24,24,24,24,24,24,24,24,24
63758,1,1,1990,12,12,12,12,12,12,12,12,12,12
63758,2,1,1990,15,0,0,0,0,0,8,0,0,20
63759,1,1,1990,0,0,0,0,0,0,0,13,0,0
63759,2,1,1990,1,1,1,1,1,1,1,1,1,1
63760,1,1,1990,23,23,23,23,23,23,23,23,23,23
63761,1,1,1990,15,15,15,15,15,15,15,15,15,15
63762,0,1,1990,0,0,0,0,0,0,0,0,0,0
63762,1,1,1990,0,0,0,0,0,0,0,0,0,0
63763,0,1,1990,10,10,10,10,10,10,10,10,10,10
63763,0,2,1990,0,0,0,0,0,0,0,0,0,0
63763,0,3,1990,0,0,0,0,0,0,0,0,0,0
63763,1,1,1990,0,0,14,8,0,0,0,0,0,0
63764,1,1,1990,0,0,0,0,0,0,0,0,0,0
63764,2,1,1990,0,0,0,0,0,0,0,0,0,0
63765,1,1,1990,24,24,24,24,24,24,24,24,24,24
63766,1,1,1990,0,0,0,0,0,0,0,0,0,0
63767,1,1,1990,19,19,19,19,19,19,19,19,19,19
63768,1,1,1990,0,0,0,0,0,0,0,0,0,0
63768,2,1,1990,0,0,0,0,0,0,0,0,0,0
63768,3,1,1990,0,0,0,0,0,0,0,0,22,0
63768,4,1,1990,0,0,0,0,0,0,0,0,0,0
63769,1,1,1990,0,0,0,0,0,0,0,0,0,0
63769,2,1,1990,0,0,0,0,0,0,0,0,0,0
63770,0,1,1990,0,0,0,0,0,0,0,0,0,0
63770,1,1,1990,0,0,0,0,0,0,0,0,9,0
63771,0,1,1990,0,0,0,0,0,0,0,0,0,0
63771,1,1,1990,19,19,19,19,19,19,19,19,19,19
63772,1,1,1990,0,0,0,0,0,0,0,0,0,0
63773,1,1,1990,3,17,5,0,13,0,8,0,7,4
63773,2,1,1990,3,20,19,0,10,16,0,0,27,11
63774,1,1,1990,14,14,14,14,14,14,14,14,14,14
63774,2,1,1990,0,0,0,0,0,4,22,0,0,0
63775,1,1,1990,10,10,10,10,10,10,10,10,10,10
63775,2,1,1990,13,13,13,13,13,13,13,13,13,13
63776,1,1,1990,0,0,0,0,0,0,0,0,0,0
63777,0,1,1990,0,0,0,0,0,0,0,0,0,0
63777,1,1,1990,19,10,0,23,19,28,0,13,17,8
63778,1,1,1990,15,15,15,15,15,15,15,15,15,15
63779,1,1,1990,0,0,0,0,0,0,0,0,0,0
63779,2,1,1990,0,0,0,0,0,0,0,0,0,0
63780,1,1,1990,0,0,0,0,0,0,0,0,0,0
63780,2,1,1990,0,0,0,0,0,0,0,0,0,0
63781,1,1,1990,0,0,0,0,0,0,0,0,0,0
63781,2,1,1990,16,17,6,6,9,10,6,0,0,11
63782,1,1,1990,15,15,15,15,15,15,15,15,15,15
63782,2,1,1990,0,0,0,0,0,0,0,0,0,0
63783,1,1,1990,0,0,0,0,0,0,0,0,0,0
63783,2,1,1990,10,0,0,0,0,12,18,0,0,0
63784,1,1,1990,10,13,0,26,6,8,16,20,8,4
63785,0,1,1990,18,18,18,18,18,18,18,18,18,18
63785,1,1,1990,0,0,0,0,0,0,0,0,0,0
63786,1,1,1990,21,21,21,21,21,21,21,21,21,21
63786,2,1,1990,0,0,0,0,0,0,0,0,0,0
63787,1,1,1990,19,19,19,19,19,19,19,19,19,19
63787,2,1,1990,9,0,0,0,12,26,12,35,0,0
63788,0,1,1990,0,0,0,0,0,0,0,0,0,0
63788,1,1,1990,0,0,0,10,0,0,0,14,0,0
63789,0,1,1990,0,0,0,0,0,0,0,0,0,0
63789,1,1,1990,0,0,12,0,0,0,0,0,0,0
63790,1,1,1990,0,0,0,0,0,0,0,0,0,0
63790,2,1,1990,0,0,0,0,0,0,0,0,0,0
63791,1,1,1990,16,0,26,0,12,15,12,10,15,17
63791,2,1,1990,0,0,0,0,0,0,0,0,0,0
63792,0,1,1990,24,24,24,24,24,24,24,24,24,24
63792,1,1,1990,24,0,0,16,11,0,0,27,7,0
63792,2,1,1990,0,0,0,0,6,30,0,0,0,0
63793,1,1,1990,17,17,17,17,17,17,17,17,17,17
63794,1,1,1990,0,0,0,0,0,0,0,0,0,0
63794,2,1,1990,0,0,0,0,0,0,0,0,0,0
63795,1,1,1990,0,0,0,0,0,0,0,0,0,0
63796,1,1,1990,17,17,17,17,17,17,17,17,17,17
63796,2,1,1990,0,0,0,0,0,0,0,0,0,0
63797,1,1,1990,7,7,7,7,7,7,7,7,7,7
63798,1,1,1990,0,0,0,0,0,0,0,0,0,0
63799,1,1,1990,24,24,24,24,24,24,24,24,24,24
63800,1,1,1990,6,3,0,15,20,19,8,2,10,23
63800,2,1,1990,0,10,5,0,0,0,0,0,13,0
63801,0,1,1990,0,0,0,0,0,0,0,0,0,0
63801,1,1,1990,0,0,0,0,0,0,0,0,0,0
63802,1,1,1990,19,19,19,19,19,19,19,19,19,19
63802,2,1,1990,0,0,0,0,0,0,0,0,0,0
63803,1,1,1990,4,4,4,4,4,4,4,4,4,4
63804,1,1,1990,16,16,16,16,16,16,16,16,16,16
63805,0,1,1990,0,0,0,0,0,0,0,0,0,0
63805,1,1,1990,0,0,13,0,0,0,0,0,0,0
63806,1,1,1990,2,2,2,2,2,2,2,2,2,2
63807,1,1,1990,0,0,0,0,0,0,0,0,0,0
63808,1,1,1990,0,0,0,0,0,0,0,0,0,0
63808,2,1,1990,0,0,0,0,0,0,0,0,0,0
63809,1,1,1990,0,0,0,0,0,19,0,0,0,0
63809,2,1,1990,6,0,0,0,0,0,0,0,0,0
63810,1,1,1990,0,0,0,0,0,0,0,0,0,0
63810,2,1,1990,0,0,0,0,0,0,0,0,0,0
63811,1,1,1990,0,0,0,0,0,0,0,0,0,0
63811,2,1,1990,0,0,0,0,0,0,0,0,0,0
63812,1,1,1990,16,16,16,16,16,16,16,16,16,16
63813,1,1,1990,0,0,0,0,0,0,0,0,0,0
63813,2,1,1990,1,1,1,1,1,1,1,1,1,1
63814,1,1,1990,0,0,0,0,0,0,0,0,0,0
63815,1,1,1990,0,0,0,0,0,0,0,0,0,0
63815,2,1,1990,0,0,7,0,0,0,0,0,0,0
63816,0,1,1990,25,25,25,25,25,25,25,25,25,25
63816,1,1,1990,16,0,0,0,0,0,0,0,0,7
63817,1,1,1990,10,10,10,10,10,10,10,10,10,10
63818,0,1,1990,4,4,4,4,4,4,4,4,4,4
63818,1,1,1990,0,9,0,0,0,0,0,0,0,0
63819,1,1,1990,12,12,12,12,12,12,12,12,12,12
63819,2,1,1990,0,0,0,0,0,0,0,0,16,0
63820,1,1,1990,0,0,0,0,0,0,0,0,0,0
63821,1,1,1990,0,0,0,0,0,0,0,0,0,0
63821,2,1,1990,0,0,0,0,0,0,0,0,0,0
63822,1,1,1990,27,27,27,27,27,27,27,27,27,27
63823,1,1,1990,0,0,20,0,0,0,0,0,0,5
63823,2,1,1990,0,0,0,0,0,0,0,0,0,0
63824,1,1,1990,0,0,0,0,0,0,0,0,0,0
63824,2,1,1990,0,0,0,9,0,0,0,0,7,0
63824,3,1,1990,0,0,0,0,11,0,0,0,0,0
63825,0,1,1990,39,39,39,39,39,39,39,39,39,39
63825,1,1,1990,0,21,0,0,0,0,0,0,0,0
63826,0,1,1990,0,0,0,0,0,0,0,0,11,0
63826,1,1,1990,0,0,0,0,0,20,0,2,0,0
63827,1,1,1990,19,19,19,19,19,19,19,19,19,19
63828,1,1,1990,28,28,28,28,28,28,28,28,28,28
63829,1,1,1990,0,0,0,0,0,0,0,0,0,0
63830,0,1,1990,0,0,0,0,0,0,0,0,0,0
63830,1,1,1990,0,0,0,0,0,0,0,0,0,0
63831,1,1,1990,20,20,20,20,20,20,20,20,20,20
63832,1,1,1990,23,23,23,23,23,23,23,23,23,23
63833,1,1,1990,17,17,17,17,17,17,17,17,17,17
63834,1,1,1990,0,12,0,0,0,0,0,0,0,0
63834,2,1,1990,0,0,0,0,0,0,0,0,0,0
63835,1,1,1990,0,0,0,0,0,0,0,0,0,0
63836,0,1,1990,28,28,28,28,28,28,28,28,28,28
63836,1,1,1990,0,0,0,0,0,0,7,21,0,0
63837,1,1,1990,21,21,21,21,21,21,21,21,21,21
63838,1,1,1990,17,17,17,17,17,17,17,17,17,17
63839,0,1,1990,0,0,0,0,0,0,0,0,0,0
63839,0,2,1990,0,0,0,0,0,0,0,0,0,0
63839,0,3,1990,0,0,0,0,0,0,0,0,0,0
63839,1,1,1990,0,0,0,0,0,0,0,0,0,0
63840,1,1,1990,4,0,0,0,0,0,0,0,0,0
63841,1,1,1990,17,17,17,17,17,17,17,17,17,17
63841,2,1,1990,0,0,0,0,0,0,0,0,0,0
63841,3,1,1990,0,0,0,0,0,0,0,0,0,0
63842,0,1,1990,0,0,0,0,0,0,0,0,0,0
63842,1,1,1990,0,0,0,0,0,0,0,0,0,0
63843,0,1,1990,0,0,0,0,0,0,0,0,0,0
63843,1,1,1990,0,0,0,0,0,0,0,0,0,0
63844,0,1,1990,0,0,0,0,0,0,0,0,0,0
63844,1,1,1990,0,0,0,0,0,9,0,15,0,0
63845,1,1,1990,0,0,0,0,0,0,0,0,0,0
63845,2,1,1990,0,0,0,0,0,0,0,0,0,0
63846,0,1,1990,0,0,0,0,0,0,0,0,0,0
63846,1,1,1990,0,0,0,0,0,0,0,0,0,0
63847,0,1,1990,0,0,0,0,0,0,0,0,0,0
63847,1,1,1990,0,0,0,0,0,0,0,0,0,0
63848,1,1,1990,0,0,0,0,0,0,0,0,0,0
63848,2,1,1990,0,0,0,0,0,0,0,0,0,0
63849,1,1,1990,10,10,10,10,10,10,10,10,10,10
63849,2,1,1990,24,0,0,0,0,0,0,0,0,4
63850,1,1,1990,0,0,0,0,0,0,0,0,0,0
63850,2,1,1990,0,0,0,0,0,0,0,0,0,0
63851,1,1,1990,13,13,13,13,13,13,13,13,13,13
63852,1,1,1990,19,19,19,19,19,19,19,19,19,19
63853,1,1,1990,3,3,3,3,3,3,3,3,3,3
63854,1,1,1990,7,7,7,7,7,7,7,7,7,7
63855,1,1,1990,0,0,0,0,0,0,0,0,0,0
63855,2,1,1990,0,0,0,0,0,0,0,0,0,0
63855,3,1,1990,0,0,0,0,0,0,0,0,0,0
63856,1,1,1990,13,13,13,13,13,13,13,13,13,13
63856,2,1,1990,0,0,0,0,0,0,0,0,0,0
63858,1,1,1990,0,0,0,0,0,0,0,0,0,0
63858,2,1,1990,0,0,0,0,0,0,0,0,0,0
63859,1,1,1990,13,13,13,13,13,13,13,13,13,13
63859,2,1,1990,0,0,0,0,0,0,0,0,0,0
63860,1,1,1990,19,19,19,19,19,19,19,19,19,19
63860,2,1,1990,0,0,0,0,0,0,0,0,0,0
63861,1,1,1990,0,0,0,0,0,0,0,0,0,0
63861,2,1,1990,0,0,0,0,0,0,0,0,0,0
63862,1,1,1990,14,14,14,14,14,14,14,14,14,14
63862,2,1,1990,0,0,0,0,0,12,0,0,0,0
63863,1,1,1990,18,18,18,18,18,18,18,18,18,18
63864,1,1,1990,21,21,21,21,21,21,21,21,21,21
63865,1,1,1990,12,12,12,12,12,12,12,12,12,12
63865,2,1,1990,23,23,23,23,23,23,23,23,23,23
63866,1,1,1990,0,0,0,0,0,0,0,0,0,0
63867,1,1,1990,28,28,28,28,28,28,28,28,28,28
63867,2,1,1990,0,0,0,0,0,0,0,0,0,0
63868,1,1,1990,0,0,0,0,0,0,0,0,0,0
63869,0,1,1990,23,32,30,34,0,0,11,0,19,11
63869,1,1,1990,0,0,0,0,0,0,0,0,0,0
63870,1,1,1990,0,0,0,0,0,0,0,0,0,0
63871,1,1,1990,0,0,0,0,0,0,0,0,0,0
63871,2,1,1990,0,0,0,0,0,0,0,0,0,0
63872,1,1,1990,0,0,0,0,0,0,0,0,0,5
63873,1,1,1990,0,0,0,0,0,0,0,0,0,0
63873,2,1,1990,0,0,0,0,0,0,0,0,19,0
63874,0,1,1990,32,32,32,32,32,32,32,32,32,32
63874,1,1,1990,0,0,0,0,0,0,7,0,0,0
63875,1,1,1990,14,14,14,14,14,14,14,14,14,14
63876,1,1,1990,0,0,0,0,0,0,0,0,0,0
63876,2,1,1990,0,0,0,0,0,0,0,0,0,0
63877,1,1,1990,25,25,25,25,25,25,25,25,25,25
63877,2,1,1990,10,10,10,10,10,10,10,10,10,10
63878,1,1,1990,0,0,0,0,0,0,0,0,0,0
63879,1,1,1990,0,0,0,0,0,0,0,0,0,0
63880,1,1,1990,15,15,15,15,15,15,15,15,15,15
63881,1,1,1990,25,25,25,25,25,25,25,25,25,25
63882,1,1,1990,13,13,13,13,13,13,13,13,13,13
63882,2,1,1990,0,0,0,0,0,0,0,0,0,0
63883,1,1,1990,0,0,0,0,0,0,0,0,0,0
63883,2,1,1990,0,0,0,0,0,0,0,18,0,0
63884,1,1,1990,0,0,0,0,0,0,0,0,0,0
63885,1,1,1990,10,23,26,13,31,6,25,4,40,15
63885,2,1,1990,0,0,0,0,0,0,0,0,0,0
63886,0,1,1990,0,0,0,0,0,0,0,0,0,0
63886,1,1,1990,0,0,0,0,0,0,0,0,0,0
63887,1,1,1990,9,9,9,9,9,9,9,9,9,9
63888,1,1,1990,15,15,15,15,15,15,15,15,15,15
63888,2,1,1990,28,14,14,0,22,0,9,14,0,0
63889,0,1,1990,20,20,20,20,20,20,20,20,20,20
63889,0,2,1990,35,22,7,13,28,26,25,25,20,24
63889,1,1,1990,9,9,9,9,9,9,9,9,9,9
63890,1,1,1990,12,12,12,12,12,12,12,12,12,12
63890,2,1,1990,0,0,0,0,0,0,0,0,0,0
63891,0,1,1990,0,0,0,0,0,0,0,0,0,0
63891,1,1,1990,0,0,0,0,0,0,0,0,0,0
63892,0,1,1990,0,0,0,0,0,0,0,0,0,0
63892,1,1,1990,0,0,0,0,0,0,0,0,0,0
63893,0,1,1990,0,0,0,0,0,0,0,0,0,0
63894,1,1,1990,11,11,11,11,11,11,11,11,11,11
63894,2,1,1990,0,0,0,0,0,0,0,0,14,0
63894,3,1,1990,0,0,0,0,0,0,0,8,0,0
63895,0,1,1990,17,14,8,8,10,16,11,0,23,15
63895,1,1,1990,0,0,0,0,0,0,0,0,0,0
63896,0,1,1990,25,25,25,25,25,25,25,25,25,25
63896,1,1,1990,0,0,9,0,0,0,0,0,0,0
63897,1,1,1990,25,25,25,25,25,25,25,25,25,25
63897,2,1,1990,0,17,0,0,0,0,0,0,0,0
63898,1,1,1990,0,0,0,0,0,0,0,0,0,0
63899,1,1,1990,0,0,0,0,0,0,0,0,0,0
63899,2,1,1990,5,5,5,5,5,5,5,5,5,5
63900,1,1,1990,0,0,0,0,0,0,0,0,0,0
63900,2,1,1990,0,0,0,0,0,0,6,0,0,0
63901,1,1,1990,2,2,2,2,2,2,2,2,2,2
63902,1,1,1990,0,0,0,0,0,0,0,0,0,0
63902,2,1,1990,0,0,13,0,0,0,6,0,0,0
63902,3,1,1990,0,0,0,0,0,0,0,0,0,0
63902,4,1,1990,0,0,0,0,0,0,0,0,0,0
63902,5,1,1990,0,0,0,0,0,0,0,0,10,0
63902,6,1,1990,0,0,0,0,0,0,15,0,0,0
63903,1,1,1990,17,17,17,17,17,17,17,17,17,17
63903,2,1,1990,0,0,0,0,0,0,0,0,0,0
63904,1,1,1990,25,25,25,25,25,25,25,25,25,25
63904,2,1,1990,0,0,0,0,0,0,0,0,0,0
63905,1,1,1990,22,22,22,22,22,22,22,22,22,22
63905,2,1,1990,0,0,0,0,0,0,0,0,0,0
63906,1,1,1990,0,0,0,0,0,0,0,0,0,0
63906,2,1,1990,0,0,0,0,0,0,0,9,0,0
63907,0,1,1990,19,19,19,19,19,19,19,19,19,19
63907,1,1,1990,1,1,1,1,1,1,1,1,1,1
63908,0,1,1990,16,0,48,12,8,6,19,24,22,19
63908,1,1,1990,4,0,17,0,0,15,0,13,26,14
63909,0,1,1990,9,9,9,9,9,9,9,9,9,9
63909,1,1,1990,0,0,18,14,0,0,0,0,0,13
63910,1,1,1990,6,6,6,6,6,6,6,6,6,6
63911,1,1,1990,0,0,0,0,0,0,0,0,0,0
63912,0,1,1990,16,19,0,6,16,0,31,0,0,0
63912,1,1,1990,0,18,0,0,0,0,0,0,17,0
63913,0,1,1990,0,0,0,0,0,0,0,0,0,0
63913,1,1,1990,0,12,0,0,0,0,0,0,0,0
63914,1,1,1990,0,0,0,0,0,0,0,0,0,0
63915,1,1,1990,24,21,16,18,10,11,32,31,0,16
63916,0,1,1990,14,14,14,14,14,14,14,14,14,14
63916,1,1,1990,0,0,0,0,0,0,0,0,0,0
63917,0,1,1990,0,0,0,0,0,0,0,0,0,0
63917,1,1,1990,0,0,0,11,0,0,0,0,0,0
63918,1,1,1990,14,14,14,14,14,14,14,14,14,14
63919,1,1,1990,0,0,0,0,0,0,0,0,0,0